{
"type": "FeatureCollection",
"name": "EMSN177_FLEX_AOI01_P02REF_HydroL_v01",
"features": [
{ "type": "Feature", "properties": { "obj_type": "Stream", "NAM": "Unknown", "HYP": "Intermittent", "det_method": "Ancillary data", "or_src_id": "994", "emsn_id": "EMSN177", "fwc_type": "FLEX", "aoi_id": "1", "name": "Derna", "country": "Libya" }, "geometry": { "type": "MultiLineString", "coordinates": [ [ [ 22.655981200000042, 32.710710400000039 ], [ 22.656303, 32.710417 ], [ 22.656426400000043, 32.710186800000031 ], [ 22.656195800000035, 32.709979200000078 ], [ 22.656045600000027, 32.709749 ], [ 22.655997300000024, 32.709491700000058 ], [ 22.656008, 32.709284100000048 ], [ 22.65599730100007, 32.709099 ], [ 22.655911400000036, 32.708913900000027 ], [ 22.655932900000039, 32.708647600000063 ], [ 22.656185, 32.708462500000053 ], [ 22.656340600000078, 32.708363200000065 ], [ 22.656168900000068, 32.708155600000055 ], [ 22.656013401000052, 32.708015700000033 ], [ 22.655954400000041, 32.707884800000045 ], [ 22.656002600000022, 32.707799 ], [ 22.656126, 32.707541700000036 ], [ 22.656018700000061, 32.707397300000025 ], [ 22.65572910000003, 32.707212200000072 ], [ 22.655498400000056, 32.707090300000061 ], [ 22.655450101000042, 32.706824 ], [ 22.655460800000071, 32.706517100000042 ] ] ] } },
{ "type": "Feature", "properties": { "obj_type": "Stream", "NAM": "Unknown", "HYP": "Intermittent", "det_method": "Photo-interpretation", "or_src_id": "1", "emsn_id": "EMSN177", "fwc_type": "FLEX", "aoi_id": "1", "name": "Derna", "country": "Libya" }, "geometry": { "type": "MultiLineString", "coordinates": [ [ [ 22.665219800000045, 32.735905818000049 ], [ 22.665107511000031, 32.735940718000052 ], [ 22.664872530000025, 32.736058384000046 ], [ 22.664683954000054, 32.736242250000032 ], [ 22.664613080000038, 32.736682275000078 ], [ 22.664518912000062, 32.73708442800006 ], [ 22.664399500000059, 32.73734373700006 ], [ 22.663984900000059, 32.737513100000058 ], [ 22.663711300000045, 32.737652900000057 ], [ 22.663561100000038, 32.737761200000079 ], [ 22.663078300000052, 32.737865 ], [ 22.662622300000066, 32.737991400000055 ], [ 22.662080500000059, 32.738090600000078 ], [ 22.661474300000066, 32.738185400000077 ], [ 22.660991500000023, 32.738325300000042 ], [ 22.660760900000071, 32.738618600000052 ], [ 22.660626800000045, 32.738920900000039 ], [ 22.660422899000025, 32.739286400000026 ], [ 22.660149300000057, 32.739498500000025 ], [ 22.660009900000034, 32.739651900000069 ], [ 22.659924, 32.739787200000023 ], [ 22.659714800000074, 32.739859400000057 ], [ 22.659537800000066, 32.739796300000023 ], [ 22.659307100000035, 32.739724100000046 ], [ 22.659081800000024, 32.739674400000069 ], [ 22.659020100000077, 32.739624800000058 ], [ 22.658907500000055, 32.739678900000058 ], [ 22.658700900000042, 32.739744400000063 ], [ 22.65854, 32.73985040000008 ], [ 22.658389800000066, 32.739963200000034 ], [ 22.658295900000041, 32.740209100000072 ], [ 22.658199400000058, 32.74040320000006 ], [ 22.658105500000033, 32.740520500000059 ], [ 22.657861400000058, 32.740603900000053 ], [ 22.65772190000007, 32.740603900000053 ], [ 22.657491300000061, 32.740545300000065 ], [ 22.657284700000048, 32.740513700000065 ], [ 22.657097, 32.740536300000031 ], [ 22.656893100000048, 32.740588200000047 ], [ 22.656692, 32.740617500000042 ], [ 22.656501500000047, 32.740622 ], [ 22.656405, 32.74065360000003 ], [ 22.656270900000038, 32.740755100000058 ], [ 22.656085800000028, 32.740890500000035 ], [ 22.655873900000074, 32.740998800000057 ], [ 22.655589600000042, 32.741059700000051 ], [ 22.655397600000072, 32.741045 ], [ 22.655265200000031, 32.741051 ], [ 22.65520439900007, 32.741051 ], [ 22.655172200000038, 32.741069100000061 ], [ 22.655122200000051, 32.741048 ], [ 22.654972, 32.741129200000046 ], [ 22.654889700000069, 32.741183400000068 ], [ 22.654807500000061, 32.741228500000034 ], [ 22.654735900000048, 32.741255600000045 ], [ 22.654678700000034, 32.741270600000064 ], [ 22.654599999000027, 32.741291700000033 ], [ 22.654557100000034, 32.741324800000029 ], [ 22.654457, 32.741333800000064 ], [ 22.654389, 32.741369900000052 ], [ 22.654331801000069, 32.741378900000029 ], [ 22.654235300000039, 32.741412 ], [ 22.654135100000076, 32.741466100000025 ], [ 22.654038600000035, 32.741493200000036 ], [ 22.653931299000078, 32.74151130000007 ], [ 22.65385260000005, 32.741574400000047 ], [ 22.653834905000053, 32.741589959000066 ], [ 22.653771961000075, 32.741677492000065 ], [ 22.653750753000054, 32.741752225000027 ], [ 22.653739389000066, 32.741870736000067 ], [ 22.65370159500003, 32.742025870000077 ], [ 22.653625831000056, 32.742204412000035 ], [ 22.653543541000033, 32.742274224000028 ], [ 22.653459200000043, 32.74226630000004 ], [ 22.653305963000037, 32.742194966000056 ], [ 22.653060193000044, 32.742035938000072 ], [ 22.652882702000056, 32.741904644000044 ], [ 22.652683333000027, 32.741811820000066 ], [ 22.652500990000078, 32.741723544000024 ], [ 22.652251514000056, 32.741669562000027 ], [ 22.651901821000024, 32.741693263000059 ], [ 22.651727943000026, 32.741757600000028 ], [ 22.651641924000046, 32.741992594000067 ], [ 22.651781740000047, 32.74222461100004 ], [ 22.65186615500005, 32.742514630000073 ], [ 22.651745818000052, 32.742726214000072 ], [ 22.651078263000045, 32.742968871000073 ], [ 22.650907828000072, 32.742913845000032 ], [ 22.650683675000039, 32.742702029000043 ], [ 22.650391244000048, 32.742462474000035 ], [ 22.650100661000067, 32.742323121000027 ], [ 22.649778051000055, 32.742284415000029 ], [ 22.649558915000057, 32.742344572000036 ], [ 22.649461509000048, 32.742574941000044 ], [ 22.649381305000077, 32.742819403000055 ], [ 22.64916269400004, 32.742908188000058 ], [ 22.648958384000025, 32.74285360500005 ], [ 22.648617516000058, 32.742743546000042 ], [ 22.648072867000053, 32.742607530000043 ], [ 22.647530592000066, 32.742600343000049 ], [ 22.647040710000056, 32.742678373000047 ], [ 22.646502911000027, 32.742914528000028 ], [ 22.646080778000055, 32.742991664000044 ], [ 22.645761853000067, 32.743153351000046 ], [ 22.645547975000056, 32.743499791000033 ], [ 22.645200170000066, 32.74393389800008 ], [ 22.644866931000024, 32.744238951000057 ], [ 22.644633216000045, 32.744428152000069 ], [ 22.644382298000039, 32.744603262000055 ], [ 22.644335692000027, 32.744832961000043 ], [ 22.644343056000025, 32.745233768000048 ], [ 22.644624067000052, 32.745774164000068 ], [ 22.644750266000074, 32.746187730000031 ], [ 22.644839432000026, 32.746429965000061 ] ] ] } },
{ "type": "Feature", "properties": { "obj_type": "Stream", "NAM": "Unknown", "HYP": "Intermittent", "det_method": "Ancillary data", "or_src_id": "994", "emsn_id": "EMSN177", "fwc_type": "FLEX", "aoi_id": "1", "name": "Derna", "country": "Libya" }, "geometry": { "type": "MultiLineString", "coordinates": [ [ [ 22.682297600000027, 32.747764300000028 ], [ 22.682087500000023, 32.747911600000066 ], [ 22.682134200000064, 32.748051100000055 ], [ 22.682094500000062, 32.748170900000048 ], [ 22.682026800000074, 32.748229800000047 ], [ 22.68187080000007, 32.74847520000003 ], [ 22.681743700000027, 32.748559800000066 ], [ 22.681725, 32.748578200000054 ], [ 22.681626100000074, 32.74867560000007 ], [ 22.681488, 32.748735200000056 ], [ 22.681258, 32.74890780000004 ], [ 22.680992500000059, 32.749205500000073 ], [ 22.680946500000061, 32.749553700000035 ], [ 22.68104210000007, 32.749866300000065 ], [ 22.681190900000047, 32.750131 ], [ 22.681314300000054, 32.750431800000058 ], [ 22.681321947000072, 32.750452435000057 ] ] ] } },
{ "type": "Feature", "properties": { "obj_type": "Stream", "NAM": "Unknown", "HYP": "Intermittent", "det_method": "Ancillary data", "or_src_id": "994", "emsn_id": "EMSN177", "fwc_type": "FLEX", "aoi_id": "1", "name": "Derna", "country": "Libya" }, "geometry": { "type": "MultiLineString", "coordinates": [ [ [ 22.655954400000041, 32.719782400000042 ], [ 22.655557401000067, 32.720278900000039 ], [ 22.655160400000057, 32.720621900000026 ], [ 22.654849300000024, 32.72095580000007 ], [ 22.654720500000053, 32.72122660000008 ], [ 22.654763400000036, 32.721434200000033 ], [ 22.65477419900003, 32.721659900000077 ], [ 22.654752700000074, 32.722147300000074 ], [ 22.654527400000063, 32.722454200000072 ], [ 22.654044600000077, 32.722706900000048 ], [ 22.65348670000003, 32.722995800000035 ], [ 22.65324, 32.723158200000057 ], [ 22.653207800000075, 32.723537300000032 ], [ 22.653218500000037, 32.723880300000076 ], [ 22.652735700000051, 32.724566300000049 ], [ 22.652467500000057, 32.725062700000024 ], [ 22.65246025700003, 32.725074451000069 ], [ 22.652297216000022, 32.72533889400006 ], [ 22.652120102000026, 32.725532135000037 ], [ 22.652043538000044, 32.725666779000051 ], [ 22.652034184000058, 32.725771902000076 ], [ 22.652081104000047, 32.725866736000057 ], [ 22.652184825000063, 32.72597991300006 ], [ 22.65228819400005, 32.726074004000054 ], [ 22.652335641000036, 32.726197469000056 ], [ 22.652293299000064, 32.72635075200003 ], [ 22.652194156000064, 32.726485693000029 ], [ 22.652061317000062, 32.726630625000041 ], [ 22.651760363000051, 32.726844588000063 ], [ 22.651537205000068, 32.726990709000063 ], [ 22.65139289900003, 32.727126245000079 ], [ 22.651306627000054, 32.727346925000063 ], [ 22.651277156000049, 32.72758594700008 ], [ 22.651289853000037, 32.727662142000042 ], [ 22.65129319700003, 32.727843459000042 ], [ 22.651262142000064, 32.727996594000047 ], [ 22.651162819000035, 32.728121991000023 ], [ 22.651006165000069, 32.728200418000029 ], [ 22.65078124300004, 32.728251107000062 ], [ 22.650590367000063, 32.728310893000071 ], [ 22.65039984200007, 32.728389765000031 ], [ 22.650254303000054, 32.728458499000055 ], [ 22.650188144000026, 32.72854527800007 ], [ 22.650178964000077, 32.728659943000025 ], [ 22.650252650000027, 32.729594416000054 ], [ 22.65035669100007, 32.730337582000061 ], [ 22.650389297000061, 32.730881238000052 ], [ 22.650350819000039, 32.731244467000067 ], [ 22.65027759000003, 32.73156042800008 ], [ 22.65018002000005, 32.731781255000044 ], [ 22.650081923000073, 32.73197345400007 ], [ 22.649744400000031, 32.732429568000043 ], [ 22.649567521000051, 32.732632888000069 ] ] ] } },
{ "type": "Feature", "properties": { "obj_type": "Stream", "NAM": "Unknown", "HYP": "Intermittent", "det_method": "Ancillary data", "or_src_id": "994", "emsn_id": "EMSN177", "fwc_type": "FLEX", "aoi_id": "1", "name": "Derna", "country": "Libya" }, "geometry": { "type": "MultiLineString", "coordinates": [ [ [ 22.669454700000074, 32.751630900000066 ], [ 22.669494200000031, 32.751830100000063 ], [ 22.669346100000041, 32.752008700000033 ], [ 22.669220200000041, 32.752356 ], [ 22.669218400000034, 32.752583100000038 ], [ 22.669213100000036, 32.752760600000045 ], [ 22.669171900000038, 32.752892900000063 ], [ 22.669179100000065, 32.752992200000051 ], [ 22.669257800000025, 32.753095900000062 ], [ 22.66930560000003, 32.753168200000061 ], [ 22.669501798000056, 32.753313138000067 ] ] ] } },
{ "type": "Feature", "properties": { "obj_type": "River", "NAM": "Wadi Qiham", "HYP": "Intermittent", "det_method": "Ancillary data", "or_src_id": "994", "emsn_id": "EMSN177", "fwc_type": "FLEX", "aoi_id": "1", "name": "Derna", "country": "Libya" }, "geometry": { "type": "MultiLineString", "coordinates": [ [ [ 22.652322600000048, 32.705885100000046 ], [ 22.652105990000052, 32.705864374000043 ], [ 22.651979982000057, 32.705851716000041 ], [ 22.651884040000027, 32.705852980000031 ], [ 22.651737746000038, 32.705878770000027 ], [ 22.651541274000067, 32.705938630000048 ], [ 22.651333690000058, 32.706008182000062 ], [ 22.650941799000066, 32.706185160000075 ], [ 22.650606167000035, 32.706351850000033 ], [ 22.650271676000045, 32.706580569000039 ], [ 22.650126786000044, 32.706682702000023 ], [ 22.649971222000033, 32.706818385000076 ], [ 22.649780566000061, 32.706887711000036 ], [ 22.64962298100005, 32.706913648000068 ], [ 22.649476244000027, 32.706915579000054 ], [ 22.649374043000023, 32.706883514000026 ], [ 22.649265671000023, 32.706822894000027 ], [ 22.649060391000035, 32.706711050000024 ], [ 22.648424699000032, 32.706523729000025 ], [ 22.64809473300005, 32.706384886000023 ], [ 22.648031248000052, 32.706309357000066 ], [ 22.647995632000061, 32.706214372000034 ], [ 22.647993965000069, 32.706123713000068 ], [ 22.648019814000065, 32.705994510000039 ], [ 22.648050868000041, 32.705841376000024 ], [ 22.648048938000045, 32.70573640200007 ], [ 22.647979723000049, 32.705656176000048 ], [ 22.64788784600006, 32.705571475000056 ], [ 22.647745265000026, 32.70549221400006 ], [ 22.647625081000058, 32.705403112000056 ], [ 22.647572359000037, 32.705298805000041 ], [ 22.647552271000052, 32.705127252000068 ], [ 22.64756084000004, 32.70497918600006 ], [ 22.647580694000055, 32.704830971000035 ], [ 22.647589439000058, 32.704692449000049 ], [ 22.647575783000036, 32.704563766000035 ], [ 22.647539378000033, 32.704425836000041 ], [ 22.647440719000031, 32.704279179000025 ], [ 22.647297351000077, 32.704156972000078 ], [ 22.647182901000065, 32.704072567000026 ], [ 22.646963600000049, 32.704016400000057 ], [ 22.646598758000039, 32.704016400000057 ], [ 22.646336466000037, 32.704025647000037 ], [ 22.646133298000052, 32.704028314000027 ], [ 22.645930131000057, 32.704030981000074 ], [ 22.645608186000061, 32.704020889000049 ], [ 22.645429627000055, 32.703980278000074 ], [ 22.64522514600003, 32.703911371000061 ], [ 22.645096853000041, 32.70384146300006 ], [ 22.644924264000053, 32.703664751000076 ], [ 22.644810669000037, 32.703472948000069 ], [ 22.64474668500003, 32.703216061000035 ], [ 22.644716823000067, 32.702973045000078 ], [ 22.644714460000046, 32.702844214000038 ], [ 22.644670426000062, 32.702751723000063 ], [ 22.644555, 32.702671200000054 ], [ 22.644431169000029, 32.702633158000026 ], [ 22.644338708000078, 32.702670165000029 ], [ 22.644220984000071, 32.702714663000052 ], [ 22.644137645000058, 32.702787346000036 ], [ 22.643947277000052, 32.703026092000073 ], [ 22.643815115000052, 32.703206800000032 ], [ 22.643598430000054, 32.703395776000036 ], [ 22.643423679000023, 32.703562724000051 ], [ 22.64319787200003, 32.703716024000073 ], [ 22.642920223000033, 32.703812729000049 ], [ 22.642549980000069, 32.703939283000068 ], [ 22.642288473000065, 32.703992822000032 ], [ 22.642068769000048, 32.704017177000026 ], [ 22.641967184000066, 32.704018507000058 ], [ 22.641805688000034, 32.703984827000056 ], [ 22.641652263000026, 32.703929562000042 ], [ 22.641549238000039, 32.703852162000032 ], [ 22.641454284000076, 32.703753179000046 ], [ 22.641393062000077, 32.703646594000077 ], [ 22.641348769000047, 32.703539788000057 ], [ 22.641330004000054, 32.703439807000052 ], [ 22.641285974000027, 32.703347316000077 ], [ 22.641181900000049, 32.703212656000062 ], [ 22.641104010000049, 32.703120608000063 ], [ 22.640966469000034, 32.703007863000039 ], [ 22.640760946000057, 32.702881690000027 ], [ 22.640589939000051, 32.70279086000005 ], [ 22.640385988000048, 32.702750574000049 ], [ 22.640233221000074, 32.702731095000047 ], [ 22.640103452000062, 32.702722549000043 ], [ 22.639903602000061, 32.702764043000059 ], [ 22.639777802000026, 32.702830119000055 ], [ 22.639670112000033, 32.702960391000033 ], [ 22.639412009000068, 32.70320001400006 ], [ 22.639097004000064, 32.703569243000061 ], [ 22.638931232000061, 32.703764705000026 ], [ 22.638722871000027, 32.703946404000078 ], [ 22.638479862000054, 32.704085602000077 ], [ 22.63827983300007, 32.704260033000025 ], [ 22.638022377000027, 32.704535441000075 ], [ 22.637865590000047, 32.704759419000027 ], [ 22.637735374000044, 32.705047482000055 ], [ 22.63766219300004, 32.70521309600008 ], [ 22.637511645000075, 32.705315288000065 ], [ 22.637326190000067, 32.705360665000057 ], [ 22.637114684000039, 32.705370586000072 ], [ 22.636962044000029, 32.705358260000025 ], [ 22.636826597000038, 32.705360029000076 ], [ 22.636700791000067, 32.705426103000036 ], [ 22.636676440000031, 32.705483693000076 ], [ 22.636677877000068, 32.70556242300006 ], [ 22.636747823000064, 32.705683214000032 ], [ 22.636842905000037, 32.70578935900005 ], [ 22.636930174000042, 32.705931400000054 ], [ 22.636966520000044, 32.706066948000057 ], [ 22.636935403000052, 32.706217695000078 ], [ 22.636819630000048, 32.706369546000076 ], [ 22.636686403000056, 32.706492988000036 ], [ 22.636475679000057, 32.70654585300008 ], [ 22.636238642000023, 32.706548946000055 ], [ 22.636042759000077, 32.706487070000037 ], [ 22.635922933000074, 32.706417044000034 ], [ 22.635793468000031, 32.706282710000039 ], [ 22.635680673000024, 32.706133843000032 ], [ 22.635507967000024, 32.705949960000055 ], [ 22.63521739600003, 32.705803409000055 ], [ 22.63490143000007, 32.705657190000068 ], [ 22.634628968000072, 32.705574833000071 ], [ 22.63441563400005, 32.705484547000026 ], [ 22.634118428000022, 32.705438307000065 ], [ 22.633864072000051, 32.705420145000062 ], [ 22.633694763000051, 32.705422351000038 ], [ 22.633559967000053, 32.70545990200003 ], [ 22.633434159000046, 32.705525973000078 ], [ 22.63336773900005, 32.70559842800003 ], [ 22.633302363000041, 32.705728143000044 ], [ 22.633254960000045, 32.705914896000024 ], [ 22.633241811000062, 32.706122680000078 ], [ 22.633177739000075, 32.706323968000049 ], [ 22.633086705000039, 32.706439698000054 ], [ 22.632918957000072, 32.706527791000042 ], [ 22.632725682000057, 32.706609058000026 ], [ 22.632515347000037, 32.706683388000044 ], [ 22.632244838000076, 32.706708387000049 ], [ 22.631949324000061, 32.706755188000045 ], [ 22.631670610000072, 32.706794611000078 ], [ 22.63123065800005, 32.706814653000038 ], [ 22.63035823000007, 32.706842820000077 ], [ 22.629979800000058, 32.70683530000008 ], [ 22.629650579000042, 32.706842428000073 ], [ 22.629255671000067, 32.706891471000063 ], [ 22.629115227000057, 32.706929091000063 ], [ 22.62897543400004, 32.707002498000065 ], [ 22.628849968000054, 32.707087651000052 ], [ 22.628711475000046, 32.707232631000068 ], [ 22.628587957000036, 32.70742514300008 ], [ 22.628478982000047, 32.707641331000048 ], [ 22.628375643000027, 32.708167671000069 ], [ 22.628267317000052, 32.708419645000049 ], [ 22.628199153000025, 32.708551779000061 ], [ 22.62803113800004, 32.708625552000058 ], [ 22.627862038000046, 32.708639679000044 ], [ 22.627649960000042, 32.708618569000066 ], [ 22.627493670000035, 32.708560939000051 ], [ 22.627266616000043, 32.708492295000042 ], [ 22.627082106000046, 32.708435031000079 ], [ 22.626883705000068, 32.708389878000048 ], [ 22.626614539000059, 32.708333712000069 ], [ 22.626331697000069, 32.708301586000061 ], [ 22.626077939000027, 32.708316809000053 ], [ 22.625852401000031, 32.70833166500006 ], [ 22.625655947000041, 32.708393871000055 ], [ 22.625319696000076, 32.708529480000038 ], [ 22.625025555000036, 32.708652610000058 ], [ 22.624747254000056, 32.708870989000047 ], [ 22.624361262000036, 32.70937712500006 ], [ 22.623950505000039, 32.710074489000078 ], [ 22.623785075000058, 32.710291404000031 ], [ 22.623702361000028, 32.710399861000042 ], [ 22.623506118000023, 32.710473993000051 ], [ 22.62332268800003, 32.710476368000059 ], [ 22.623124067000049, 32.710419281000043 ], [ 22.622826029000066, 32.710327685000038 ], [ 22.622486094000067, 32.710260494000067 ], [ 22.622245575000022, 32.710227810000049 ], [ 22.621977918000027, 32.710255137000047 ], [ 22.621725233000063, 32.710329996000041 ], [ 22.621487306000063, 32.710440460000029 ], [ 22.621096326000043, 32.71067221900006 ], [ 22.620692096000028, 32.71095187700007 ], [ 22.620552721000024, 32.711049132000028 ], [ 22.620370151000031, 32.711099219000062 ], [ 22.620172395000054, 32.711089843000025 ], [ 22.620001778000074, 32.711020457000075 ], [ 22.619788834000076, 32.710951617000035 ], [ 22.619619081000053, 32.710929947000068 ], [ 22.619407213000045, 32.71092075200005 ], [ 22.619210535000036, 32.710971019000056 ], [ 22.619042290000039, 32.711032851000027 ], [ 22.618823223000049, 32.711190443000078 ] ] ] } },
{ "type": "Feature", "properties": { "obj_type": "River", "NAM": "Wadi Al Husayn", "HYP": "Intermittent", "det_method": "Ancillary data", "or_src_id": "994", "emsn_id": "EMSN177", "fwc_type": "FLEX", "aoi_id": "1", "name": "Derna", "country": "Libya" }, "geometry": { "type": "MultiLineString", "coordinates": [ [ [ 22.684155200000077, 32.739888800000074 ], [ 22.684184600000037, 32.740288100000043 ], [ 22.684463600000072, 32.740479900000025 ], [ 22.685118800000055, 32.740912700000024 ], [ 22.68559840000006, 32.741174100000023 ], [ 22.685983, 32.741500500000029 ], [ 22.686252400000058, 32.741692500000056 ], [ 22.68651, 32.74194650000004 ], [ 22.686695300000054, 32.742219 ], [ 22.686638800000026, 32.742684 ], [ 22.686402800000053, 32.743117200000029 ], [ 22.685970700000041, 32.743484100000046 ], [ 22.685649100000035, 32.744010200000048 ], [ 22.685853400000042, 32.744351900000026 ], [ 22.686148800000069, 32.744623800000056 ], [ 22.686159, 32.745144700000026 ], [ 22.686013800000069, 32.745525300000054 ], [ 22.685576701000059, 32.746180800000047 ], [ 22.685458700000027, 32.74651920000008 ], [ 22.685630300000071, 32.746848600000078 ], [ 22.686070200000074, 32.747250100000031 ], [ 22.686472500000036, 32.747611100000029 ], [ 22.686907764000068, 32.747939405000068 ] ] ] } },
{ "type": "Feature", "properties": { "obj_type": "River", "NAM": "Unknown", "HYP": "Intermittent", "det_method": "Ancillary data", "or_src_id": "994", "emsn_id": "EMSN177", "fwc_type": "FLEX", "aoi_id": "1", "name": "Derna", "country": "Libya" }, "geometry": { "type": "MultiLineString", "coordinates": [ [ [ 22.675695400000052, 32.72657 ], [ 22.676360600000066, 32.727346200000056 ], [ 22.677036500000042, 32.728203700000051 ], [ 22.677894800000047, 32.729070100000058 ], [ 22.67889260000004, 32.729611700000078 ], [ 22.67981530000003, 32.730144200000041 ], [ 22.68046970000006, 32.730694700000072 ], [ 22.680695, 32.731146 ], [ 22.681124200000056, 32.731678500000044 ], [ 22.681639200000063, 32.732156800000041 ], [ 22.681746499000042, 32.732581 ], [ 22.681574800000078, 32.733655 ], [ 22.681467500000053, 32.734196500000053 ], [ 22.681692800000064, 32.734918400000026 ], [ 22.681789400000071, 32.735162100000025 ], [ 22.681478300000038, 32.735775800000056 ], [ 22.681778700000052, 32.736524900000063 ], [ 22.682315100000039, 32.737138500000071 ], [ 22.682572600000071, 32.737860500000068 ], [ 22.682980300000054, 32.73851030000003 ], [ 22.683216300000026, 32.738654700000041 ], [ 22.684219400000075, 32.738841200000024 ], [ 22.68446380000006, 32.739000300000043 ], [ 22.684407200000066, 32.739205200000072 ], [ 22.684117600000036, 32.73958870000007 ], [ 22.684106800000052, 32.739760100000069 ] ] ] } },
{ "type": "Feature", "properties": { "obj_type": "River", "NAM": "Unknown", "HYP": "Intermittent", "det_method": "Ancillary data", "or_src_id": "994", "emsn_id": "EMSN177", "fwc_type": "FLEX", "aoi_id": "1", "name": "Derna", "country": "Libya" }, "geometry": { "type": "MultiLineString", "coordinates": [ [ [ 22.656482800000049, 32.706341 ], [ 22.656190400000071, 32.706476500000065 ], [ 22.656040200000064, 32.706546400000036 ], [ 22.655860500000074, 32.706602800000041 ], [ 22.655772, 32.706623200000024 ], [ 22.655603, 32.706600600000058 ], [ 22.655460800000071, 32.706517100000042 ], [ 22.655310600000064, 32.706474200000059 ], [ 22.655058500000052, 32.706528400000025 ], [ 22.654707100000053, 32.706539600000042 ], [ 22.654385300000058, 32.706521600000031 ], [ 22.654095600000062, 32.706388400000037 ], [ 22.653704, 32.706262 ], [ 22.653213100000073, 32.706219200000078 ], [ 22.65291540000004, 32.706201100000044 ], [ 22.652668701000039, 32.70619430000005 ], [ 22.652454100000057, 32.706151500000033 ], [ 22.652405800000054, 32.706029600000079 ], [ 22.652322600000048, 32.705885100000046 ] ] ] } },
{ "type": "Feature", "properties": { "obj_type": "River", "NAM": "Unknown", "HYP": "Intermittent", "det_method": "Photo-interpretation", "or_src_id": "1", "emsn_id": "EMSN177", "fwc_type": "FLEX", "aoi_id": "1", "name": "Derna", "country": "Libya" }, "geometry": { "type": "MultiLineString", "coordinates": [ [ [ 22.656085800000028, 32.702519900000027 ], [ 22.655667400000027, 32.702400300000079 ], [ 22.655275800000027, 32.70224010000004 ], [ 22.654940500000066, 32.702188200000023 ], [ 22.654758100000038, 32.702228800000057 ], [ 22.654551600000048, 32.702337100000079 ], [ 22.654310200000054, 32.702621500000078 ], [ 22.654219, 32.702872 ], [ 22.654165300000045, 32.703072900000052 ], [ 22.654499888000032, 32.703259689000049 ], [ 22.654586578000078, 32.703368914000066 ], [ 22.65462339100003, 32.703451950000044 ], [ 22.654625868000039, 32.703586149000046 ], [ 22.654529914000022, 32.70373954400003 ], [ 22.654394997000054, 32.703884505000076 ], [ 22.654184906000069, 32.703970799000047 ], [ 22.653864867000038, 32.704025731000058 ], [ 22.653537547000042, 32.704259733000072 ], [ 22.653143930000056, 32.704342480000037 ], [ 22.652942879000022, 32.704345130000036 ], [ 22.652778420000061, 32.704418888000077 ], [ 22.652674583000078, 32.704527642000073 ], [ 22.652596481000046, 32.704692733000059 ], [ 22.652582851000034, 32.705101574000025 ], [ 22.652564538000036, 32.70544783400004 ], [ 22.652546839000024, 32.705635992000055 ], [ 22.652485657000057, 32.705762082000035 ], [ 22.652322600000048, 32.705885100000046 ] ] ] } },
{ "type": "Feature", "properties": { "obj_type": "River", "NAM": "Unknown", "HYP": "Intermittent", "det_method": "Ancillary data", "or_src_id": "994", "emsn_id": "EMSN177", "fwc_type": "FLEX", "aoi_id": "1", "name": "Derna", "country": "Libya" }, "geometry": { "type": "MultiLineString", "coordinates": [ [ [ 22.684106800000052, 32.739760100000069 ], [ 22.684155200000077, 32.739888800000074 ] ] ] } },
{ "type": "Feature", "properties": { "obj_type": "Stream", "NAM": "Unknown", "HYP": "Intermittent", "det_method": "Photo-interpretation", "or_src_id": "1", "emsn_id": "EMSN177", "fwc_type": "FLEX", "aoi_id": "1", "name": "Derna", "country": "Libya" }, "geometry": { "type": "MultiLineString", "coordinates": [ [ [ 22.696035751000068, 32.726436188000037 ], [ 22.696013964000031, 32.726776533000077 ], [ 22.695962712000039, 32.727051652000057 ], [ 22.695700794000061, 32.727383314000065 ], [ 22.695514571000047, 32.72761253300007 ], [ 22.695236617000035, 32.727842992000035 ], [ 22.694959114000028, 32.728097308000031 ], [ 22.694792137000036, 32.728224847000035 ], [ 22.694735750000063, 32.728477564000059 ], [ 22.694729099000028, 32.728834707000033 ], [ 22.694634339000061, 32.729142033000073 ], [ 22.694620555000029, 32.729476601000044 ], [ 22.694675093000058, 32.729878255000074 ], [ 22.694807820000051, 32.730159836000041 ], [ 22.694617975000028, 32.73075749000003 ], [ 22.694416599000078, 32.731100262000041 ], [ 22.694305319000023, 32.731243453000047 ], [ 22.694128503000059, 32.731466875000024 ], [ 22.694065864000038, 32.731700090000061 ], [ 22.694070902000078, 32.73196639400004 ], [ 22.693968361000032, 32.732217149000064 ], [ 22.693783016000054, 32.732344339000065 ], [ 22.693524361000073, 32.732495189000076 ], [ 22.693521408000038, 32.732693591000043 ], [ 22.693745309000064, 32.732832252000037 ], [ 22.694014623000044, 32.73320117600008 ], [ 22.694018799000048, 32.733421853000038 ], [ 22.693966183000043, 32.73362540100004 ], [ 22.693913567000038, 32.733828948000053 ], [ 22.693898266000076, 32.734139375000041 ], [ 22.693920278000064, 32.734556683000051 ], [ 22.69403814900005, 32.734817583000051 ], [ 22.69403526900004, 32.735038357000064 ], [ 22.693956119000063, 32.735331750000057 ], [ 22.69385257700003, 32.735828308000066 ], [ 22.693763939000064, 32.736366427000064 ], [ 22.69353213100004, 32.736799095000038 ], [ 22.69344908100004, 32.737259583000025 ], [ 22.693400862000033, 32.737695735000045 ], [ 22.69373874300004, 32.738019287000043 ], [ 22.693904491000069, 32.73857186400005 ], [ 22.693910134000078, 32.738870077000058 ], [ 22.693865250000044, 32.739109314000075 ], [ 22.693785645000048, 32.739378850000037 ], [ 22.693642863000036, 32.739667137000026 ], [ 22.693538414000045, 32.740115982000077 ], [ 22.693315572000074, 32.740649947000065 ], [ 22.692929560000039, 32.741514234000078 ], [ 22.692721841000036, 32.742101686000069 ], [ 22.692749668000033, 32.742453290000071 ], [ 22.692895890000045, 32.742719775000069 ], [ 22.693283190000045, 32.743042660000071 ], [ 22.693466959000034, 32.743427952000047 ], [ 22.693653723000068, 32.743598435000024 ], [ 22.694051871000056, 32.743748163000078 ], [ 22.694399940000039, 32.743862772000057 ], [ 22.694581456000037, 32.744128777000071 ], [ 22.694706402000065, 32.744389582000053 ], [ 22.694871659000057, 32.744542456000033 ], [ 22.695461607000027, 32.744755209000061 ], [ 22.695600219000028, 32.744991964000064 ], [ 22.695696374000079, 32.745223327000076 ], [ 22.695816603000026, 32.74672507400004 ], [ 22.696041309000066, 32.747500067000033 ] ] ] } },
{ "type": "Feature", "properties": { "obj_type": "Stream", "NAM": "Unknown", "HYP": "Intermittent", "det_method": "Photo-interpretation", "or_src_id": "1", "emsn_id": "EMSN177", "fwc_type": "FLEX", "aoi_id": "1", "name": "Derna", "country": "Libya" }, "geometry": { "type": "MultiLineString", "coordinates": [ [ [ 22.696024858000044, 32.726606360000062 ], [ 22.696194997000077, 32.727018680000072 ], [ 22.696385346000056, 32.72738001700003 ], [ 22.696489780000036, 32.727676892000034 ], [ 22.696454336000045, 32.728041285000074 ], [ 22.696317506000071, 32.728269836000038 ], [ 22.696300632000032, 32.728496764000056 ], [ 22.696462308000037, 32.728834625000047 ], [ 22.696530107000058, 32.729060408000066 ], [ 22.696537791000026, 32.729465976000029 ], [ 22.696521481000048, 32.729722726000034 ], [ 22.696376864000058, 32.730285466000055 ], [ 22.696106474000032, 32.730915533000029 ], [ 22.695867296000074, 32.731330408000076 ], [ 22.69575721800004, 32.731481042000041 ], [ 22.695705511000028, 32.731732304000047 ], [ 22.695708222000064, 32.73187544600006 ], [ 22.696045523000066, 32.732169171000066 ], [ 22.696847601000059, 32.732778755000027 ], [ 22.69739366500005, 32.732914539000035 ], [ 22.697898862000045, 32.733128429000033 ], [ 22.698234704000072, 32.733344613000043 ], [ 22.698533342000076, 32.733459881000044 ], [ 22.698711340000045, 32.733540990000051 ], [ 22.698879412000053, 32.733842966000054 ], [ 22.698871298000029, 32.734159262000048 ], [ 22.698841673000061, 32.73445795300006 ], [ 22.698691294000071, 32.734716519000074 ], [ 22.698573594000038, 32.734837430000027 ], [ 22.698512234000077, 32.734951612000032 ], [ 22.698513478000052, 32.735017218000053 ], [ 22.698614649000035, 32.735141128000066 ], [ 22.698716724000064, 32.735312752000027 ], [ 22.698690308000039, 32.735408562000032 ], [ 22.698605134000047, 32.73575573100004 ], [ 22.698621435000064, 32.735870848000047 ], [ 22.698736946000054, 32.736006496000073 ], [ 22.69875939800005, 32.736259736000079 ], [ 22.698818076000066, 32.736748134000038 ], [ 22.698916512000039, 32.736913842000035 ], [ 22.699067309000043, 32.737049010000078 ], [ 22.699196879000056, 32.737181483000029 ], [ 22.699343809000027, 32.737298806000069 ], [ 22.699456417000079, 32.737467303000074 ], [ 22.699550119000037, 32.737755373000027 ], [ 22.699643784000045, 32.737855520000039 ], [ 22.700057445000027, 32.73807959100003 ], [ 22.700192472000026, 32.738313408000067 ], [ 22.700306442000056, 32.73855347500006 ], [ 22.700503381000033, 32.738887869000052 ], [ 22.700903981000067, 32.739538666000044 ], [ 22.701460820000023, 32.740053111000066 ], [ 22.70167297200004, 32.74025903200004 ], [ 22.701749168000049, 32.740368364000062 ], [ 22.701750699000058, 32.740448881000077 ], [ 22.701709434000065, 32.740506116000063 ], [ 22.701705382000057, 32.740664264000031 ], [ 22.701785164000057, 32.740776530000062 ], [ 22.701853385000049, 32.741023183000038 ], [ 22.701947666000024, 32.741341071000079 ], [ 22.702006732000029, 32.74147748200005 ], [ 22.702335547000075, 32.741878686000064 ], [ 22.702636193000046, 32.742283257000054 ], [ 22.702715298000044, 32.742359737000072 ], [ 22.702837256000066, 32.742462480000029 ], [ 22.702947551000022, 32.74250870700007 ] ] ] } },
{ "type": "Feature", "properties": { "obj_type": "Stream", "NAM": "Unknown", "HYP": "Intermittent", "det_method": "Photo-interpretation", "or_src_id": "1", "emsn_id": "EMSN177", "fwc_type": "FLEX", "aoi_id": "1", "name": "Derna", "country": "Libya" }, "geometry": { "type": "MultiLineString", "coordinates": [ [ [ 22.696035751000068, 32.726436188000037 ], [ 22.696699125000066, 32.72716814100005 ], [ 22.696940728000072, 32.727403500000037 ], [ 22.697293061000039, 32.727522818000068 ], [ 22.697701662000043, 32.727631827000039 ], [ 22.698221533000037, 32.727653420000024 ] ] ] } },
{ "type": "Feature", "properties": { "obj_type": "Stream", "NAM": "Unknown", "HYP": "Intermittent", "det_method": "Photo-interpretation", "or_src_id": "1", "emsn_id": "EMSN177", "fwc_type": "FLEX", "aoi_id": "1", "name": "Derna", "country": "Libya" }, "geometry": { "type": "MultiLineString", "coordinates": [ [ [ 22.697293061000039, 32.727522818000068 ], [ 22.697221991000049, 32.72794377200006 ], [ 22.697126351000065, 32.728260060000025 ], [ 22.697052386000053, 32.728528328000039 ], [ 22.697192566000069, 32.728774606000059 ], [ 22.697638300000051, 32.729054928000039 ], [ 22.697812714000065, 32.729319832000044 ], [ 22.698016768000059, 32.729956599000047 ], [ 22.698157832000049, 32.732035551000024 ], [ 22.698163262000037, 32.73232183500005 ], [ 22.698187290000078, 32.732397871000046 ], [ 22.698324404000061, 32.732481920000055 ], [ 22.698414726000067, 32.732480696000039 ], [ 22.698614694000071, 32.732306171000062 ], [ 22.698714134000056, 32.732190281000044 ], [ 22.698894780000046, 32.732187832000079 ], [ 22.699256613000045, 32.732211563000078 ], [ 22.699677252000072, 32.732358583000064 ] ] ] } },
{ "type": "Feature", "properties": { "obj_type": "Stream", "NAM": "Unknown", "HYP": "Intermittent", "det_method": "Photo-interpretation", "or_src_id": "1", "emsn_id": "EMSN177", "fwc_type": "FLEX", "aoi_id": "1", "name": "Derna", "country": "Libya" }, "geometry": { "type": "MultiLineString", "coordinates": [ [ [ 22.691708144000074, 32.721463352000058 ], [ 22.691240194000045, 32.722395557000027 ], [ 22.690617428000053, 32.723501664000025 ], [ 22.690086167000061, 32.724071999000046 ], [ 22.689720821000037, 32.724458736000031 ], [ 22.689557240000056, 32.724766389000024 ], [ 22.689486496000029, 32.725206425000067 ], [ 22.689491356000076, 32.72546408200003 ], [ 22.689405, 32.725675242000079 ], [ 22.689186409000058, 32.726059998000039 ], [ 22.689052734000029, 32.726157253000054 ], [ 22.688849697000023, 32.726319076000038 ], [ 22.688472551000075, 32.726529977000041 ] ] ] } },
{ "type": "Feature", "properties": { "obj_type": "Stream", "NAM": "Wadi Al Bint", "HYP": "Intermittent", "det_method": "Photo-interpretation", "or_src_id": "1", "emsn_id": "EMSN177", "fwc_type": "FLEX", "aoi_id": "1", "name": "Derna", "country": "Libya" }, "geometry": { "type": "MultiLineString", "coordinates": [ [ [ 22.688512679000041, 32.724774499000034 ], [ 22.688337883000031, 32.725236219000067 ], [ 22.688285286000053, 32.725815610000041 ], [ 22.688379178000048, 32.72630354000006 ], [ 22.688472551000075, 32.726529977000041 ], [ 22.688575004000029, 32.726957140000025 ], [ 22.688564378000024, 32.727142222000055 ], [ 22.688370856000063, 32.727359598000078 ], [ 22.68823175700004, 32.72746885600003 ], [ 22.687996459000033, 32.727716622000059 ], [ 22.687886260000028, 32.727861285000074 ], [ 22.687796353000067, 32.728333793000047 ], [ 22.687835569000072, 32.728542068000024 ], [ 22.688044809000075, 32.728783848000035 ], [ 22.688379965000024, 32.729340118000039 ], [ 22.688417383000058, 32.729452963000028 ], [ 22.688458850000075, 32.729780523000045 ], [ 22.688521261000062, 32.730095870000071 ], [ 22.68861223600004, 32.730428728000049 ], [ 22.688924996000026, 32.730919675000052 ], [ 22.689709336000078, 32.731714484000065 ], [ 22.689941558000044, 32.732051403000071 ], [ 22.689946512000063, 32.732313830000066 ], [ 22.689994366000064, 32.732605509000052 ], [ 22.689860778000025, 32.733007018000023 ], [ 22.689935095000067, 32.73357873100008 ], [ 22.689808195000069, 32.733736348000036 ], [ 22.689233843000068, 32.734121128000027 ], [ 22.689032863000023, 32.734243153000079 ], [ 22.688994875000049, 32.734324799000035 ], [ 22.689093187000026, 32.73444756300006 ], [ 22.68925906100003, 32.734559870000055 ], [ 22.689263203000053, 32.734779355000057 ], [ 22.689432555000053, 32.735674327000027 ], [ 22.689503569000067, 32.736145859000032 ], [ 22.689661849000061, 32.73645394600004 ], [ 22.690117930000042, 32.736982329000057 ], [ 22.690109887000062, 32.737433671000076 ], [ 22.690027486000076, 32.737854772000048 ], [ 22.690144900000064, 32.738091820000079 ], [ 22.690327422000053, 32.738786162000054 ], [ 22.69033390900006, 32.73912970300006 ], [ 22.690193970000053, 32.739494310000055 ], [ 22.689712106000059, 32.74029306400007 ], [ 22.688777133000031, 32.741021560000036 ], [ 22.688331482000024, 32.741445966000072 ], [ 22.688132913000061, 32.741696817000047 ], [ 22.687884522000047, 32.74200083900007 ], [ 22.687718476000043, 32.742179662000069 ], [ 22.687495522000063, 32.742335388000072 ], [ 22.687311369000042, 32.742452412000034 ], [ 22.686638800000026, 32.742684 ] ] ] } },
{ "type": "Feature", "properties": { "obj_type": "Stream", "NAM": "Unknown", "HYP": "Intermittent", "det_method": "Photo-interpretation", "or_src_id": "1", "emsn_id": "EMSN177", "fwc_type": "FLEX", "aoi_id": "1", "name": "Derna", "country": "Libya" }, "geometry": { "type": "MultiLineString", "coordinates": [ [ [ 22.690526706000071, 32.725178221000078 ], [ 22.690548023000076, 32.725559744000066 ], [ 22.690678634000051, 32.725748888000055 ], [ 22.690571593000072, 32.726060553000025 ], [ 22.690416208000045, 32.726802407000037 ], [ 22.690484366000078, 32.727421929000059 ], [ 22.690545619000034, 32.728423356000064 ], [ 22.690557779000073, 32.729067497000074 ] ] ] } },
{ "type": "Feature", "properties": { "obj_type": "Stream", "NAM": "Unknown", "HYP": "Intermittent", "det_method": "Photo-interpretation", "or_src_id": "1", "emsn_id": "EMSN177", "fwc_type": "FLEX", "aoi_id": "1", "name": "Derna", "country": "Libya" }, "geometry": { "type": "MultiLineString", "coordinates": [ [ [ 22.691999381000073, 32.726172535000046 ], [ 22.692121293000071, 32.726648152000053 ], [ 22.692270078000035, 32.727051817000074 ], [ 22.692150732000073, 32.727459102000068 ], [ 22.691906177000078, 32.727963529000078 ], [ 22.691129180000075, 32.728677979000054 ], [ 22.690557779000073, 32.729067497000074 ], [ 22.690058961000034, 32.729563419000044 ], [ 22.689964, 32.729767536000054 ], [ 22.689917229000059, 32.730281224000066 ], [ 22.689928486000042, 32.730877651000071 ], [ 22.690004453000029, 32.731162984000036 ], [ 22.689983658000074, 32.731557007000049 ], [ 22.689941558000044, 32.732051403000071 ] ] ] } },
{ "type": "Feature", "properties": { "obj_type": "Stream", "NAM": "Unknown", "HYP": "Intermittent", "det_method": "Photo-interpretation", "or_src_id": "1", "emsn_id": "EMSN177", "fwc_type": "FLEX", "aoi_id": "1", "name": "Derna", "country": "Libya" }, "geometry": { "type": "MultiLineString", "coordinates": [ [ [ 22.677575013000023, 32.720553036000069 ], [ 22.677605082000071, 32.721254212000076 ], [ 22.67759753200005, 32.721755441000028 ], [ 22.677517421000061, 32.721999919000041 ], [ 22.677949882000064, 32.722480941000072 ], [ 22.678197951000072, 32.72306465500003 ], [ 22.678293081000049, 32.723621781000077 ], [ 22.678642225000033, 32.724175506000051 ], [ 22.678852678000055, 32.724559271000032 ], [ 22.679334351000023, 32.724953721000077 ], [ 22.67978699300005, 32.725606282000058 ], [ 22.679866544000049, 32.726235204000034 ], [ 22.679897709000045, 32.726993637000078 ], [ 22.679793935000077, 32.727782514000069 ], [ 22.679716222000025, 32.729057850000061 ], [ 22.67981530000003, 32.730144200000041 ] ] ] } },
{ "type": "Feature", "properties": { "obj_type": "Stream", "NAM": "Unknown", "HYP": "Intermittent", "det_method": "Photo-interpretation", "or_src_id": "1", "emsn_id": "EMSN177", "fwc_type": "FLEX", "aoi_id": "1", "name": "Derna", "country": "Libya" }, "geometry": { "type": "MultiLineString", "coordinates": [ [ [ 22.678852678000055, 32.724559271000032 ], [ 22.678747286000032, 32.725262262000058 ], [ 22.678600780000068, 32.725579219000053 ], [ 22.678369063000048, 32.725868680000076 ], [ 22.678253741000049, 32.726042040000038 ], [ 22.678208839000035, 32.726357635000056 ], [ 22.678010184000073, 32.726603700000055 ], [ 22.677798616000075, 32.727064706000078 ], [ 22.677617966000071, 32.727367801000071 ], [ 22.677473329000065, 32.72778495700004 ], [ 22.677483250000023, 32.728314588000046 ], [ 22.677715281000076, 32.728888890000064 ] ] ] } },
{ "type": "Feature", "properties": { "obj_type": "River", "NAM": "Unknown", "HYP": "Intermittent", "det_method": "Photo-interpretation", "or_src_id": "1", "emsn_id": "EMSN177", "fwc_type": "FLEX", "aoi_id": "1", "name": "Derna", "country": "Libya" }, "geometry": { "type": "MultiLineString", "coordinates": [ [ [ 22.673550644000045, 32.721823854000036 ], [ 22.674133883000025, 32.722216968000055 ], [ 22.674381926000024, 32.722800691000032 ], [ 22.674650119000034, 32.723555960000056 ], [ 22.674712967000062, 32.724199429000066 ], [ 22.67489007100005, 32.724612282000066 ], [ 22.675289466000038, 32.725136710000072 ], [ 22.67544508800006, 32.725306445000058 ], [ 22.675624341000059, 32.725833812000076 ], [ 22.675649845000066, 32.72629164600005 ], [ 22.675695400000052, 32.72657 ] ] ] } },
{ "type": "Feature", "properties": { "obj_type": "Stream", "NAM": "Unknown", "HYP": "Intermittent", "det_method": "Photo-interpretation", "or_src_id": "1", "emsn_id": "EMSN177", "fwc_type": "FLEX", "aoi_id": "1", "name": "Derna", "country": "Libya" }, "geometry": { "type": "MultiLineString", "coordinates": [ [ [ 22.670431585000074, 32.734883659000047 ], [ 22.670893868000064, 32.735448305000034 ], [ 22.671246557000075, 32.735586782000041 ], [ 22.671982248000063, 32.73567242200005 ], [ 22.672368456000072, 32.735791358000029 ], [ 22.67272061400007, 32.735901201000047 ], [ 22.67295950700003, 32.735993466000025 ], [ 22.673254321000059, 32.736056346000055 ], [ 22.673673691000033, 32.736136654000063 ], [ 22.674408627000048, 32.736785462000057 ], [ 22.674796271000048, 32.736980732000063 ], [ 22.67504556800003, 32.737025127000038 ], [ 22.675350427000069, 32.737021052000046 ], [ 22.675813538000057, 32.737024405000057 ], [ 22.676737796000054, 32.736926135000033 ], [ 22.677279586000054, 32.736909340000068 ], [ 22.677574048000054, 32.73695312600006 ], [ 22.678161182000053, 32.736945265000031 ], [ 22.678501165000057, 32.737007528000049 ], [ 22.678814809000073, 32.736869693000074 ], [ 22.679073428000038, 32.736808957000051 ], [ 22.679638695000051, 32.736839563000046 ] ] ] } },
{ "type": "Feature", "properties": { "obj_type": "Stream", "NAM": "Unknown", "HYP": "Intermittent", "det_method": "Photo-interpretation", "or_src_id": "1", "emsn_id": "EMSN177", "fwc_type": "FLEX", "aoi_id": "1", "name": "Derna", "country": "Libya" }, "geometry": { "type": "MultiLineString", "coordinates": [ [ [ 22.674159322000037, 32.733995662000041 ], [ 22.674419390000025, 32.734341725000036 ], [ 22.674474482000051, 32.734392372000059 ], [ 22.674670297000034, 32.734639465000043 ], [ 22.674771629000077, 32.734849301000054 ], [ 22.675132043000076, 32.735098626000024 ], [ 22.675302544000033, 32.735157198000024 ], [ 22.675409400000035, 32.735209463000047 ], [ 22.675511218000054, 32.735218840000073 ], [ 22.675593448000029, 32.735199843000032 ], [ 22.675700500000062, 32.735183747000065 ], [ 22.675960430000032, 32.735218383000074 ], [ 22.676290007000034, 32.735328519000063 ], [ 22.676652030000071, 32.735361857000044 ], [ 22.677307434000056, 32.735381723000046 ], [ 22.678017684000054, 32.735314944000038 ], [ 22.678461067000057, 32.735471276000055 ], [ 22.679109121000067, 32.73570122700005 ], [ 22.679396404000045, 32.735964645000024 ], [ 22.679488331000073, 32.736650673000042 ], [ 22.679638695000051, 32.736839563000046 ], [ 22.679942648000065, 32.737389115000042 ], [ 22.680073659000072, 32.737449403000028 ], [ 22.680432374000077, 32.737606863000053 ], [ 22.680598245000056, 32.737719182000035 ], [ 22.680714291000072, 32.737884668000049 ], [ 22.680790730000069, 32.738045912000075 ], [ 22.680827649000037, 32.738207687000056 ], [ 22.680875412000034, 32.738345453000079 ], [ 22.681010189000062, 32.738606140000059 ], [ 22.681204291000029, 32.73871807900008 ], [ 22.681596169000045, 32.738836910000032 ], [ 22.681997638000041, 32.739165606000029 ], [ 22.682096215000058, 32.739302689000056 ], [ 22.682174899000074, 32.739583219000053 ], [ 22.682236018000026, 32.739830575000042 ], [ 22.682241219000048, 32.740107317000025 ], [ 22.682279739000023, 32.740710836000062 ], [ 22.682328024000071, 32.741026375000047 ], [ 22.682546916000035, 32.741405247000046 ], [ 22.682702966000022, 32.741820757000028 ], [ 22.68305796900006, 32.742305184000031 ], [ 22.683134038000048, 32.742596485000035 ], [ 22.683206631000076, 32.742702894000047 ], [ 22.683513461000075, 32.742877746000033 ], [ 22.683946204000051, 32.742991247000077 ], [ 22.684244857000067, 32.743106549000061 ], [ 22.684486715000048, 32.743204716000037 ], [ 22.684740893000026, 32.743207265000024 ], [ 22.685015344000078, 32.743161815000065 ], [ 22.685438898000029, 32.743162084000062 ], [ 22.68575962400007, 32.743324812000026 ], [ 22.685970700000041, 32.743484100000046 ] ] ] } },
{ "type": "Feature", "properties": { "obj_type": "Stream", "NAM": "Unknown", "HYP": "Intermittent", "det_method": "Photo-interpretation", "or_src_id": "1", "emsn_id": "EMSN177", "fwc_type": "FLEX", "aoi_id": "1", "name": "Derna", "country": "Libya" }, "geometry": { "type": "MultiLineString", "coordinates": [ [ [ 22.682475964000048, 32.725864142000034 ], [ 22.682597108000039, 32.726301598000077 ], [ 22.682386015000077, 32.727087145000041 ], [ 22.682381363000047, 32.72804173600008 ], [ 22.682196072000067, 32.728998750000073 ], [ 22.682086300000037, 32.729317127000058 ], [ 22.682084016000033, 32.729420963000052 ], [ 22.681997796000076, 32.729565299000058 ], [ 22.681902166000043, 32.729659649000041 ], [ 22.681869842000026, 32.729742410000028 ], [ 22.681863391000036, 32.729849881000064 ], [ 22.681900622000057, 32.730028356000048 ], [ 22.681937450000078, 32.730185358000028 ], [ 22.681954252000025, 32.730403481000053 ], [ 22.68190183300004, 32.730543784000076 ], [ 22.681821392000074, 32.730770371000062 ], [ 22.68129592400004, 32.731428885000071 ], [ 22.681124200000056, 32.731678500000044 ] ] ] } },
{ "type": "Feature", "properties": { "obj_type": "Stream", "NAM": "Unknown", "HYP": "Intermittent", "det_method": "Photo-interpretation", "or_src_id": "1", "emsn_id": "EMSN177", "fwc_type": "FLEX", "aoi_id": "1", "name": "Derna", "country": "Libya" }, "geometry": { "type": "MultiLineString", "coordinates": [ [ [ 22.655105026000058, 32.726102328000024 ], [ 22.655306477000067, 32.726615117000051 ], [ 22.655428196000059, 32.727090775000079 ], [ 22.655654172000027, 32.727708237000058 ], [ 22.656080549000023, 32.728170326000054 ], [ 22.656521046000023, 32.728784952000069 ], [ 22.656573267000056, 32.729166075000023 ], [ 22.656647011000075, 32.729489641000043 ], [ 22.656856062000031, 32.729801874000032 ], [ 22.656906167000045, 32.730068481000046 ], [ 22.656950103000042, 32.730611983000074 ], [ 22.656956284000046, 32.73094598800003 ], [ 22.656803163000063, 32.731215281000061 ], [ 22.656510493000042, 32.731618835000063 ] ] ] } },
{ "type": "Feature", "properties": { "obj_type": "Stream", "NAM": "Unknown", "HYP": "Intermittent", "det_method": "Photo-interpretation", "or_src_id": "1", "emsn_id": "EMSN177", "fwc_type": "FLEX", "aoi_id": "1", "name": "Derna", "country": "Libya" }, "geometry": { "type": "MultiLineString", "coordinates": [ [ [ 22.658220263000032, 32.724801171000024 ], [ 22.658161182000072, 32.72526967400006 ], [ 22.658121501000039, 32.725566104000052 ], [ 22.65812538800003, 32.725776050000036 ], [ 22.658229292000044, 32.725898764000078 ], [ 22.658468852000055, 32.726029229000062 ], [ 22.658507669000073, 32.726295985000036 ], [ 22.658538201000056, 32.726725121000072 ], [ 22.658682164000027, 32.727181392000034 ], [ 22.658713935000037, 32.727677329000073 ], [ 22.658654845000058, 32.727840381000078 ], [ 22.658561836000047, 32.728048004000073 ], [ 22.65858922700005, 32.728155026000024 ], [ 22.658694152000066, 32.728332613000077 ], [ 22.658977956000058, 32.72856510400004 ], [ 22.659057611000037, 32.728750183000045 ], [ 22.659309670000027, 32.729097637000052 ], [ 22.659458527000027, 32.729360549000035 ], [ 22.65978403400004, 32.730014866000033 ], [ 22.660164575000067, 32.730439366000041 ], [ 22.660288431000026, 32.730724085000077 ], [ 22.660250871000073, 32.730982306000044 ], [ 22.66003508600005, 32.731221411000035 ], [ 22.659871900000041, 32.731412 ] ] ] } },
{ "type": "Feature", "properties": { "obj_type": "Stream", "NAM": "Unknown", "HYP": "Intermittent", "det_method": "Photo-interpretation", "or_src_id": "1", "emsn_id": "EMSN177", "fwc_type": "FLEX", "aoi_id": "1", "name": "Derna", "country": "Libya" }, "geometry": { "type": "MultiLineString", "coordinates": [ [ [ 22.660238049000043, 32.727046249000068 ], [ 22.660390130000053, 32.727529828000058 ], [ 22.660427582000068, 32.727722624000023 ], [ 22.660449029000063, 32.727965746000052 ], [ 22.660496145000025, 32.728222845000062 ], [ 22.660620397000059, 32.728529036000054 ], [ 22.660761055000023, 32.728806373000054 ], [ 22.660849447000032, 32.729005653000058 ], [ 22.660929373000045, 32.729205046000061 ], [ 22.660939300000052, 32.729283663000047 ], [ 22.660882179000055, 32.729857140000036 ], [ 22.66088510000003, 32.730014598000025 ], [ 22.66103951100007, 32.73011993700004 ], [ 22.661180800000068, 32.730310900000063 ] ] ] } },
{ "type": "Feature", "properties": { "obj_type": "Stream", "NAM": "Unknown", "HYP": "Intermittent", "det_method": "Photo-interpretation", "or_src_id": "1", "emsn_id": "EMSN177", "fwc_type": "FLEX", "aoi_id": "1", "name": "Derna", "country": "Libya" }, "geometry": { "type": "MultiLineString", "coordinates": [ [ [ 22.662566132000052, 32.723493166000026 ], [ 22.662572864000026, 32.723855800000024 ], [ 22.662299128000029, 32.724317606000056 ], [ 22.662157854000043, 32.72461538400006 ], [ 22.662107783000067, 32.72495968000004 ], [ 22.662139748000072, 32.725465158000077 ], [ 22.662283194000054, 32.72589279500005 ], [ 22.662498988000038, 32.726567651000039 ], [ 22.662648777000072, 32.726927167000042 ], [ 22.662817498000038, 32.727347310000027 ], [ 22.662740133000057, 32.727742080000041 ], [ 22.662642377000054, 32.727950988000032 ], [ 22.662646363000079, 32.728165705000038 ], [ 22.662546384000052, 32.728711114000077 ], [ 22.662314873000071, 32.729014862000042 ], [ 22.662001340000074, 32.72946287700006 ], [ 22.661567, 32.729697200000032 ] ] ] } },
{ "type": "Feature", "properties": { "obj_type": "Stream", "NAM": "Unknown", "HYP": "Intermittent", "det_method": "Photo-interpretation", "or_src_id": "1", "emsn_id": "EMSN177", "fwc_type": "FLEX", "aoi_id": "1", "name": "Derna", "country": "Libya" }, "geometry": { "type": "MultiLineString", "coordinates": [ [ [ 22.666449793000027, 32.722840241000029 ], [ 22.666225322000059, 32.72352094200005 ], [ 22.666139268000052, 32.723751174000029 ], [ 22.666112855000051, 32.724152428000025 ], [ 22.666017285000066, 32.724478240000053 ], [ 22.665934779000054, 32.724899330000028 ], [ 22.665931299000079, 32.725319370000079 ], [ 22.665940707000061, 32.725825147000023 ], [ 22.666018032000068, 32.726339566000036 ], [ 22.666024778000065, 32.726702198000055 ], [ 22.665962720000039, 32.727008473000069 ], [ 22.665517338000029, 32.727348478000067 ], [ 22.665226817000075, 32.727514608000035 ], [ 22.665058599000076, 32.728185015000065 ], [ 22.664595835000057, 32.729412962000026 ], [ 22.664485251000031, 32.729823550000049 ] ] ] } },
{ "type": "Feature", "properties": { "obj_type": "Stream", "NAM": "Unknown", "HYP": "Intermittent", "det_method": "Photo-interpretation", "or_src_id": "1", "emsn_id": "EMSN177", "fwc_type": "FLEX", "aoi_id": "1", "name": "Derna", "country": "Libya" }, "geometry": { "type": "MultiLineString", "coordinates": [ [ [ 22.666024778000065, 32.726702198000055 ], [ 22.666533251000033, 32.727325430000064 ], [ 22.666765975000033, 32.727694602000042 ], [ 22.666829885000027, 32.728094655000064 ], [ 22.667004288000044, 32.728970504000074 ], [ 22.667060200000037, 32.729354200000046 ] ] ] } },
{ "type": "Feature", "properties": { "obj_type": "Stream", "NAM": "Unknown", "HYP": "Intermittent", "det_method": "Photo-interpretation", "or_src_id": "1", "emsn_id": "EMSN177", "fwc_type": "FLEX", "aoi_id": "1", "name": "Derna", "country": "Libya" }, "geometry": { "type": "MultiLineString", "coordinates": [ [ [ 22.662664200000052, 32.73234872900008 ], [ 22.662479169000051, 32.731807354000068 ], [ 22.662225759000023, 32.731514530000027 ], [ 22.661823653000056, 32.731297934000054 ], [ 22.661352400000055, 32.731141200000025 ] ] ] } },
{ "type": "Feature", "properties": { "obj_type": "Stream", "NAM": "Unknown", "HYP": "Intermittent", "det_method": "Photo-interpretation", "or_src_id": "1", "emsn_id": "EMSN177", "fwc_type": "FLEX", "aoi_id": "1", "name": "Derna", "country": "Libya" }, "geometry": { "type": "MultiLineString", "coordinates": [ [ [ 22.656263414000023, 32.738456725000049 ], [ 22.656104417000051, 32.739019614000028 ], [ 22.656174779000025, 32.73977037800006 ], [ 22.656405, 32.74065360000003 ] ] ] } },
{ "type": "Feature", "properties": { "obj_type": "Stream", "NAM": "Unknown", "HYP": "Intermittent", "det_method": "Photo-interpretation", "or_src_id": "1", "emsn_id": "EMSN177", "fwc_type": "FLEX", "aoi_id": "1", "name": "Derna", "country": "Libya" }, "geometry": { "type": "MultiLineString", "coordinates": [ [ [ 22.657392776000052, 32.726879926000038 ], [ 22.657474377000028, 32.727475431000073 ], [ 22.657482325000046, 32.727904865000028 ], [ 22.657396122000023, 32.728586110000037 ], [ 22.657543431000079, 32.72891824800007 ], [ 22.657659312000078, 32.729077794000034 ], [ 22.65770466400005, 32.729326485000058 ], [ 22.657692234000024, 32.729570056000057 ], [ 22.657560594000074, 32.72977940800007 ], [ 22.657335013000022, 32.729947048000042 ], [ 22.656916110000054, 32.730191468000044 ] ] ] } },
{ "type": "Feature", "properties": { "obj_type": "Stream", "NAM": "Unknown", "HYP": "Intermittent", "det_method": "Photo-interpretation", "or_src_id": "1", "emsn_id": "EMSN177", "fwc_type": "FLEX", "aoi_id": "1", "name": "Derna", "country": "Libya" }, "geometry": { "type": "MultiLineString", "coordinates": [ [ [ 22.669416174000048, 32.726624595000033 ], [ 22.669625261000078, 32.726936805000037 ], [ 22.669767411000066, 32.727292861000024 ], [ 22.669910898000069, 32.727720488000045 ], [ 22.670140662000051, 32.728232873000024 ], [ 22.670386562000033, 32.728702089000024 ] ] ] } },
{ "type": "Feature", "properties": { "obj_type": "Stream", "NAM": "Unknown", "HYP": "Intermittent", "det_method": "Photo-interpretation", "or_src_id": "1", "emsn_id": "EMSN177", "fwc_type": "FLEX", "aoi_id": "1", "name": "Derna", "country": "Libya" }, "geometry": { "type": "MultiLineString", "coordinates": [ [ [ 22.672525654000026, 32.724421131000042 ], [ 22.672869328000047, 32.72559061700008 ], [ 22.67312869400007, 32.725873515000046 ], [ 22.673691545000054, 32.726080769000077 ], [ 22.674867790000064, 32.726480278000054 ], [ 22.675695400000052, 32.72657 ] ] ] } },
{ "type": "Feature", "properties": { "obj_type": "Stream", "NAM": "Unknown", "HYP": "Intermittent", "det_method": "Photo-interpretation", "or_src_id": "1", "emsn_id": "EMSN177", "fwc_type": "FLEX", "aoi_id": "1", "name": "Derna", "country": "Libya" }, "geometry": { "type": "MultiLineString", "coordinates": [ [ [ 22.674600437000038, 32.729695842000069 ], [ 22.675220679000063, 32.72964937200004 ], [ 22.676324432000058, 32.729491435000057 ], [ 22.677327642000023, 32.729392107000024 ], [ 22.677507926000033, 32.729370603000064 ], [ 22.677901827000028, 32.72929851400005 ], [ 22.678257403000032, 32.729266921000033 ] ] ] } },
{ "type": "Feature", "properties": { "obj_type": "Stream", "NAM": "Unknown", "HYP": "Intermittent", "det_method": "Photo-interpretation", "or_src_id": "1", "emsn_id": "EMSN177", "fwc_type": "FLEX", "aoi_id": "1", "name": "Derna", "country": "Libya" }, "geometry": { "type": "MultiLineString", "coordinates": [ [ [ 22.669181910000077, 32.729141949000052 ], [ 22.669406052000056, 32.729352778000077 ], [ 22.669563807000031, 32.729637035000053 ], [ 22.669569144000036, 32.729923324000026 ], [ 22.669744636000075, 32.730250299000033 ], [ 22.669867455000031, 32.730477750000034 ], [ 22.669935998000028, 32.730519790000073 ] ] ] } },
{ "type": "Feature", "properties": { "obj_type": "Stream", "NAM": "Unknown", "HYP": "Intermittent", "det_method": "Photo-interpretation", "or_src_id": "1", "emsn_id": "EMSN177", "fwc_type": "FLEX", "aoi_id": "1", "name": "Derna", "country": "Libya" }, "geometry": { "type": "MultiLineString", "coordinates": [ [ [ 22.680490213000041, 32.71960060400005 ], [ 22.680516277000038, 32.72008706500003 ], [ 22.68050256600003, 32.720259064000061 ], [ 22.680173564000029, 32.720778920000043 ], [ 22.67982494000006, 32.721155858000031 ], [ 22.679561250000063, 32.721545976000073 ], [ 22.679502373000048, 32.722019257000056 ], [ 22.67951123000006, 32.722491630000036 ], [ 22.679688621000025, 32.72291879200003 ], [ 22.67969425800004, 32.723219393000079 ], [ 22.679620692000071, 32.723511510000037 ], [ 22.679375547000063, 32.723686610000073 ], [ 22.679143301000067, 32.723947444000032 ], [ 22.678864644000043, 32.724142082000071 ], [ 22.678642225000033, 32.724175506000051 ] ] ] } },
{ "type": "Feature", "properties": { "obj_type": "Stream", "NAM": "Unknown", "HYP": "Intermittent", "det_method": "Photo-interpretation", "or_src_id": "1", "emsn_id": "EMSN177", "fwc_type": "FLEX", "aoi_id": "1", "name": "Derna", "country": "Libya" }, "geometry": { "type": "MultiLineString", "coordinates": [ [ [ 22.674715891000062, 32.73694024200006 ], [ 22.674904939000044, 32.737231356000052 ], [ 22.67489428500005, 32.737416438000025 ], [ 22.674714151000046, 32.737597820000076 ], [ 22.674351540000032, 32.737835332000031 ], [ 22.674247693000041, 32.737944103000075 ], [ 22.674187527000072, 32.738123881000035 ], [ 22.673811691000026, 32.738409294000064 ] ] ] } },
{ "type": "Feature", "properties": { "obj_type": "Stream", "NAM": "Unknown", "HYP": "Intermittent", "det_method": "Photo-interpretation", "or_src_id": "1", "emsn_id": "EMSN177", "fwc_type": "FLEX", "aoi_id": "1", "name": "Derna", "country": "Libya" }, "geometry": { "type": "MultiLineString", "coordinates": [ [ [ 22.654165300000045, 32.703072900000052 ], [ 22.653807477000043, 32.703160086000025 ], [ 22.653522072000044, 32.703109188000042 ], [ 22.653376245000061, 32.702914326000041 ], [ 22.653333230000044, 32.702685310000049 ], [ 22.653266176000045, 32.702555004000033 ], [ 22.653247604000057, 32.70224913800007 ], [ 22.653398092000032, 32.701995707000037 ], [ 22.653684726000051, 32.701412503000029 ], [ 22.653801068000064, 32.701410969000051 ], [ 22.654060411000046, 32.701451279000025 ], [ 22.654370253000025, 32.701425326000049 ], [ 22.654498513000078, 32.701368971000079 ], [ 22.654624151000064, 32.701170529000024 ], [ 22.654775843000039, 32.700982674000045 ], [ 22.654785340000046, 32.700796696000054 ], [ 22.654768580000052, 32.700589200000024 ], [ 22.654596901000048, 32.700394680000045 ], [ 22.654230515000052, 32.700158999000053 ], [ 22.654060250000043, 32.700040987000079 ], [ 22.653929572000038, 32.699966183000072 ], [ 22.653770621000035, 32.699760562000051 ], [ 22.653754871000046, 32.699607714000024 ], [ 22.653841124000053, 32.699376994000033 ], [ 22.653904143000034, 32.699288702000047 ], [ 22.654020281000044, 32.699276238000039 ], [ 22.654329913000026, 32.699239356000078 ], [ 22.654511491000051, 32.699269758000071 ], [ 22.654976847000057, 32.699263617000042 ], [ 22.655142673000057, 32.699141172000054 ], [ 22.655246225000042, 32.698978932000045 ], [ 22.655213715000059, 32.698746692000043 ], [ 22.655139211000062, 32.698532905000036 ], [ 22.655014559000051, 32.698278018000053 ], [ 22.654960557000038, 32.698028165000039 ], [ 22.654957144000036, 32.697843268000042 ], [ 22.655016666000051, 32.697627711000052 ], [ 22.655235894000043, 32.697272832000067 ], [ 22.655462173000046, 32.696917860000042 ], [ 22.655635435000022, 32.696748528000057 ], [ 22.65567599600007, 32.696652538000023 ], [ 22.655708291000053, 32.696491034000076 ], [ 22.655649437000022, 32.696360562000052 ], [ 22.65557592600004, 32.696200454000063 ], [ 22.655254102000072, 32.695966068000075 ], [ 22.655180701000063, 32.695811925000044 ], [ 22.655216117000066, 32.69558052900004 ], [ 22.655279108000059, 32.69536194300008 ], [ 22.655279772000029, 32.695206822000046 ], [ 22.655237123000063, 32.69499858000006 ], [ 22.65508602400007, 32.694839495000053 ], [ 22.654818539000075, 32.694681947000049 ], [ 22.654778313000065, 32.694604922000053 ], [ 22.654727456000046, 32.694334146000074 ], [ 22.654645524000045, 32.693908668000063 ], [ 22.65464580400004, 32.693732671000078 ], [ 22.654696065000053, 32.693588828000031 ], [ 22.654766165000069, 32.693373131000044 ], [ 22.654893298000047, 32.69318949500007 ], [ 22.655014588000029, 32.693071560000078 ], [ 22.655103257000064, 32.692906328000049 ] ] ] } },
{ "type": "Feature", "properties": { "obj_type": "Stream", "NAM": "Unknown", "HYP": "Intermittent", "det_method": "Photo-interpretation", "or_src_id": "1", "emsn_id": "EMSN177", "fwc_type": "FLEX", "aoi_id": "1", "name": "Derna", "country": "Libya" }, "geometry": { "type": "MultiLineString", "coordinates": [ [ [ 22.656130149000035, 32.704422389000058 ], [ 22.655952082000056, 32.704332271000055 ], [ 22.655676133000043, 32.704291171000079 ], [ 22.655439149000074, 32.704258505000041 ], [ 22.655290456000046, 32.70423063800007 ], [ 22.655091556000059, 32.704158691000032 ], [ 22.654955926000071, 32.704073976000075 ], [ 22.654788607000057, 32.703992663000065 ], [ 22.654667526000026, 32.703931619000059 ], [ 22.654550193000034, 32.703882457000077 ], [ 22.654478273000052, 32.703808833000039 ], [ 22.654471694000051, 32.703802099000029 ] ] ] } },
{ "type": "Feature", "properties": { "obj_type": "Stream", "NAM": "Unknown", "HYP": "Intermittent", "det_method": "Photo-interpretation", "or_src_id": "1", "emsn_id": "EMSN177", "fwc_type": "FLEX", "aoi_id": "1", "name": "Derna", "country": "Libya" }, "geometry": { "type": "MultiLineString", "coordinates": [ [ [ 22.676080370000022, 32.734122829000057 ], [ 22.676370343000031, 32.734530590000077 ], [ 22.676582135000046, 32.734909568000035 ], [ 22.676706903000024, 32.735164429000065 ], [ 22.676766838000049, 32.735365338000065 ] ] ] } },
{ "type": "Feature", "properties": { "obj_type": "Stream", "NAM": "Unknown", "HYP": "Intermittent", "det_method": "Ancillary data", "or_src_id": "994", "emsn_id": "EMSN177", "fwc_type": "FLEX", "aoi_id": "1", "name": "Derna", "country": "Libya" }, "geometry": { "type": "MultiLineString", "coordinates": [ [ [ 22.612502600000028, 32.646132500000078 ], [ 22.613017500000069, 32.646674500000074 ], [ 22.613425200000052, 32.647126200000059 ], [ 22.613317900000027, 32.647487600000034 ], [ 22.613146300000039, 32.647993400000075 ], [ 22.613146300000039, 32.648246400000062 ], [ 22.613060500000074, 32.648661900000036 ], [ 22.612502600000028, 32.649276200000031 ], [ 22.612009, 32.649655600000074 ], [ 22.611687200000063, 32.65019760000007 ], [ 22.611172200000055, 32.650649300000055 ], [ 22.610721600000034, 32.651046800000074 ], [ 22.610399700000073, 32.65119130000005 ], [ 22.610313900000051, 32.651480400000025 ], [ 22.610271, 32.652004300000044 ], [ 22.609970500000031, 32.652275300000042 ], [ 22.609605800000054, 32.652456 ], [ 22.60876890000003, 32.653214800000057 ], [ 22.60857580000004, 32.653865200000041 ], [ 22.608318300000064, 32.654443300000025 ], [ 22.608060800000032, 32.654732300000035 ], [ 22.607256200000052, 32.655084600000066 ] ] ] } },
{ "type": "Feature", "properties": { "obj_type": "Stream", "NAM": "Unknown", "HYP": "Intermittent", "det_method": "Ancillary data", "or_src_id": "994", "emsn_id": "EMSN177", "fwc_type": "FLEX", "aoi_id": "1", "name": "Derna", "country": "Libya" }, "geometry": { "type": "MultiLineString", "coordinates": [ [ [ 22.601333800000077, 32.660721 ], [ 22.601537700000051, 32.660314500000027 ], [ 22.60154840000007, 32.65989 ], [ 22.601527001000022, 32.659564800000055 ], [ 22.60174149900007, 32.659321 ], [ 22.602009800000076, 32.659167400000058 ], [ 22.602438900000038, 32.659077100000047 ], [ 22.602771500000074, 32.658959700000025 ], [ 22.602943200000027, 32.658851300000038 ], [ 22.603136300000074, 32.658824200000026 ], [ 22.603340100000025, 32.658851300000038 ], [ 22.603576200000077, 32.658779 ], [ 22.603994600000078, 32.658751900000027 ], [ 22.604252100000053, 32.658751900000027 ], [ 22.604627600000072, 32.658760900000061 ], [ 22.604885100000047, 32.658724800000073 ], [ 22.60515330000004, 32.658598400000074 ], [ 22.605539500000077, 32.658526100000074 ], [ 22.605968700000062, 32.65849 ], [ 22.606312, 32.658381600000041 ], [ 22.606623200000058, 32.658173800000043 ], [ 22.606891400000052, 32.658029300000067 ], [ 22.607148900000027, 32.657857700000079 ], [ 22.607638100000031, 32.657766500000037 ] ] ] } },
{ "type": "Feature", "properties": { "obj_type": "Stream", "NAM": "Unknown", "HYP": "Intermittent", "det_method": "Ancillary data", "or_src_id": "994", "emsn_id": "EMSN177", "fwc_type": "FLEX", "aoi_id": "1", "name": "Derna", "country": "Libya" }, "geometry": { "type": "MultiLineString", "coordinates": [ [ [ 22.588201800000036, 32.656918300000029 ], [ 22.588212500000054, 32.657695100000069 ], [ 22.588352, 32.658110600000043 ], [ 22.588630901000045, 32.658571300000062 ], [ 22.588791800000024, 32.65877 ], [ 22.589049800000055, 32.659043900000029 ] ] ] } },
{ "type": "Feature", "properties": { "obj_type": "Stream", "NAM": "Unknown", "HYP": "Intermittent", "det_method": "Ancillary data", "or_src_id": "994", "emsn_id": "EMSN177", "fwc_type": "FLEX", "aoi_id": "1", "name": "Derna", "country": "Libya" }, "geometry": { "type": "MultiLineString", "coordinates": [ [ [ 22.596505900000068, 32.648716100000058 ], [ 22.596666800000037, 32.648896800000045 ], [ 22.596892100000048, 32.649113600000078 ], [ 22.597138900000061, 32.649267200000054 ], [ 22.597793300000035, 32.649538200000052 ], [ 22.598340500000063, 32.649890500000026 ], [ 22.598705300000063, 32.650260900000035 ], [ 22.59887690000005, 32.650658300000032 ], [ 22.598807200000067, 32.650861600000042 ], [ 22.598951999000064, 32.651168700000028 ], [ 22.599257800000032, 32.651272600000027 ], [ 22.599864, 32.651272600000027 ], [ 22.60035750000003, 32.651326800000049 ], [ 22.600647200000026, 32.651507500000037 ], [ 22.600733, 32.651719800000023 ], [ 22.600759900000071, 32.652035900000044 ], [ 22.600776, 32.652252700000076 ], [ 22.600990500000023, 32.652550800000029 ], [ 22.601634300000057, 32.653147 ], [ 22.602036600000076, 32.653413500000056 ], [ 22.602578400000027, 32.653413500000056 ], [ 22.603252700000041, 32.65346610000006 ] ] ] } },
{ "type": "Feature", "properties": { "obj_type": "Stream", "NAM": "Wadi Az Zalilat", "HYP": "Intermittent", "det_method": "Photo-interpretation", "or_src_id": "1", "emsn_id": "EMSN177", "fwc_type": "FLEX", "aoi_id": "1", "name": "Derna", "country": "Libya" }, "geometry": { "type": "MultiLineString", "coordinates": [ [ [ 22.600829600000054, 32.653919300000041 ], [ 22.599933700000065, 32.654271600000072 ], [ 22.599370500000077, 32.654221900000039 ], [ 22.599113, 32.65399160000004 ], [ 22.598834, 32.653973500000063 ], [ 22.597911300000078, 32.654352900000049 ], [ 22.597653800000046, 32.654569700000025 ], [ 22.597417800000073, 32.655039400000078 ], [ 22.597310500000049, 32.655491100000063 ], [ 22.597138900000061, 32.655707900000039 ], [ 22.596774100000061, 32.655798200000049 ], [ 22.59632350000004, 32.656159500000058 ], [ 22.596194700000069, 32.656466600000044 ], [ 22.595808500000032, 32.656846 ], [ 22.595443700000033, 32.657026700000074 ], [ 22.59501460000007, 32.657388 ], [ 22.594692700000053, 32.657821600000034 ], [ 22.59411330000006, 32.657857700000079 ], [ 22.593426700000066, 32.657713200000046 ], [ 22.592976100000044, 32.657821600000034 ], [ 22.592761500000051, 32.658110600000043 ], [ 22.592439600000034, 32.658146700000032 ], [ 22.591989, 32.658182900000043 ], [ 22.591345300000057, 32.658381600000041 ], [ 22.590594300000078, 32.658652600000039 ], [ 22.590186600000038, 32.658869300000049 ], [ 22.589499900000078, 32.658887400000026 ], [ 22.589156600000024, 32.65890550000006 ], [ 22.589049800000055, 32.659043900000029 ], [ 22.588877700000069, 32.659266800000069 ], [ 22.588625500000035, 32.659807600000079 ], [ 22.588440500000047, 32.659943100000078 ], [ 22.588283600000068, 32.660001800000032 ], [ 22.587976400000059, 32.65991710000003 ], [ 22.587756500000069, 32.659838100000059 ], [ 22.587654600000064, 32.659664200000066 ], [ 22.587507100000039, 32.659588500000041 ], [ 22.58735420000005, 32.659591900000066 ], [ 22.58728142800004, 32.659648994000065 ], [ 22.587243669000031, 32.659678108000037 ], [ 22.587192321000032, 32.659965125000042 ], [ 22.587184076000028, 32.66013704900007 ], [ 22.587141099000064, 32.660259299000074 ], [ 22.587103131000049, 32.660345689000053 ], [ 22.587047649000056, 32.660398891000057 ], [ 22.586934787000075, 32.66039793300007 ], [ 22.586812073000033, 32.660318347000043 ], [ 22.586669026000038, 32.660205609000059 ], [ 22.586523243000045, 32.660097678000056 ], [ 22.586332121000055, 32.65997838800007 ], [ 22.586181583000041, 32.659920631000034 ], [ 22.586011934000055, 32.659898912000074 ], [ 22.585904672000026, 32.659895495000058 ], [ 22.585733172000062, 32.659928686000057 ], [ 22.585655420000023, 32.659998874000053 ], [ 22.585646035000025, 32.660106380000059 ], [ 22.585647551000022, 32.660192271000028 ], [ 22.585700637000059, 32.660322852000036 ], [ 22.585756249000042, 32.660436696000033 ], [ 22.585845833000064, 32.660557270000027 ], [ 22.58590397100005, 32.660654377000071 ], [ 22.585928009000042, 32.660737596000047 ], [ 22.585918034000031, 32.660811700000068 ], [ 22.58584916500007, 32.660905640000067 ], [ 22.585773938000045, 32.660959092000041 ], [ 22.585655941000027, 32.660986833000038 ], [ 22.585565601000042, 32.660983202000068 ], [ 22.585412241000029, 32.66092548000006 ], [ 22.585270078000065, 32.660862844000064 ], [ 22.585114109000074, 32.660817086000066 ], [ 22.585001162000026, 32.660811354000032 ], [ 22.584877229000028, 32.660822465000024 ], [ 22.584832481000035, 32.660844507000036 ], [ 22.584621450000043, 32.661195586000076 ], [ 22.584533300000032, 32.661316019000026 ], [ 22.584462156000029, 32.661441009000043 ], [ 22.584424605000038, 32.661551258000031 ], [ 22.584387475000028, 32.661685365000039 ], [ 22.584400779000077, 32.661799743000074 ], [ 22.584386466000069, 32.661947880000071 ], [ 22.584282095000049, 32.662044732000027 ], [ 22.583856600000047, 32.66234680000008 ], [ 22.583320100000037, 32.662581700000032 ], [ 22.583062599000073, 32.662672 ], [ 22.582689283000036, 32.662774959000046 ], [ 22.582372037000027, 32.662831417000064 ], [ 22.582148074000031, 32.662929697000038 ], [ 22.582046565000041, 32.662972739000054 ], [ 22.581980523000027, 32.663027266000029 ], [ 22.581932214000062, 32.663087534000056 ], [ 22.581879387000072, 32.663215728000068 ] ] ] } },
{ "type": "Feature", "properties": { "obj_type": "River", "NAM": "Wadi Al Ajjuri", "HYP": "Intermittent", "det_method": "Ancillary data", "or_src_id": "994", "emsn_id": "EMSN177", "fwc_type": "FLEX", "aoi_id": "1", "name": "Derna", "country": "Libya" }, "geometry": { "type": "MultiLineString", "coordinates": [ [ [ 22.601902500000051, 32.63251740000004 ], [ 22.601752300000044, 32.632634800000062 ], [ 22.60113, 32.63301430000007 ], [ 22.60075450000005, 32.633466100000078 ], [ 22.600314600000047, 32.634134700000061 ], [ 22.600228800000025, 32.634685800000057 ], [ 22.600389700000051, 32.635255 ], [ 22.600604300000043, 32.635544100000061 ], [ 22.601001300000064, 32.635914600000035 ], [ 22.601430400000027, 32.636375400000077 ], [ 22.601730800000041, 32.636899400000061 ], [ 22.602031200000056, 32.637721500000055 ], [ 22.602020500000037, 32.63844430000006 ], [ 22.601923900000031, 32.638896 ], [ 22.601838099000076, 32.639383900000041 ], [ 22.601612800000055, 32.639944100000037 ], [ 22.601612800000055, 32.640549400000054 ], [ 22.601923900000031, 32.641046300000028 ], [ 22.602396, 32.641579300000046 ], [ 22.602481800000078, 32.641778 ], [ 22.602535500000045, 32.642103300000031 ], [ 22.602653500000031, 32.642491800000073 ], [ 22.602900300000044, 32.642789900000025 ], [ 22.603265, 32.642979600000047 ], [ 22.603726400000028, 32.643241600000067 ], [ 22.603941, 32.64357590000003 ], [ 22.604166300000031, 32.643946300000039 ], [ 22.604241400000035, 32.644370900000069 ], [ 22.604230600000051, 32.644822600000055 ], [ 22.60400530000004, 32.645644600000026 ], [ 22.603683500000045, 32.646882300000073 ], [ 22.603501100000074, 32.647207500000036 ], [ 22.603436700000032, 32.647749500000032 ], [ 22.603243600000042, 32.648634800000025 ], [ 22.603222100000039, 32.649023300000067 ], [ 22.603265, 32.649375600000042 ], [ 22.603479600000071, 32.649709800000039 ], [ 22.603769300000067, 32.649872400000049 ], [ 22.604252100000053, 32.649890500000026 ], [ 22.604681200000073, 32.649926600000072 ], [ 22.605046, 32.649962800000026 ], [ 22.605496601000027, 32.650017 ], [ 22.605743400000051, 32.650278900000046 ], [ 22.606054500000027, 32.650848 ], [ 22.605829200000073, 32.65139 ], [ 22.605314200000066, 32.651778500000034 ], [ 22.604831400000023, 32.651977200000033 ], [ 22.604337900000075, 32.652139800000043 ], [ 22.603822900000068, 32.652347600000041 ], [ 22.603468900000053, 32.652636600000051 ], [ 22.603308, 32.652925700000026 ], [ 22.603243600000042, 32.653323200000045 ], [ 22.603252700000041, 32.65346610000006 ], [ 22.603275800000063, 32.653829 ], [ 22.604327200000057, 32.654181300000062 ], [ 22.60551810000004, 32.654488400000048 ], [ 22.606558800000073, 32.65476840000008 ], [ 22.607256200000052, 32.655084600000066 ], [ 22.607615648000035, 32.655220057000065 ], [ 22.608032321000053, 32.655584747000034 ], [ 22.608359860000064, 32.655917029000079 ], [ 22.608673941000063, 32.656442781000067 ], [ 22.608842521000042, 32.656877327000075 ], [ 22.608906750000074, 32.65715571000004 ], [ 22.608927520000066, 32.65737021800004 ], [ 22.608886766000069, 32.657547800000032 ], [ 22.608693725000023, 32.657612160000042 ], [ 22.607966760000068, 32.657673672000044 ], [ 22.607638100000031, 32.657766500000037 ], [ 22.607181100000048, 32.658219 ], [ 22.607379600000058, 32.658679600000028 ], [ 22.60814670600007, 32.659135767000066 ], [ 22.608946123000067, 32.659353062000037 ], [ 22.609487257000069, 32.659324645000027 ], [ 22.609875063000061, 32.659240919000069 ], [ 22.610500552000076, 32.65919709800005 ], [ 22.610925924000071, 32.659320502000071 ], [ 22.611199001000045, 32.659826800000076 ], [ 22.611589019000064, 32.660428812000077 ], [ 22.611878631000025, 32.66053247900004 ], [ 22.612082732000033, 32.660587130000067 ], [ 22.61255656700007, 32.660581042000047 ], [ 22.612929252000072, 32.660597729000074 ], [ 22.613301037000042, 32.660564313000066 ], [ 22.613588593000031, 32.660553456000059 ], [ 22.614047500000027, 32.660639700000047 ] ] ] } },
{ "type": "Feature", "properties": { "obj_type": "Stream", "NAM": "Unknown", "HYP": "Intermittent", "det_method": "Photo-interpretation", "or_src_id": "1", "emsn_id": "EMSN177", "fwc_type": "FLEX", "aoi_id": "1", "name": "Derna", "country": "Libya" }, "geometry": { "type": "MultiLineString", "coordinates": [ [ [ 22.589371200000073, 32.64250080000005 ], [ 22.588620200000037, 32.642699500000049 ], [ 22.58810520000003, 32.643079 ], [ 22.587783299000023, 32.643476500000077 ], [ 22.587118100000055, 32.643910100000028 ], [ 22.587004249000074, 32.643963361000033 ], [ 22.586538800000028, 32.644181100000026 ], [ 22.586570950000066, 32.644542500000057 ], [ 22.586721400000044, 32.645634058000041 ], [ 22.586724350000054, 32.645801068000026 ], [ 22.586654906000035, 32.646021494000024 ], [ 22.586641525000061, 32.646222121000051 ], [ 22.58657157600004, 32.646413917000075 ], [ 22.586555420000025, 32.646776853000063 ], [ 22.586589182000068, 32.647091431000035 ], [ 22.586582538000073, 32.647354018000044 ], [ 22.586640041000067, 32.647735115000046 ], [ 22.586706297000035, 32.647972917000061 ], [ 22.586777773000051, 32.648186789000079 ], [ 22.586768515000074, 32.648301453000045 ], [ 22.586737539000069, 32.648464119000039 ], [ 22.586713300000042, 32.648688747000051 ], [ 22.586693858000046, 32.648865586000056 ], [ 22.586743532000071, 32.649122688000034 ], [ 22.586793205000049, 32.649379791000058 ], [ 22.586825115000067, 32.649589391000063 ], [ 22.586752052000065, 32.64992440900005 ], [ 22.586778154000058, 32.650124537000067 ], [ 22.586887595000064, 32.65025201800006 ], [ 22.587031554000077, 32.650417246000075 ], [ 22.58711942900004, 32.650482953000051 ], [ 22.58737560000003, 32.650703500000077 ], [ 22.587654600000064, 32.651209400000027 ], [ 22.587997900000062, 32.651353900000061 ], [ 22.588641600000074, 32.651372 ], [ 22.589135100000078, 32.651787500000069 ], [ 22.589521400000024, 32.652365600000053 ], [ 22.589778900000056, 32.653016 ], [ 22.590143700000056, 32.653359300000034 ], [ 22.59044410000007, 32.65390130000003 ], [ 22.590959101000067, 32.653973500000063 ], [ 22.591345300000057, 32.654208400000073 ], [ 22.591366700000037, 32.654479400000071 ], [ 22.591087801000072, 32.654931 ], [ 22.59121650000003, 32.655274300000031 ], [ 22.591624201000059, 32.655527200000051 ], [ 22.591881700000044, 32.655798200000049 ], [ 22.591645700000072, 32.656376300000034 ], [ 22.591302400000075, 32.656828 ], [ 22.591452600000025, 32.657442200000048 ], [ 22.591774400000077, 32.657767400000068 ], [ 22.591989, 32.658182900000043 ] ] ] } },
{ "type": "Feature", "properties": { "obj_type": "River", "NAM": "Unknown", "HYP": "Intermittent", "det_method": "Ancillary data", "or_src_id": "994", "emsn_id": "EMSN177", "fwc_type": "FLEX", "aoi_id": "1", "name": "Derna", "country": "Libya" }, "geometry": { "type": "MultiLineString", "coordinates": [ [ [ 22.592735152000046, 32.631068429000038 ], [ 22.592976100000044, 32.631116900000052 ], [ 22.593576900000073, 32.630972300000053 ], [ 22.594027500000038, 32.630791600000066 ], [ 22.594119982000052, 32.630680976000065 ] ] ] } },
{ "type": "Feature", "properties": { "obj_type": "River", "NAM": "Unknown", "HYP": "Intermittent", "det_method": "Ancillary data", "or_src_id": "994", "emsn_id": "EMSN177", "fwc_type": "FLEX", "aoi_id": "1", "name": "Derna", "country": "Libya" }, "geometry": { "type": "MultiLineString", "coordinates": [ [ [ 22.60263425200003, 32.628298413000039 ], [ 22.602825200000041, 32.628352 ], [ 22.603468900000053, 32.628297800000041 ], [ 22.604262800000072, 32.627918300000033 ], [ 22.604643881000072, 32.627735954000059 ] ] ] } },
{ "type": "Feature", "properties": { "obj_type": "River", "NAM": "Wadi Bu Dashishah", "HYP": "Intermittent", "det_method": "Photo-interpretation", "or_src_id": "1", "emsn_id": "EMSN177", "fwc_type": "FLEX", "aoi_id": "1", "name": "Derna", "country": "Libya" }, "geometry": { "type": "MultiLineString", "coordinates": [ [ [ 22.641209221000054, 32.666665944000044 ], [ 22.641758584000058, 32.66662296100003 ], [ 22.642311001000053, 32.666746981000074 ], [ 22.643076930000063, 32.66697558900006 ], [ 22.644039650000025, 32.667165818000058 ], [ 22.644814663000034, 32.667119864000028 ], [ 22.647663166000029, 32.667834191000054 ], [ 22.649872463000065, 32.668306293000057 ], [ 22.650385223000058, 32.66857397900003 ], [ 22.650546720000023, 32.668917877000069 ], [ 22.650568940000028, 32.669359060000033 ], [ 22.650690322000059, 32.669822802000056 ], [ 22.650990224000054, 32.670021697000038 ], [ 22.651445919000025, 32.670023149000031 ], [ 22.652482476000046, 32.669742228000075 ], [ 22.653973932000042, 32.669226213000059 ], [ 22.654634682000051, 32.668950228000028 ], [ 22.654944436000051, 32.668612052000071 ], [ 22.65569950400004, 32.667943457000035 ], [ 22.656080819000067, 32.667814333000024 ], [ 22.657016030000023, 32.667735167000046 ], [ 22.658208795000064, 32.667547591000073 ], [ 22.658651101000032, 32.667665834000047 ], [ 22.659118620000072, 32.667926924000028 ], [ 22.659452868000074, 32.668304320000061 ], [ 22.659844062000047, 32.668709598000078 ], [ 22.660313883000072, 32.669094743000073 ], [ 22.660711246000062, 32.669223119000037 ], [ 22.660981852000077, 32.669209992000049 ], [ 22.661546866000037, 32.669250236000039 ], [ 22.662370849000069, 32.669258412000033 ], [ 22.662981878000039, 32.669345768000028 ], [ 22.66373905100005, 32.669402547000061 ], [ 22.663874973000077, 32.669429380000054 ], [ 22.664785725000058, 32.669856387000038 ], [ 22.666013694000071, 32.670956897000053 ], [ 22.666419224000038, 32.67152423400006 ], [ 22.666718959000036, 32.67186388600004 ], [ 22.667082139000058, 32.671973605000062 ], [ 22.667443192000064, 32.671968807000042 ], [ 22.668032530000062, 32.671798701000057 ], [ 22.669454174000066, 32.671779790000073 ], [ 22.670165261000022, 32.671784643000024 ], [ 22.670811582000056, 32.671947855000042 ], [ 22.671184718000063, 32.671985839000058 ], [ 22.671589569000048, 32.671908855000027 ], [ 22.672026134000077, 32.671716901000025 ], [ 22.672496546000048, 32.671524496000075 ], [ 22.672987882000029, 32.67154658100003 ], [ 22.673363152000036, 32.671699075000049 ], [ 22.67368951800006, 32.671952446000034 ], [ 22.673998695000023, 32.67219172800003 ], [ 22.67430760700006, 32.672416695000038 ], [ 22.674631039000076, 32.672512604000076 ], [ 22.674800017000052, 32.672496030000048 ], [ 22.675220988000035, 32.672375865000049 ], [ 22.67582946400006, 32.672324784000068 ], [ 22.676337195000031, 32.672318001000065 ], [ 22.676677287000075, 32.672399364000057 ], [ 22.677038852000067, 32.672723846000054 ], [ 22.677408200000059, 32.673162768000054 ], [ 22.677845120000029, 32.674197369000069 ], [ 22.677773810000076, 32.674608773000045 ], [ 22.677416449000077, 32.67541536300007 ], [ 22.676614523000069, 32.676590617000045 ], [ 22.676497359000052, 32.676964453000039 ], [ 22.676469214000065, 32.677270281000062 ], [ 22.676473315000067, 32.677489769000033 ], [ 22.676753038000072, 32.677963299000055 ], [ 22.677143816000068, 32.678339889000029 ], [ 22.677936706000025, 32.67849155600004 ], [ 22.678354737000063, 32.678514600000028 ], [ 22.67898501600007, 32.678420257000028 ], [ 22.679839714000025, 32.678256088000069 ], [ 22.680783248000068, 32.678014360000077 ], [ 22.682043185000055, 32.677631860000076 ] ] ] } },
{ "type": "Feature", "properties": { "obj_type": "River", "NAM": "Unknown", "HYP": "Intermittent", "det_method": "Photo-interpretation", "or_src_id": "1", "emsn_id": "EMSN177", "fwc_type": "FLEX", "aoi_id": "1", "name": "Derna", "country": "Libya" }, "geometry": { "type": "MultiLineString", "coordinates": [ [ [ 22.650220559000047, 32.677807363000056 ], [ 22.65046355100003, 32.677595360000055 ], [ 22.651097053000058, 32.677521398000067 ], [ 22.651583084000038, 32.677476314000046 ], [ 22.651990476000037, 32.677346859000068 ], [ 22.65229144500006, 32.677142442000047 ], [ 22.652410469000074, 32.676864057000046 ], [ 22.65241560100003, 32.676529900000048 ], [ 22.652411910000069, 32.676329495000061 ], [ 22.652337531000057, 32.675967749000051 ], [ 22.652241464000042, 32.675654016000067 ], [ 22.652258760000052, 32.675367426000037 ], [ 22.65238994300006, 32.675136608000059 ], [ 22.652578598000048, 32.674962305000065 ], [ 22.652990106000061, 32.674632339000027 ], [ 22.653341327000078, 32.67409316800007 ], [ 22.653808919000028, 32.673132463000059 ], [ 22.654209156000036, 32.672191736000059 ], [ 22.654811224000071, 32.671792434000054 ], [ 22.65521441900006, 32.671624843000075 ], [ 22.655629599000065, 32.671495274000051 ], [ 22.656044426000051, 32.67134661800003 ], [ 22.656525363000071, 32.671111178000046 ], [ 22.656873017000066, 32.67099204200008 ], [ 22.657151741000064, 32.670806998000046 ], [ 22.657261750000032, 32.670652818000065 ], [ 22.657346374000042, 32.670346247000055 ], [ 22.657659470000056, 32.670189383000036 ], [ 22.65811448200003, 32.669772918000035 ], [ 22.658495801000072, 32.66964378800003 ], [ 22.658913436000034, 32.669647811000061 ], [ 22.659162361000028, 32.669682701000056 ], [ 22.659500488000049, 32.669659139000032 ], [ 22.660030243000051, 32.669623494000064 ], [ 22.660457220000069, 32.669522389000065 ], [ 22.660929855000063, 32.669449315000065 ], [ 22.661841665000054, 32.669253162000075 ] ] ] } },
{ "type": "Feature", "properties": { "obj_type": "Stream", "NAM": "Unknown", "HYP": "Intermittent", "det_method": "Photo-interpretation", "or_src_id": "1", "emsn_id": "EMSN177", "fwc_type": "FLEX", "aoi_id": "1", "name": "Derna", "country": "Libya" }, "geometry": { "type": "MultiLineString", "coordinates": [ [ [ 22.668071955000073, 32.67665108500006 ], [ 22.668508817000031, 32.676473459000078 ], [ 22.668741333000071, 32.67623173100003 ], [ 22.668927294000071, 32.675914259000024 ], [ 22.669125248000057, 32.675634810000076 ], [ 22.669480633000035, 32.675324629000045 ], [ 22.669781377000049, 32.675110628000027 ], [ 22.670231110000032, 32.675018732000069 ], [ 22.670740279000029, 32.675088315000039 ], [ 22.671432291000031, 32.675279549000038 ], [ 22.671815924000043, 32.675274437000041 ], [ 22.672120040000038, 32.675241748000076 ], [ 22.672367028000053, 32.675171638000052 ], [ 22.672635869000032, 32.675063054000077 ], [ 22.672893783000063, 32.67497370600006 ], [ 22.67315134200004, 32.67486527300008 ], [ 22.673408899000037, 32.674756838000064 ], [ 22.673644956000032, 32.674705962000075 ], [ 22.673837305000063, 32.674732032000065 ], [ 22.674065105000068, 32.674843536000026 ], [ 22.674338575000036, 32.674983068000074 ], [ 22.67460378800007, 32.675284979000025 ], [ 22.674837647000061, 32.675720944000034 ], [ 22.675330492000057, 32.676124813000058 ], [ 22.676555941000061, 32.676777536000031 ] ] ] } },
{ "type": "Feature", "properties": { "obj_type": "Stream", "NAM": "Unknown", "HYP": "Intermittent", "det_method": "Photo-interpretation", "or_src_id": "1", "emsn_id": "EMSN177", "fwc_type": "FLEX", "aoi_id": "1", "name": "Derna", "country": "Libya" }, "geometry": { "type": "MultiLineString", "coordinates": [ [ [ 22.673644956000032, 32.674705962000075 ], [ 22.673630005000064, 32.673904350000043 ], [ 22.673834061000036, 32.673347997000064 ], [ 22.67430760700006, 32.672416695000038 ] ] ] } },
{ "type": "Feature", "properties": { "obj_type": "Stream", "NAM": "Unknown", "HYP": "Intermittent", "det_method": "Photo-interpretation", "or_src_id": "1", "emsn_id": "EMSN177", "fwc_type": "FLEX", "aoi_id": "1", "name": "Derna", "country": "Libya" }, "geometry": { "type": "MultiLineString", "coordinates": [ [ [ 22.668645189000074, 32.684447381000041 ], [ 22.669294102000038, 32.683531936000065 ], [ 22.669746814000064, 32.682991370000025 ], [ 22.670303033000039, 32.682554423000056 ], [ 22.67092943800003, 32.682250173000057 ], [ 22.671735854000076, 32.681914886000072 ], [ 22.672060425000041, 32.681767379000064 ], [ 22.67242888800007, 32.681552468000064 ], [ 22.672772111000029, 32.681194713000025 ], [ 22.672938880000061, 32.681058854000071 ], [ 22.673387036000065, 32.680881060000047 ], [ 22.673772116000066, 32.680952285000046 ], [ 22.674032896000028, 32.681015622000075 ], [ 22.674623227000041, 32.681198649000066 ], [ 22.674984672000051, 32.681212914000071 ], [ 22.675672463000069, 32.681175091000057 ], [ 22.676685350000071, 32.681018376000054 ], [ 22.677601852000066, 32.681139757000039 ], [ 22.678476791000037, 32.681452594000064 ], [ 22.679303920000052, 32.681622884000035 ], [ 22.679685255000038, 32.681493689000035 ], [ 22.680197350000071, 32.681114562000062 ], [ 22.680527468000037, 32.680661507000025 ], [ 22.680810659000031, 32.680113628000072 ], [ 22.681196653000029, 32.67963118800003 ], [ 22.681327767000028, 32.679400343000054 ], [ 22.681572611000036, 32.679215699000054 ], [ 22.681841095000038, 32.679088010000044 ], [ 22.682462206000025, 32.678933564000033 ] ] ] } },
{ "type": "Feature", "properties": { "obj_type": "Stream", "NAM": "Unknown", "HYP": "Intermittent", "det_method": "Photo-interpretation", "or_src_id": "1", "emsn_id": "EMSN177", "fwc_type": "FLEX", "aoi_id": "1", "name": "Derna", "country": "Libya" }, "geometry": { "type": "MultiLineString", "coordinates": [ [ [ 22.587053284000035, 32.663759932000062 ], [ 22.587125195000056, 32.663997661000053 ], [ 22.587364068000056, 32.664323241000034 ], [ 22.587903087000029, 32.664692755000033 ], [ 22.588454293000041, 32.665233916000034 ], [ 22.588534836000065, 32.665412882000055 ], [ 22.588567175000037, 32.665600640000036 ], [ 22.588550585000064, 32.665756292000026 ], [ 22.588543521000076, 32.665903643000036 ], [ 22.588612803000046, 32.665992759000062 ], [ 22.588795808000043, 32.665949535000038 ], [ 22.589092680000078, 32.665782152000077 ], [ 22.589634919000048, 32.665816189000054 ], [ 22.589830056000039, 32.665911890000075 ], [ 22.590000641000074, 32.666166476000058 ], [ 22.590143893000061, 32.66660852800004 ], [ 22.590663862000042, 32.668248544000051 ] ] ] } },
{ "type": "Feature", "properties": { "obj_type": "Stream", "NAM": "Wadi Az Zalilat", "HYP": "Intermittent", "det_method": "Photo-interpretation", "or_src_id": "1", "emsn_id": "EMSN177", "fwc_type": "FLEX", "aoi_id": "1", "name": "Derna", "country": "Libya" }, "geometry": { "type": "MultiLineString", "coordinates": [ [ [ 22.588454293000041, 32.665233916000034 ], [ 22.588889582000036, 32.665236586000049 ], [ 22.589041983000072, 32.665103757000054 ], [ 22.589154546000032, 32.66490598300004 ], [ 22.589209524000069, 32.664733482000031 ], [ 22.589293077000036, 32.664536076000047 ], [ 22.589376774000073, 32.664346848000037 ], [ 22.589498136000032, 32.66409987600008 ], [ 22.589590055000031, 32.663828733000059 ], [ 22.589644597000074, 32.66363169400006 ], [ 22.589758750000044, 32.663523892000057 ], [ 22.589931356000022, 32.663439893000032 ], [ 22.59012474900004, 32.663437442000031 ], [ 22.590270229000055, 32.663460142000076 ], [ 22.590415128000075, 32.663450124000065 ], [ 22.590510376000054, 32.663367105000077 ], [ 22.590614714000026, 32.663251246000073 ], [ 22.590699422000057, 32.663119274000053 ], [ 22.590803759000039, 32.663003415000048 ], [ 22.590975782000044, 32.662886697000033 ], [ 22.591150414000026, 32.662917207000078 ], [ 22.591325482000059, 32.662972255000057 ], [ 22.591438455000059, 32.662939130000041 ], [ 22.591542111000024, 32.662818496000057 ], [ 22.591717126000049, 32.662744684000074 ], [ 22.591942030000041, 32.662700069000039 ], [ 22.592152301000056, 32.662625809000076 ], [ 22.592346989000077, 32.662468224000065 ], [ 22.592783219000069, 32.662408994000032 ], [ 22.593044013000053, 32.662399716000039 ], [ 22.593346796000048, 32.662372008000034 ], [ 22.59352244400003, 32.662333982000064 ], [ 22.593747663000045, 32.662307258000055 ], [ 22.593945100000042, 32.662304750000033 ], [ 22.594214215000022, 32.662366956000028 ], [ 22.59470361700005, 32.662521818000073 ], [ 22.59499399300006, 32.662589718000049 ], [ 22.59521974200004, 32.662592815000039 ], [ 22.59543833400005, 32.662590035000051 ], [ 22.595913021000058, 32.662551782000037 ], [ 22.596237382000027, 32.662547656000072 ], [ 22.59643482000007, 32.662545144000035 ], [ 22.596605961000023, 32.66265035400005 ], [ 22.596735855000077, 32.66281574900006 ], [ 22.596921100000031, 32.662920778000057 ], [ 22.597107194000046, 32.663073525000073 ], [ 22.59726487100005, 32.663214701000072 ], [ 22.597479172000078, 32.66336708800003 ], [ 22.597693474000039, 32.663519474000054 ], [ 22.597867591000067, 32.663791691000029 ], [ 22.597926763000032, 32.663946052000028 ], [ 22.598015839000027, 32.664195488000075 ], [ 22.598148074000051, 32.664492102000054 ], [ 22.598468323000077, 32.665048823000063 ], [ 22.599322610000058, 32.665925240000036 ], [ 22.600278368000033, 32.66652158100004 ], [ 22.601025844000048, 32.66686291700006 ], [ 22.601685318000023, 32.667139322000025 ], [ 22.601867544000072, 32.667232451000075 ], [ 22.602276447000065, 32.667379959000073 ], [ 22.602754410000045, 32.667602946000045 ], [ 22.603188267000064, 32.667883769000071 ], [ 22.603463827000041, 32.668147522000027 ], [ 22.603716822000024, 32.668411563000063 ], [ 22.603790318000051, 32.668735171000037 ], [ 22.603840564000052, 32.669020894000028 ], [ 22.604003641000077, 32.669305175000034 ], [ 22.604277843000034, 32.669492579000064 ], [ 22.604552046000038, 32.669679983000037 ], [ 22.604917538000052, 32.669923491000077 ], [ 22.605057714000054, 32.670188972000062 ], [ 22.605132239000056, 32.670569839000052 ], [ 22.605136335000054, 32.670798880000063 ], [ 22.605230697000025, 32.671026764000032 ], [ 22.605594489000055, 32.671174837000024 ], [ 22.605933667000045, 32.671208678000028 ], [ 22.60631797800005, 32.671241940000073 ], [ 22.606882135000035, 32.671234716000072 ], [ 22.607336196000063, 32.671381627000073 ], [ 22.607631269000024, 32.671473301000049 ], [ 22.608066560000054, 32.671788096000057 ] ] ] } },
{ "type": "Feature", "properties": { "obj_type": "Stream", "NAM": "Unknown", "HYP": "Intermittent", "det_method": "Photo-interpretation", "or_src_id": "1", "emsn_id": "EMSN177", "fwc_type": "FLEX", "aoi_id": "1", "name": "Derna", "country": "Libya" }, "geometry": { "type": "MultiLineString", "coordinates": [ [ [ 22.595766754000067, 32.66462634800007 ], [ 22.59566914800007, 32.664293495000038 ], [ 22.595666179000034, 32.664126486000043 ], [ 22.595649002000073, 32.663953692000064 ], [ 22.595582783000054, 32.663799418000053 ], [ 22.59546699200007, 32.663633843000071 ], [ 22.595315839000023, 32.663462753000033 ], [ 22.595172585000057, 32.663339289000078 ], [ 22.595085849000043, 32.663221073000045 ], [ 22.595006482000031, 32.663120660000061 ], [ 22.594911740000043, 32.662948851000067 ], [ 22.59488109800003, 32.662812023000072 ], [ 22.59499399300006, 32.662589718000049 ] ] ] } },
{ "type": "Feature", "properties": { "obj_type": "Stream", "NAM": "Unknown", "HYP": "Intermittent", "det_method": "Photo-interpretation", "or_src_id": "1", "emsn_id": "EMSN177", "fwc_type": "FLEX", "aoi_id": "1", "name": "Derna", "country": "Libya" }, "geometry": { "type": "MultiLineString", "coordinates": [ [ [ 22.597744047000049, 32.660601503000066 ], [ 22.597011786000053, 32.660670485000026 ], [ 22.596700473000055, 32.660614787000043 ], [ 22.596401779000075, 32.660475405000057 ], [ 22.596058657000071, 32.660217267000064 ], [ 22.595697408000035, 32.659732653000049 ], [ 22.595608130000073, 32.659471285000052 ], [ 22.595490226000038, 32.659186418000047 ], [ 22.595288769000035, 32.658962272000053 ], [ 22.594987327000069, 32.658667806000039 ], [ 22.594698506000043, 32.658289654000043 ], [ 22.594692700000053, 32.657821600000034 ] ] ] } },
{ "type": "Feature", "properties": { "obj_type": "Stream", "NAM": "Unknown", "HYP": "Intermittent", "det_method": "Photo-interpretation", "or_src_id": "1", "emsn_id": "EMSN177", "fwc_type": "FLEX", "aoi_id": "1", "name": "Derna", "country": "Libya" }, "geometry": { "type": "MultiLineString", "coordinates": [ [ [ 22.593596676000061, 32.653429055000061 ], [ 22.593285887000036, 32.653719367000065 ], [ 22.592926925000029, 32.653838472000075 ], [ 22.592544385000053, 32.653900600000043 ], [ 22.592206967000038, 32.653962155000045 ], [ 22.591690406000055, 32.654102346000059 ], [ 22.591345300000057, 32.654208400000073 ] ] ] } },
{ "type": "Feature", "properties": { "obj_type": "Stream", "NAM": "Unknown", "HYP": "Intermittent", "det_method": "Photo-interpretation", "or_src_id": "1", "emsn_id": "EMSN177", "fwc_type": "FLEX", "aoi_id": "1", "name": "Derna", "country": "Libya" }, "geometry": { "type": "MultiLineString", "coordinates": [ [ [ 22.621877453000025, 32.66318138500003 ], [ 22.621748710000077, 32.663863166000056 ], [ 22.621476783000048, 32.66442747800005 ], [ 22.620545032000052, 32.665167359000066 ], [ 22.619199114000025, 32.665626215000032 ], [ 22.618437337000046, 32.665624112000046 ], [ 22.618112968000048, 32.665628296000079 ], [ 22.617379827000036, 32.665649680000058 ], [ 22.616959315000031, 32.665798283000072 ], [ 22.616650768000056, 32.665897714000039 ], [ 22.616327256000034, 32.665949610000041 ], [ 22.615988783000034, 32.665953970000032 ], [ 22.615281483000047, 32.66584375900004 ], [ 22.61492719000006, 32.665752864000069 ], [ 22.614332193000052, 32.665781999000046 ] ] ] } },
{ "type": "Feature", "properties": { "obj_type": "Stream", "NAM": "Unknown", "HYP": "Intermittent", "det_method": "Photo-interpretation", "or_src_id": "1", "emsn_id": "EMSN177", "fwc_type": "FLEX", "aoi_id": "1", "name": "Derna", "country": "Libya" }, "geometry": { "type": "MultiLineString", "coordinates": [ [ [ 22.608115620000035, 32.663489770000069 ], [ 22.608932731000039, 32.664219072000037 ], [ 22.609400049000044, 32.664320466000049 ], [ 22.609880616000055, 32.664373961000024 ], [ 22.61034814900006, 32.66448728000006 ], [ 22.610818039000037, 32.664731818000064 ], [ 22.611134298000025, 32.665061850000029 ], [ 22.611351409000065, 32.665369291000047 ], [ 22.611596514000041, 32.665664440000057 ], [ 22.611913421000054, 32.666030257000045 ], [ 22.612074982000024, 32.666386138000064 ], [ 22.612391273000071, 32.666717371000061 ], [ 22.61229262300003, 32.667059816000062 ], [ 22.612278773000071, 32.667859430000078 ], [ 22.612388387000067, 32.668502642000078 ] ] ] } },
{ "type": "Feature", "properties": { "obj_type": "Stream", "NAM": "Unknown", "HYP": "Intermittent", "det_method": "Photo-interpretation", "or_src_id": "1", "emsn_id": "EMSN177", "fwc_type": "FLEX", "aoi_id": "1", "name": "Derna", "country": "Libya" }, "geometry": { "type": "MultiLineString", "coordinates": [ [ [ 22.609234090000029, 32.648044589000051 ], [ 22.60951011800006, 32.648494463000077 ], [ 22.609755169000039, 32.648789617000034 ], [ 22.609899594000069, 32.648978675000023 ], [ 22.60993185600006, 32.649204968000049 ], [ 22.609893832000068, 32.649444094000046 ], [ 22.609785517000034, 32.64969605400006 ], [ 22.609648145000051, 32.649900658000035 ], [ 22.609595805000026, 32.650128036000069 ], [ 22.609559916000023, 32.650486454000031 ], [ 22.609619525000028, 32.650664668000047 ], [ 22.609881035000058, 32.651090863000036 ], [ 22.610356800000034, 32.651335850000066 ] ] ] } },
{ "type": "Feature", "properties": { "obj_type": "Stream", "NAM": "Unknown", "HYP": "Intermittent", "det_method": "Photo-interpretation", "or_src_id": "1", "emsn_id": "EMSN177", "fwc_type": "FLEX", "aoi_id": "1", "name": "Derna", "country": "Libya" }, "geometry": { "type": "MultiLineString", "coordinates": [ [ [ 22.625832094000032, 32.653218504000051 ], [ 22.625049315000069, 32.652985234000028 ], [ 22.624775728000031, 32.65283127500004 ], [ 22.624434716000053, 32.65269250700004 ], [ 22.62407859700005, 32.652654162000033 ], [ 22.623823745000038, 32.652600187000075 ], [ 22.623431713000059, 32.65244775900004 ], [ 22.623107109000046, 32.652280138000037 ], [ 22.622932725000055, 32.651996028000042 ], [ 22.622895261000053, 32.65179605700007 ], [ 22.622787011000071, 32.651425182000025 ], [ 22.622681607000061, 32.651211771000078 ], [ 22.622609269000066, 32.650954978000073 ], [ 22.622299781000038, 32.650686932000042 ], [ 22.621838268000033, 32.650435168000058 ], [ 22.620990167000059, 32.650331580000056 ], [ 22.620444056000053, 32.65008090300006 ], [ 22.620256122000058, 32.649983102000078 ], [ 22.619834655000034, 32.650074452000069 ], [ 22.619531115000029, 32.650135643000056 ], [ 22.618879208000067, 32.650587920000078 ], [ 22.618712322000079, 32.650718938000068 ], [ 22.618632103000039, 32.650963383000033 ], [ 22.618603421000046, 32.651250119000053 ], [ 22.618608838000057, 32.651550732000032 ], [ 22.618734509000035, 32.651950022000051 ], [ 22.618959901000039, 32.652247799000065 ], [ 22.619182971000043, 32.652416740000035 ], [ 22.619422190000023, 32.652542518000075 ], [ 22.619890558000066, 32.652960353000026 ] ] ] } },
{ "type": "Feature", "properties": { "obj_type": "Stream", "NAM": "Unknown", "HYP": "Intermittent", "det_method": "Photo-interpretation", "or_src_id": "1", "emsn_id": "EMSN177", "fwc_type": "FLEX", "aoi_id": "1", "name": "Derna", "country": "Libya" }, "geometry": { "type": "MultiLineString", "coordinates": [ [ [ 22.594429690000027, 32.640715610000029 ], [ 22.594177270000046, 32.641749738000044 ], [ 22.594351289000031, 32.642019576000052 ], [ 22.594645270000058, 32.64237380000003 ], [ 22.594940270000052, 32.642785285000059 ], [ 22.595066584000051, 32.643227549000073 ], [ 22.595226739000054, 32.643669382000041 ], [ 22.595402544000024, 32.644039425000074 ], [ 22.595661934000077, 32.644351132000054 ], [ 22.596072586000048, 32.644603640000071 ], [ 22.596719864000022, 32.644838820000075 ], [ 22.597331015000066, 32.644945590000077 ], [ 22.597754776000045, 32.644983151000076 ], [ 22.598471523000057, 32.64531766500005 ], [ 22.598932947000037, 32.645569517000069 ], [ 22.599412058000041, 32.645864098000061 ], [ 22.599821453000061, 32.646045019000042 ], [ 22.600161894000053, 32.64615522500003 ], [ 22.600551566000036, 32.646178893000069 ], [ 22.600906888000054, 32.646174361000078 ], [ 22.601380649000077, 32.646168317000047 ], [ 22.601721347000023, 32.646292835000054 ], [ 22.602047680000055, 32.646560718000046 ], [ 22.602288902000055, 32.646801050000079 ], [ 22.602563967000037, 32.647040950000076 ], [ 22.602887238000051, 32.647137050000026 ], [ 22.603107968000074, 32.647177185000032 ], [ 22.603501100000074, 32.647207500000036 ] ] ] } },
{ "type": "Feature", "properties": { "obj_type": "Stream", "NAM": "Wadi As Sarraq", "HYP": "Intermittent", "det_method": "Photo-interpretation", "or_src_id": "1", "emsn_id": "EMSN177", "fwc_type": "FLEX", "aoi_id": "1", "name": "Derna", "country": "Libya" }, "geometry": { "type": "MultiLineString", "coordinates": [ [ [ 22.607151372000033, 32.635742403000052 ], [ 22.607079836000025, 32.636473554000077 ], [ 22.607038297000031, 32.636989546000052 ], [ 22.60704495300007, 32.637361738000038 ], [ 22.607062617000054, 32.638349477000077 ], [ 22.606968785000049, 32.63878022800003 ], [ 22.606779584000037, 32.639555839000025 ], [ 22.606571669000061, 32.640231463000077 ], [ 22.606576020000034, 32.64047481800003 ], [ 22.606651375000069, 32.640903404000028 ], [ 22.606693661000065, 32.641375367000023 ], [ 22.606991782000023, 32.641958603000035 ], [ 22.607405527000026, 32.642382855000051 ], [ 22.607462175000023, 32.642711450000036 ], [ 22.607397315000071, 32.642869783000037 ], [ 22.60716325900006, 32.643030281000051 ], [ 22.60686101400006, 32.643163016000074 ], [ 22.606662844000027, 32.643437601000073 ], [ 22.606583110000031, 32.643710670000075 ], [ 22.606554646000063, 32.644011719000048 ], [ 22.606542846000025, 32.644298237000044 ], [ 22.606445936000057, 32.644557206000059 ], [ 22.606282882000073, 32.644902933000026 ], [ 22.606101114000069, 32.645148671000072 ], [ 22.605885251000075, 32.645380526000054 ], [ 22.605600938000066, 32.645570302000067 ], [ 22.605214594000074, 32.645732745000032 ], [ 22.604561107000052, 32.64609906000004 ], [ 22.603729146000035, 32.646706742000049 ] ] ] } },
{ "type": "Feature", "properties": { "obj_type": "Stream", "NAM": "Unknown", "HYP": "Intermittent", "det_method": "Photo-interpretation", "or_src_id": "1", "emsn_id": "EMSN177", "fwc_type": "FLEX", "aoi_id": "1", "name": "Derna", "country": "Libya" }, "geometry": { "type": "MultiLineString", "coordinates": [ [ [ 22.596072863000074, 32.638377089000073 ], [ 22.597479042000032, 32.638943868000069 ], [ 22.598704922000024, 32.639679974000046 ], [ 22.599645229000032, 32.64021686500007 ], [ 22.600273451000078, 32.640650339000047 ], [ 22.600643642000023, 32.640848462000065 ], [ 22.601069383000038, 32.640998148000051 ], [ 22.601323806000039, 32.641030697000076 ], [ 22.601923900000031, 32.641046300000028 ] ] ] } },
{ "type": "Feature", "properties": { "obj_type": "Stream", "NAM": "Unknown", "HYP": "Intermittent", "det_method": "Photo-interpretation", "or_src_id": "1", "emsn_id": "EMSN177", "fwc_type": "FLEX", "aoi_id": "1", "name": "Derna", "country": "Libya" }, "geometry": { "type": "MultiLineString", "coordinates": [ [ [ 22.610011009000061, 32.635526331000051 ], [ 22.610954755000023, 32.636254004000079 ], [ 22.611525966000045, 32.63665235700006 ], [ 22.61184062500007, 32.636898888000076 ], [ 22.611974574000044, 32.637290922000034 ], [ 22.61204956000006, 32.637540529000034 ], [ 22.611942763000059, 32.637875995000059 ], [ 22.611903676000054, 32.638055476000034 ], [ 22.611908170000049, 32.63830598800007 ], [ 22.612024384000051, 32.63849540700005 ], [ 22.612377923000054, 32.638550526000074 ], [ 22.612885479000056, 32.638544005000028 ], [ 22.613550692000047, 32.638678639000034 ], [ 22.614176183000041, 32.638956963000055 ], [ 22.614703198000029, 32.639248482000028 ], [ 22.615045911000038, 32.640270219000058 ], [ 22.614948556000058, 32.64113057000003 ], [ 22.614836962000027, 32.641866461000063 ] ] ] } },
{ "type": "Feature", "properties": { "obj_type": "Stream", "NAM": "Unknown", "HYP": "Intermittent", "det_method": "Photo-interpretation", "or_src_id": "1", "emsn_id": "EMSN177", "fwc_type": "FLEX", "aoi_id": "1", "name": "Derna", "country": "Libya" }, "geometry": { "type": "MultiLineString", "coordinates": [ [ [ 22.61317628200004, 32.655053561000045 ], [ 22.613411762000055, 32.655599400000028 ], [ 22.613504944000056, 32.656075478000048 ], [ 22.613681450000058, 32.656478894000031 ], [ 22.613854958000047, 32.65671530000003 ], [ 22.614114790000031, 32.657046051000066 ], [ 22.614261383000041, 32.657354395000027 ], [ 22.614868640000054, 32.657936246000077 ] ] ] } },
{ "type": "Feature", "properties": { "obj_type": "Stream", "NAM": "Unknown", "HYP": "Intermittent", "det_method": "Photo-interpretation", "or_src_id": "1", "emsn_id": "EMSN177", "fwc_type": "FLEX", "aoi_id": "1", "name": "Derna", "country": "Libya" }, "geometry": { "type": "MultiLineString", "coordinates": [ [ [ 22.62256767100007, 32.657945677000043 ], [ 22.622262039000077, 32.657892356000048 ], [ 22.622101686000065, 32.657760792000033 ], [ 22.621896207000077, 32.657629811000049 ], [ 22.621656714000039, 32.657489723000026 ], [ 22.621315860000038, 32.657360491000077 ], [ 22.621167653000043, 32.657276496000065 ], [ 22.620972080000058, 32.657069021000041 ], [ 22.62078606700004, 32.656765968000059 ], [ 22.620633554000051, 32.656443391000039 ], [ 22.620117119000042, 32.655963239000073 ], [ 22.620113848000074, 32.65578191700007 ], [ 22.620014413000035, 32.655135131000065 ] ] ] } },
{ "type": "Feature", "properties": { "obj_type": "Stream", "NAM": "Unknown", "HYP": "Intermittent", "det_method": "Photo-interpretation", "or_src_id": "1", "emsn_id": "EMSN177", "fwc_type": "FLEX", "aoi_id": "1", "name": "Derna", "country": "Libya" }, "geometry": { "type": "MultiLineString", "coordinates": [ [ [ 22.623577780000062, 32.656395787000065 ], [ 22.623395383000059, 32.656293146000053 ], [ 22.623055395000051, 32.656211635000034 ], [ 22.62261318700007, 32.65609326200007 ], [ 22.622103466000056, 32.655985306000048 ], [ 22.62177493300004, 32.655913188000056 ], [ 22.621354945000064, 32.655775433000031 ], [ 22.62111511300003, 32.655616258000066 ], [ 22.620751361000032, 32.655468228000075 ], [ 22.620045859000072, 32.65533967500005 ] ] ] } },
{ "type": "Feature", "properties": { "obj_type": "Stream", "NAM": "Unknown", "HYP": "Intermittent", "det_method": "Photo-interpretation", "or_src_id": "1", "emsn_id": "EMSN177", "fwc_type": "FLEX", "aoi_id": "1", "name": "Derna", "country": "Libya" }, "geometry": { "type": "MultiLineString", "coordinates": [ [ [ 22.611769483000046, 32.642799465000053 ], [ 22.611061088000042, 32.642617649000044 ], [ 22.610776961000056, 32.642501976000062 ], [ 22.610437078000075, 32.642422815000032 ], [ 22.610070921000045, 32.642451376000054 ], [ 22.609774833000074, 32.64245517300003 ], [ 22.609508867000045, 32.642565972000057 ], [ 22.609217480000041, 32.642832210000051 ], [ 22.608996588000025, 32.643097545000046 ], [ 22.608802398000023, 32.64327901300004 ], [ 22.608578941000076, 32.64340119600007 ], [ 22.60834309300003, 32.643618993000075 ], [ 22.608121983000046, 32.643872397000052 ], [ 22.607955562000029, 32.644029645000046 ], [ 22.607744922000052, 32.644080071000076 ], [ 22.607533426000032, 32.644082780000076 ], [ 22.607136714000035, 32.643980473000056 ], [ 22.606568878000076, 32.643861194000067 ] ] ] } },
{ "type": "Feature", "properties": { "obj_type": "Stream", "NAM": "Unknown", "HYP": "Intermittent", "det_method": "Photo-interpretation", "or_src_id": "1", "emsn_id": "EMSN177", "fwc_type": "FLEX", "aoi_id": "1", "name": "Derna", "country": "Libya" }, "geometry": { "type": "MultiLineString", "coordinates": [ [ [ 22.610050657000045, 32.626805039000033 ], [ 22.610585661000073, 32.627074998000069 ], [ 22.610857691000035, 32.627147872000023 ], [ 22.611174148000032, 32.627181994000068 ], [ 22.611388423000051, 32.627179244000047 ], [ 22.611988018000034, 32.627276548000054 ], [ 22.612316952000072, 32.627377325000054 ], [ 22.612544387000071, 32.627479405000031 ], [ 22.612773877000052, 32.627696005000075 ], [ 22.612878116000047, 32.627847394000071 ], [ 22.612925765000057, 32.628086309000025 ] ] ] } },
{ "type": "Feature", "properties": { "obj_type": "Stream", "NAM": "Unknown", "HYP": "Intermittent", "det_method": "Photo-interpretation", "or_src_id": "1", "emsn_id": "EMSN177", "fwc_type": "FLEX", "aoi_id": "1", "name": "Derna", "country": "Libya" }, "geometry": { "type": "MultiLineString", "coordinates": [ [ [ 22.614093662000073, 32.625090606000072 ], [ 22.614513449000071, 32.625945900000033 ], [ 22.614734234000025, 32.62630579100005 ], [ 22.614875735000055, 32.626647612000056 ], [ 22.615016208000043, 32.626932171000078 ], [ 22.615113286000053, 32.62731274500004 ], [ 22.615187982000066, 32.627703151000048 ], [ 22.615229016000058, 32.628103537000072 ], [ 22.615162590000068, 32.628801217000046 ], [ 22.614945949000059, 32.629300372000046 ], [ 22.614351069000065, 32.629788359000031 ] ] ] } },
{ "type": "Feature", "properties": { "obj_type": "Stream", "NAM": "Unknown", "HYP": "Intermittent", "det_method": "Photo-interpretation", "or_src_id": "1", "emsn_id": "EMSN177", "fwc_type": "FLEX", "aoi_id": "1", "name": "Derna", "country": "Libya" }, "geometry": { "type": "MultiLineString", "coordinates": [ [ [ 22.617574281000032, 32.624116035000043 ], [ 22.618281358000047, 32.625026834000039 ], [ 22.618492854000067, 32.625496613000053 ], [ 22.618704351000076, 32.625966391000077 ], [ 22.618797437000069, 32.62643769500005 ], [ 22.618908214000044, 32.626951726000073 ], [ 22.618998984000029, 32.627294196000037 ], [ 22.618987810000078, 32.627538990000062 ], [ 22.619036547000064, 32.627896320000048 ], [ 22.619297814000049, 32.628310568000074 ], [ 22.619812557000046, 32.629097400000035 ], [ 22.620229810000069, 32.62995111500004 ], [ 22.620442070000024, 32.630383891000065 ], [ 22.620510455000044, 32.630657442000029 ], [ 22.620431362000033, 32.630938223000044 ], [ 22.620305090000045, 32.631229199000074 ], [ 22.620158255000035, 32.631531779000056 ], [ 22.619829715000037, 32.632080114000075 ], [ 22.619632125000066, 32.632383349000065 ], [ 22.619621914000049, 32.632755757000041 ], [ 22.62116694100007, 32.633981506000055 ], [ 22.621752214000026, 32.634532359000048 ], [ 22.622125695000022, 32.634599125000079 ], [ 22.622464050000076, 32.634594752000055 ], [ 22.623139982000055, 32.634543059000066 ], [ 22.623833866000041, 32.634548403000053 ], [ 22.624347865000061, 32.63489971000007 ], [ 22.624590407000028, 32.635211573000049 ], [ 22.624993235000034, 32.635965229000078 ], [ 22.625632663000033, 32.636701500000072 ], [ 22.62599726600007, 32.637212236000039 ] ] ] } },
{ "type": "Feature", "properties": { "obj_type": "Stream", "NAM": "Unknown", "HYP": "Intermittent", "det_method": "Photo-interpretation", "or_src_id": "1", "emsn_id": "EMSN177", "fwc_type": "FLEX", "aoi_id": "1", "name": "Derna", "country": "Libya" }, "geometry": { "type": "MultiLineString", "coordinates": [ [ [ 22.62632542800003, 32.634773877000043 ], [ 22.626347526000075, 32.635059956000077 ], [ 22.626267341000073, 32.635304406000046 ], [ 22.626268118000041, 32.635347351000064 ], [ 22.626340193000033, 32.635589827000047 ], [ 22.62637843300007, 32.635832743000037 ], [ 22.626381282000068, 32.635990207000077 ], [ 22.626284438000027, 32.636249191000047 ], [ 22.62625422800005, 32.636450038000078 ], [ 22.626241196000024, 32.636664981000024 ], [ 22.62599726600007, 32.637212236000039 ], [ 22.62602117800003, 32.63759852000004 ], [ 22.626131709000049, 32.638162 ], [ 22.626463004000072, 32.638701802000071 ], [ 22.626683980000053, 32.638756211000043 ], [ 22.627175911000052, 32.63882142600005 ], [ 22.627666288000057, 32.63880075000003 ], [ 22.628208457000028, 32.638836673000071 ], [ 22.628903411000067, 32.63889924800003 ], [ 22.629467431000023, 32.639206929000068 ], [ 22.63003171400004, 32.639528923000057 ], [ 22.630781848000026, 32.639834181000026 ], [ 22.631479410000054, 32.640039889000036 ], [ 22.632107740000038, 32.640160585000046 ], [ 22.633617406000042, 32.640355720000059 ], [ 22.634196547000045, 32.640562954000075 ], [ 22.634866274000046, 32.641098327000066 ], [ 22.635600560000057, 32.641461034000031 ], [ 22.636282790000053, 32.641752825000026 ], [ 22.637150612000028, 32.642013555000062 ], [ 22.637933321000048, 32.642246753000052 ], [ 22.638647053000057, 32.642409256000064 ], [ 22.639258489000042, 32.642530136000062 ], [ 22.640125784000077, 32.642786934000071 ], [ 22.641318034000051, 32.643224847000056 ], [ 22.642665902000033, 32.643822897000064 ], [ 22.644534621000048, 32.644213653000065 ], [ 22.645536794000066, 32.64441529000004 ], [ 22.646775056000024, 32.644570868000073 ], [ 22.647606732000042, 32.644703135000043 ], [ 22.648389488000078, 32.644936266000059 ], [ 22.64920045100007, 32.64515444500006 ] ] ] } },
{ "type": "Feature", "properties": { "obj_type": "Stream", "NAM": "Unknown", "HYP": "Intermittent", "det_method": "Photo-interpretation", "or_src_id": "1", "emsn_id": "EMSN177", "fwc_type": "FLEX", "aoi_id": "1", "name": "Derna", "country": "Libya" }, "geometry": { "type": "MultiLineString", "coordinates": [ [ [ 22.625020457000062, 32.622030718000076 ], [ 22.625776036000047, 32.62253815300005 ], [ 22.625896742000066, 32.622975684000039 ], [ 22.626036209000063, 32.623202971000069 ], [ 22.626451503000055, 32.623713051000038 ], [ 22.628048267000054, 32.624685090000071 ], [ 22.628616967000028, 32.624944989000028 ], [ 22.629594073000078, 32.625333223000041 ], [ 22.630527117000042, 32.62577929400004 ], [ 22.630848076000063, 32.62606149100003 ], [ 22.630969506000042, 32.626537190000079 ], [ 22.630976777000058, 32.626938008000025 ], [ 22.631073577000052, 32.627299480000033 ], [ 22.631424024000069, 32.627963113000078 ], [ 22.631634989000077, 32.62839946500003 ], [ 22.631713741000056, 32.629009355000051 ], [ 22.632000346000041, 32.629883816000074 ], [ 22.632714132000046, 32.630676359000063 ], [ 22.635056838000025, 32.632955881000044 ], [ 22.636920057000054, 32.634917064000035 ], [ 22.637565560000041, 32.635672284000066 ], [ 22.637931342000059, 32.635934786000064 ], [ 22.638540732000024, 32.635945924000055 ], [ 22.63923965400005, 32.635917707000033 ], [ 22.639916020000044, 32.63588978100006 ], [ 22.640888413000027, 32.63601071100004 ], [ 22.641705698000067, 32.636286389000077 ], [ 22.642574731000025, 32.636924114000067 ], [ 22.64298599600005, 32.637205096000059 ], [ 22.643644001000041, 32.637406482000074 ], [ 22.644122246000052, 32.637648401000035 ], [ 22.644914552000046, 32.637790748000043 ], [ 22.645412914000076, 32.637898763000067 ], [ 22.645639887000073, 32.637972150000053 ], [ 22.646179869000036, 32.637888707000059 ], [ 22.646787173000064, 32.637785285000064 ], [ 22.647906297000077, 32.637293324000041 ] ] ] } },
{ "type": "Feature", "properties": { "obj_type": "Stream", "NAM": "Unknown", "HYP": "Intermittent", "det_method": "Photo-interpretation", "or_src_id": "1", "emsn_id": "EMSN177", "fwc_type": "FLEX", "aoi_id": "1", "name": "Derna", "country": "Libya" }, "geometry": { "type": "MultiLineString", "coordinates": [ [ [ 22.632139469000037, 32.620036525000046 ], [ 22.632527288000063, 32.621629634000044 ], [ 22.632712888000071, 32.623154505000059 ], [ 22.632992895000029, 32.62366632100003 ], [ 22.633167415000059, 32.624580422000065 ], [ 22.633388781000065, 32.625589368000078 ], [ 22.633555680000029, 32.626083563000066 ], [ 22.633584130000031, 32.626407740000047 ], [ 22.633362050000073, 32.626601540000024 ], [ 22.633187852000049, 32.626947445000042 ], [ 22.632885257000055, 32.627676841000039 ], [ 22.632503529000076, 32.629018178000024 ], [ 22.632714132000046, 32.630676359000063 ] ] ] } },
{ "type": "Feature", "properties": { "obj_type": "Stream", "NAM": "Unknown", "HYP": "Intermittent", "det_method": "Photo-interpretation", "or_src_id": "1", "emsn_id": "EMSN177", "fwc_type": "FLEX", "aoi_id": "1", "name": "Derna", "country": "Libya" }, "geometry": { "type": "MultiLineString", "coordinates": [ [ [ 22.647906297000077, 32.637293324000041 ], [ 22.650633279000033, 32.637123857000063 ], [ 22.651736830000061, 32.637013886000034 ], [ 22.65264227800003, 32.637173786000062 ], [ 22.653438104000031, 32.637506943000062 ], [ 22.653921642000057, 32.638035118000062 ], [ 22.654159866000043, 32.638719252000044 ], [ 22.654635269000039, 32.640030259000071 ], [ 22.654761415000053, 32.640754051000044 ], [ 22.654906959000073, 32.641305769000041 ], [ 22.655051097000069, 32.641781141000024 ], [ 22.65490303200005, 32.642317639000055 ], [ 22.654774008000061, 32.642662976000054 ], [ 22.654493047000074, 32.643334862000074 ], [ 22.654317849000051, 32.643623535000074 ], [ 22.654307942000059, 32.644310938000046 ], [ 22.654699882000045, 32.644763953000052 ], [ 22.655268784000043, 32.645023724000055 ], [ 22.658339287000047, 32.646338643000036 ], [ 22.659371387000078, 32.647241363000035 ], [ 22.659803196000041, 32.647407472000054 ], [ 22.660322069000074, 32.647400608000055 ], [ 22.66079088400005, 32.647127133000026 ], [ 22.661145485000077, 32.646778804000064 ], [ 22.661593147000076, 32.646581969000067 ], [ 22.662223753000035, 32.646516347000045 ], [ 22.662452528000074, 32.646685134000052 ], [ 22.662683422000043, 32.646968438000044 ], [ 22.662779312000055, 32.64727262100007 ], [ 22.662617911000041, 32.648305667000045 ], [ 22.662115984000025, 32.649228677000053 ], [ 22.661922831000027, 32.649765778000074 ], [ 22.661884420000035, 32.650129014000072 ], [ 22.661892542000032, 32.650567996000063 ], [ 22.661942607000071, 32.650834605000057 ], [ 22.662238720000062, 32.650983410000038 ], [ 22.66282529700004, 32.650975639000023 ], [ 22.663661099000024, 32.651021834000062 ], [ 22.664684816000033, 32.651466439000046 ], [ 22.665028889000041, 32.651767327000073 ], [ 22.665238659000067, 32.652127270000051 ], [ 22.66524821400003, 32.652642596000078 ], [ 22.665417466000065, 32.653251257000079 ], [ 22.66558389000005, 32.65370722800003 ], [ 22.665954783000075, 32.654236848000039 ], [ 22.666315161000057, 32.655415694000055 ], [ 22.666435407000051, 32.655815005000079 ], [ 22.666711462000023, 32.656097701000078 ], [ 22.66782691800006, 32.656617423000057 ], [ 22.669300186000044, 32.656960558000037 ], [ 22.66989318800006, 32.657296303000066 ], [ 22.670260926000026, 32.657654133000051 ], [ 22.670290589000047, 32.658035555000026 ], [ 22.670437325000023, 32.658644507000076 ], [ 22.670584419000022, 32.659272545000078 ], [ 22.670594717000029, 32.659826041000031 ], [ 22.670714278000048, 32.660187174000043 ], [ 22.671039749000045, 32.660698292000063 ], [ 22.671268931000043, 32.660886147000042 ], [ 22.671406441000045, 32.660998860000063 ], [ 22.671655700000031, 32.661052812000037 ], [ 22.671903894000025, 32.661049505000051 ], [ 22.672061480000025, 32.661028315000067 ], [ 22.672441496000033, 32.660832342000049 ], [ 22.672733747000052, 32.660771173000057 ], [ 22.673094400000025, 32.660747275000062 ], [ 22.673432843000057, 32.660742761000051 ], [ 22.673727229000065, 32.660796107000067 ], [ 22.673976844000038, 32.660869140000045 ], [ 22.674272299000052, 32.660979743000041 ], [ 22.674522627000044, 32.661090947000048 ], [ 22.674818083000048, 32.661201548000065 ], [ 22.675114607000069, 32.661369407000052 ], [ 22.67548060300004, 32.661631791000048 ], [ 22.675617050000028, 32.661687241000038 ], [ 22.675933647000022, 32.661721194000052 ], [ 22.676475162000031, 32.661713960000043 ], [ 22.676921957000047, 32.661719150000067 ] ] ] } },
{ "type": "Feature", "properties": { "obj_type": "Stream", "NAM": "Unknown", "HYP": "Intermittent", "det_method": "Photo-interpretation", "or_src_id": "1", "emsn_id": "EMSN177", "fwc_type": "FLEX", "aoi_id": "1", "name": "Derna", "country": "Libya" }, "geometry": { "type": "MultiLineString", "coordinates": [ [ [ 22.639219355000023, 32.62448961900003 ], [ 22.63958345900005, 32.624971685000048 ], [ 22.639757056000064, 32.625212828000031 ], [ 22.639781282000058, 32.625613423000061 ], [ 22.639785982000035, 32.625871091000079 ], [ 22.639723801000059, 32.626172587000042 ], [ 22.639660053000057, 32.626388193000025 ], [ 22.63980321400004, 32.626815871000076 ], [ 22.639994774000058, 32.627114052000024 ], [ 22.640236564000077, 32.627382940000075 ], [ 22.640530669000043, 32.627737054000079 ], [ 22.640927582000074, 32.628161414000033 ], [ 22.641105108000033, 32.628617278000036 ], [ 22.641233715000055, 32.629174008000064 ], [ 22.641310008000062, 32.629645513000071 ], [ 22.641384993000031, 32.630045443000029 ], [ 22.64161301300004, 32.630486327000028 ], [ 22.642860585000051, 32.632087969000054 ], [ 22.643397316000062, 32.632753900000068 ], [ 22.643574341000033, 32.633181129000036 ], [ 22.643637135000063, 32.633838946000026 ], [ 22.643714491000026, 32.63436770800007 ], [ 22.643912627000077, 32.635023752000052 ], [ 22.644344996000029, 32.635533546000033 ], [ 22.644889847000059, 32.635824703000026 ] ] ] } },
{ "type": "Feature", "properties": { "obj_type": "Stream", "NAM": "Unknown", "HYP": "Intermittent", "det_method": "Photo-interpretation", "or_src_id": "1", "emsn_id": "EMSN177", "fwc_type": "FLEX", "aoi_id": "1", "name": "Derna", "country": "Libya" }, "geometry": { "type": "MultiLineString", "coordinates": [ [ [ 22.655700842000044, 32.634152909000079 ], [ 22.655197920000035, 32.63379681400005 ], [ 22.654969194000046, 32.633628011000042 ], [ 22.654651297000044, 32.633517657000027 ], [ 22.654438804000051, 32.633005002000061 ], [ 22.65447443000005, 32.632489077000059 ], [ 22.654425454000034, 32.632279722000078 ], [ 22.654285903000073, 32.632052470000076 ], [ 22.65394159300007, 32.63173246100007 ], [ 22.653531022000038, 32.631489687000055 ], [ 22.653121507000037, 32.631304171000068 ], [ 22.652846977000024, 32.631097786000055 ], [ 22.652505132000044, 32.630911377000075 ], [ 22.652026551000063, 32.630650402000072 ], [ 22.651427511000065, 32.630126124000071 ], [ 22.651083043000028, 32.62979656300007 ], [ 22.650852669000074, 32.629537092000078 ], [ 22.65042362500003, 32.629208642000037 ], [ 22.650094136000064, 32.628926608000029 ], [ 22.649653408000063, 32.628729559000078 ], [ 22.648904079000033, 32.62862008500008 ], [ 22.648382491000064, 32.628626934000067 ], [ 22.647874782000031, 32.628621668000051 ], [ 22.647396795000077, 32.628699532000041 ], [ 22.647018799000023, 32.628847674000042 ], [ 22.646711287000073, 32.628994891000048 ], [ 22.646503546000076, 32.629200457000024 ], [ 22.646381260000055, 32.62945263000006 ], [ 22.646190672000046, 32.62982501700003 ], [ 22.646029589000022, 32.630268608000051 ], [ 22.645882382000025, 32.630700085000058 ], [ 22.645679658000063, 32.631518883000069 ] ] ] } },
{ "type": "Feature", "properties": { "obj_type": "Stream", "NAM": "Unknown", "HYP": "Intermittent", "det_method": "Photo-interpretation", "or_src_id": "1", "emsn_id": "EMSN177", "fwc_type": "FLEX", "aoi_id": "1", "name": "Derna", "country": "Libya" }, "geometry": { "type": "MultiLineString", "coordinates": [ [ [ 22.638565570000026, 32.618236014000047 ], [ 22.638973127000042, 32.618555324000056 ], [ 22.639780484000028, 32.618759556000043 ], [ 22.640007534000063, 32.618840115000069 ], [ 22.640756772000032, 32.618949645000043 ], [ 22.641295232000061, 32.619097722000049 ], [ 22.641722235000032, 32.619318846000056 ], [ 22.642349630000069, 32.619704393000063 ], [ 22.642650214000071, 32.619951030000038 ], [ 22.643536790000041, 32.620631477000074 ], [ 22.643739582000023, 32.620927120000033 ], [ 22.644114797000043, 32.621399483000062 ], [ 22.644304587000079, 32.621754954000039 ], [ 22.644340197000076, 32.622160171000075 ], [ 22.644345868000073, 32.622470325000052 ], [ 22.64426028400004, 32.623187359000042 ], [ 22.643805361000034, 32.623754115000054 ], [ 22.643543420000071, 32.624079704000053 ], [ 22.643116681000038, 32.624646088000077 ], [ 22.643234760000041, 32.625706481000066 ], [ 22.643482034000044, 32.626120859000025 ], [ 22.643709543000057, 32.626225268000042 ], [ 22.644205543000055, 32.62636195500005 ], [ 22.644418084000051, 32.626418830000034 ], [ 22.644700889000035, 32.626462854000067 ], [ 22.644943370000078, 32.626614791000065 ], [ 22.645175248000044, 32.62695777700003 ], [ 22.645300902000031, 32.627660111000068 ], [ 22.645353018000037, 32.62819636100005 ], [ 22.645207270000071, 32.628861683000025 ], [ 22.645216527000059, 32.629367473000059 ], [ 22.64525612400007, 32.62968195600007 ], [ 22.645427196000071, 32.630052186000057 ], [ 22.645599760000039, 32.630851746000076 ], [ 22.645627907000062, 32.631156832000045 ], [ 22.645679658000063, 32.631518883000069 ], [ 22.645575265000048, 32.631978434000075 ], [ 22.645424361000039, 32.632362232000048 ], [ 22.64515997500007, 32.632709335000072 ], [ 22.644652009000026, 32.633307811000066 ], [ 22.644475748000048, 32.633539212000073 ], [ 22.644483431000026, 32.63395911300006 ], [ 22.644424492000041, 32.634437160000061 ], [ 22.64442973000007, 32.634723455000028 ], [ 22.644762291000063, 32.635635464000075 ], [ 22.645017405000033, 32.636013941000044 ], [ 22.645270424000046, 32.63627789800006 ], [ 22.645886457000074, 32.636651642000061 ], [ 22.646365753000055, 32.636950812000066 ], [ 22.647906297000077, 32.637293324000041 ] ] ] } },
{ "type": "Feature", "properties": { "obj_type": "Stream", "NAM": "Unknown", "HYP": "Intermittent", "det_method": "Photo-interpretation", "or_src_id": "1", "emsn_id": "EMSN177", "fwc_type": "FLEX", "aoi_id": "1", "name": "Derna", "country": "Libya" }, "geometry": { "type": "MultiLineString", "coordinates": [ [ [ 22.646719910000058, 32.615950702000077 ], [ 22.647418692000031, 32.616246627000066 ], [ 22.64833231800003, 32.616864640000074 ], [ 22.648514485000078, 32.616957704000072 ], [ 22.648745956000027, 32.617279211000039 ], [ 22.648861517000057, 32.617430421000051 ], [ 22.64914264500004, 32.617999460000078 ], [ 22.649211702000059, 32.618074917000058 ], [ 22.649263808000057, 32.618456052000056 ], [ 22.649268359000075, 32.618704176000051 ], [ 22.649520989000052, 32.618949040000075 ], [ 22.649523439000063, 32.619082644000059 ], [ 22.649639355000033, 32.619252940000024 ], [ 22.649668210000073, 32.619596199000057 ], [ 22.649672412000029, 32.619825236000054 ], [ 22.649676963000047, 32.62007335900006 ], [ 22.649775930000033, 32.620549334000032 ], [ 22.649916851000057, 32.620852938000041 ], [ 22.650081028000045, 32.621194418000073 ], [ 22.65060746100005, 32.621607500000039 ], [ 22.651642346000074, 32.622682076000046 ], [ 22.65216844400004, 32.623076065000078 ], [ 22.652878135000037, 32.623639453000067 ], [ 22.653606177000029, 32.623973503000059 ], [ 22.654227775000038, 32.62465258900005 ], [ 22.655693381000049, 32.625836 ], [ 22.655859698000029, 32.626291989000038 ], [ 22.656138439000074, 32.626727404000064 ], [ 22.65644044000004, 32.627200693000077 ], [ 22.656789314000036, 32.62776881800005 ], [ 22.657133969000029, 32.628107906000025 ], [ 22.657545236000033, 32.62838884100006 ], [ 22.657932191000043, 32.628574640000068 ], [ 22.658012177000046, 32.629241767000053 ], [ 22.657955425000068, 32.629834335000055 ], [ 22.657920875000059, 32.630407519000073 ], [ 22.657484899000053, 32.631234186000029 ], [ 22.657074637000051, 32.632232331000068 ], [ 22.656812761000026, 32.632713061000061 ], [ 22.656458898000039, 32.633099549000065 ], [ 22.65614873800007, 32.633409096000037 ], [ 22.655700842000044, 32.634152909000079 ], [ 22.656239973000027, 32.63468698500003 ], [ 22.657752647000052, 32.635965199000054 ], [ 22.658200245000046, 32.636990196000056 ], [ 22.65832780900007, 32.639012148000063 ], [ 22.658270351000056, 32.639566543000058 ], [ 22.658440937000023, 32.64025156200006 ], [ 22.65887764200005, 32.640684881000027 ], [ 22.659905448000075, 32.641358565000075 ], [ 22.660995300000025, 32.641725965000035 ], [ 22.661564199000054, 32.64198570800005 ], [ 22.662019602000044, 32.642208768000046 ], [ 22.662297718000048, 32.642605994000064 ], [ 22.662420753000049, 32.643158 ], [ 22.662475052000048, 32.64365364300005 ], [ 22.662484941000059, 32.644188057000065 ], [ 22.662760947000038, 32.644470763000072 ], [ 22.663354194000078, 32.644825629000024 ], [ 22.663876588000051, 32.64500961300007 ], [ 22.664486391000025, 32.64503970800007 ], [ 22.665275604000044, 32.645010149000029 ], [ 22.665905843000075, 32.644925422000028 ], [ 22.666311552000025, 32.644900945000074 ], [ 22.666649938000035, 32.644896452000069 ], [ 22.667058126000029, 32.645005575000027 ], [ 22.667310525000062, 32.645231313000068 ], [ 22.667495604000067, 32.645477035000056 ], [ 22.667747653000049, 32.645683686000041 ], [ 22.668112498000028, 32.64588883600004 ], [ 22.668476282000029, 32.646036727000023 ], [ 22.668975424000052, 32.646182817000067 ], [ 22.669857721000028, 32.646304717000078 ], [ 22.670709652000028, 32.646007016000056 ], [ 22.67142941700007, 32.645882888000074 ], [ 22.671847909000064, 32.645946802000026 ] ] ] } },
{ "type": "Feature", "properties": { "obj_type": "Stream", "NAM": "Unknown", "HYP": "Intermittent", "det_method": "Photo-interpretation", "or_src_id": "1", "emsn_id": "EMSN177", "fwc_type": "FLEX", "aoi_id": "1", "name": "Derna", "country": "Libya" }, "geometry": { "type": "MultiLineString", "coordinates": [ [ [ 22.651845608000031, 32.614513860000045 ], [ 22.652251345000025, 32.615105442000072 ], [ 22.652679889000069, 32.615410031000067 ], [ 22.653137941000068, 32.615785821000031 ], [ 22.653374863000067, 32.616403159000072 ], [ 22.653610473000072, 32.616948922000063 ], [ 22.653847401000064, 32.617566259000057 ], [ 22.654083018000051, 32.618112021000059 ], [ 22.654262694000067, 32.618682383000078 ], [ 22.654333559000065, 32.619468952000034 ], [ 22.654290783000079, 32.620209291000037 ], [ 22.654195134000076, 32.621141236000028 ], [ 22.653899508000052, 32.621932633000029 ], [ 22.653634263000072, 32.622842948000027 ], [ 22.653606177000029, 32.623973503000059 ] ] ] } },
{ "type": "Feature", "properties": { "obj_type": "Stream", "NAM": "Unknown", "HYP": "Intermittent", "det_method": "Photo-interpretation", "or_src_id": "1", "emsn_id": "EMSN177", "fwc_type": "FLEX", "aoi_id": "1", "name": "Derna", "country": "Libya" }, "geometry": { "type": "MultiLineString", "coordinates": [ [ [ 22.657685663000052, 32.612876461000042 ], [ 22.658102029000077, 32.614336273000049 ], [ 22.658365850000052, 32.614881654000044 ], [ 22.65857109500007, 32.615308490000075 ], [ 22.658551704000047, 32.61578602000003 ], [ 22.658583854000028, 32.616000369000062 ], [ 22.658676344000071, 32.616428694000035 ], [ 22.658829175000051, 32.617070995000063 ], [ 22.659044551000022, 32.618046561000028 ], [ 22.659135725000056, 32.618403312000055 ], [ 22.659343623000041, 32.618973293000067 ], [ 22.659639181000045, 32.619709162000049 ], [ 22.659981437000056, 32.619919411000069 ], [ 22.660211810000078, 32.620178865000071 ], [ 22.660583582000072, 32.620460312000034 ], [ 22.660982665000063, 32.620693670000037 ], [ 22.661527999000043, 32.621211456000026 ], [ 22.661847805000036, 32.621732224000027 ], [ 22.662081275000048, 32.622158680000041 ], [ 22.662294055000075, 32.622991092000063 ], [ 22.662306405000038, 32.623659111000052 ], [ 22.662120968000067, 32.62430588400008 ], [ 22.661597217000065, 32.624957136000035 ], [ 22.660708273000068, 32.625684808000074 ], [ 22.660267761000057, 32.626263362000032 ], [ 22.659602579000023, 32.626892612000063 ], [ 22.659352363000039, 32.627086829000064 ], [ 22.659022409000045, 32.627544600000078 ], [ 22.658693331000052, 32.628050085000041 ], [ 22.658527251000066, 32.628219326000078 ], [ 22.657932191000043, 32.628574640000068 ] ] ] } },
{ "type": "Feature", "properties": { "obj_type": "Stream", "NAM": "Unknown", "HYP": "Intermittent", "det_method": "Photo-interpretation", "or_src_id": "1", "emsn_id": "EMSN177", "fwc_type": "FLEX", "aoi_id": "1", "name": "Derna", "country": "Libya" }, "geometry": { "type": "MultiLineString", "coordinates": [ [ [ 22.662120968000067, 32.62430588400008 ], [ 22.663013466000052, 32.625296339000045 ], [ 22.664161487000058, 32.626378855000041 ], [ 22.664763261000076, 32.626895877000038 ], [ 22.665113068000039, 32.627511692000041 ], [ 22.665868200000034, 32.628694855000049 ], [ 22.666495466000072, 32.629302349000056 ] ] ] } },
{ "type": "Feature", "properties": { "obj_type": "Stream", "NAM": "Unknown", "HYP": "Intermittent", "det_method": "Photo-interpretation", "or_src_id": "1", "emsn_id": "EMSN177", "fwc_type": "FLEX", "aoi_id": "1", "name": "Derna", "country": "Libya" }, "geometry": { "type": "MultiLineString", "coordinates": [ [ [ 22.662957739000035, 32.635653151000042 ], [ 22.664298838000036, 32.636189014000024 ], [ 22.664872307000053, 32.636696862000065 ], [ 22.665136348000033, 32.637552450000044 ], [ 22.665672852000057, 32.638499875000036 ], [ 22.665953095000077, 32.639011609000079 ], [ 22.666419467000026, 32.639826326000048 ], [ 22.666748728000073, 32.640547407000042 ], [ 22.667115676000037, 32.640867079000031 ], [ 22.668119803000025, 32.641173509000055 ], [ 22.668663976000062, 32.641619684000034 ], [ 22.669066721000036, 32.642043873000034 ], [ 22.669354019000025, 32.64232641500007 ], [ 22.669581376000053, 32.642418845000066 ], [ 22.669806960000074, 32.642415844000027 ], [ 22.670575651000036, 32.641991095000037 ] ] ] } },
{ "type": "Feature", "properties": { "obj_type": "Stream", "NAM": "Unknown", "HYP": "Intermittent", "det_method": "Photo-interpretation", "or_src_id": "1", "emsn_id": "EMSN177", "fwc_type": "FLEX", "aoi_id": "1", "name": "Derna", "country": "Libya" }, "geometry": { "type": "MultiLineString", "coordinates": [ [ [ 22.625712545000056, 32.646178442000064 ], [ 22.624963669000067, 32.645944729000064 ], [ 22.624386324000056, 32.645837657000072 ], [ 22.623978695000062, 32.645757023000044 ], [ 22.622619850000035, 32.645856900000069 ] ] ] } },
{ "type": "Feature", "properties": { "obj_type": "Stream", "NAM": "Unknown", "HYP": "Intermittent", "det_method": "Photo-interpretation", "or_src_id": "1", "emsn_id": "EMSN177", "fwc_type": "FLEX", "aoi_id": "1", "name": "Derna", "country": "Libya" }, "geometry": { "type": "MultiLineString", "coordinates": [ [ [ 22.628394238000055, 32.64847201200007 ], [ 22.629260388000034, 32.648638128000073 ], [ 22.629971819000048, 32.648671845000024 ], [ 22.630547109000076, 32.648664372000042 ], [ 22.630903216000036, 32.648702699000069 ], [ 22.631276242000069, 32.648740806000035 ], [ 22.631704710000065, 32.649035919000028 ], [ 22.631929356000057, 32.64929072700005 ], [ 22.632731640000031, 32.649666884000055 ], [ 22.633158295000044, 32.649861787000077 ], [ 22.633704959000056, 32.650141037000026 ], [ 22.633896813000035, 32.650453540000058 ], [ 22.633936643000027, 32.650782341000024 ], [ 22.633941331000074, 32.651040008000052 ], [ 22.633981943000038, 32.651411753000048 ], [ 22.634295374000033, 32.651894492000054 ], [ 22.634760054000026, 32.652317985000025 ], [ 22.635153927000033, 32.652570582000067 ], [ 22.635496517000036, 32.652795210000079 ], [ 22.635854988000062, 32.652962356000046 ], [ 22.635996092000028, 32.653275517000054 ], [ 22.636001047000036, 32.65354749800008 ], [ 22.63587089300006, 32.653835559000072 ], [ 22.635775623000029, 32.654180439000072 ], [ 22.635734246000027, 32.654696434000073 ], [ 22.635740764000047, 32.655054304000032 ], [ 22.635747283000057, 32.655412174000048 ], [ 22.636009450000074, 32.655866939000077 ], [ 22.636243777000061, 32.656651385000032 ], [ 22.63624795100003, 32.656880423000075 ], [ 22.636355481000066, 32.657208339000078 ], [ 22.636502073000031, 32.657822110000041 ], [ 22.636918378000075, 32.65837509000005 ], [ 22.637230544000033, 32.658786245000044 ], [ 22.637491164000039, 32.659155118000058 ], [ 22.637682530000063, 32.659438984000076 ], [ 22.637773930000037, 32.659810064000055 ], [ 22.637896826000031, 32.660051870000075 ], [ 22.638188685000046, 32.66027715000007 ], [ 22.63858129700003, 32.660458161000065 ], [ 22.639141567000024, 32.660551070000054 ], [ 22.639566458000047, 32.660645746000057 ], [ 22.639939275000074, 32.660669510000048 ], [ 22.640665372000058, 32.660574109000038 ], [ 22.640986637000026, 32.660555590000058 ], [ 22.641275104000044, 32.660594772000024 ], [ 22.64148026600003, 32.660706633000075 ], [ 22.64178879800005, 32.66091737000005 ], [ 22.642012979000071, 32.661143527000036 ], [ 22.642270483000061, 32.66134061200006 ], [ 22.642593845000079, 32.661436606000052 ], [ 22.643085386000052, 32.661473125000043 ], [ 22.64369460000006, 32.661465145000079 ], [ 22.644236647000071, 32.661486680000053 ], [ 22.644644625000069, 32.661581560000059 ], [ 22.645274696000058, 32.661788073000025 ], [ 22.645668902000068, 32.662054948000048 ], [ 22.64597823500003, 32.662308618000054 ], [ 22.646394355000041, 32.662847248000048 ], [ 22.646688608000034, 32.663201341000047 ], [ 22.647019598000043, 32.663712450000048 ], [ 22.647280008000052, 32.66406698600008 ], [ 22.647705450000046, 32.66419026300008 ], [ 22.648163424000074, 32.664241520000076 ], [ 22.648738283000057, 32.664205331000062 ], [ 22.649176705000059, 32.664113660000055 ], [ 22.649513587000058, 32.664023323000038 ], [ 22.649699478000059, 32.664006561000065 ], [ 22.649885104000077, 32.663975484000048 ], [ 22.650206378000064, 32.663956941000038 ], [ 22.650445406000074, 32.664068342000064 ], [ 22.650652956000044, 32.664309020000076 ], [ 22.650707674000046, 32.664523072000065 ], [ 22.650846218000027, 32.66469306700003 ], [ 22.651138650000064, 32.664946946000043 ], [ 22.651683880000064, 32.665140223000037 ], [ 22.652177814000027, 32.665305538000041 ], [ 22.652739180000026, 32.665455644000076 ], [ 22.653353691000063, 32.665733910000029 ], [ 22.653920600000049, 32.666184619000035 ], [ 22.65522156000003, 32.666969278000067 ], [ 22.656162919000053, 32.667529580000064 ], [ 22.657016030000023, 32.667735167000046 ] ] ] } },
{ "type": "Feature", "properties": { "obj_type": "Stream", "NAM": "Unknown", "HYP": "Intermittent", "det_method": "Photo-interpretation", "or_src_id": "1", "emsn_id": "EMSN177", "fwc_type": "FLEX", "aoi_id": "1", "name": "Derna", "country": "Libya" }, "geometry": { "type": "MultiLineString", "coordinates": [ [ [ 22.630456063000054, 32.654836715000044 ], [ 22.631261532000053, 32.654453973000045 ], [ 22.631649164000066, 32.654363024000077 ], [ 22.631936827000061, 32.654359283000076 ], [ 22.632223969000052, 32.654326912000045 ], [ 22.632853963000059, 32.654533489000073 ], [ 22.63295809400006, 32.654675317000056 ], [ 22.633215820000032, 32.654886736000037 ], [ 22.633489688000054, 32.655054991000043 ], [ 22.634391736000055, 32.655329609000034 ], [ 22.634611716000052, 32.655326744000035 ], [ 22.635068596000053, 32.655320791000065 ], [ 22.635747283000057, 32.655412174000048 ] ] ] } },
{ "type": "Feature", "properties": { "obj_type": "Stream", "NAM": "Unknown", "HYP": "Intermittent", "det_method": "Photo-interpretation", "or_src_id": "1", "emsn_id": "EMSN177", "fwc_type": "FLEX", "aoi_id": "1", "name": "Derna", "country": "Libya" }, "geometry": { "type": "MultiLineString", "coordinates": [ [ [ 22.643617904000052, 32.648952053000073 ], [ 22.643826186000069, 32.649235689000079 ], [ 22.643880876000026, 32.649449745000027 ], [ 22.643783808000023, 32.649694427000043 ], [ 22.643772127000034, 32.649980944000049 ], [ 22.643833629000028, 32.650567184000067 ], [ 22.644692618000079, 32.652188203000037 ], [ 22.645003747000032, 32.652542080000046 ], [ 22.64522948900003, 32.652854121000075 ], [ 22.645644509000078, 32.653335498000047 ], [ 22.645902522000029, 32.653561205000074 ], [ 22.646042089000048, 32.653788465000048 ], [ 22.646182705000058, 32.654072985000028 ], [ 22.646221533000073, 32.654344520000052 ], [ 22.646227306000071, 32.65465944500005 ], [ 22.646097971000074, 32.654990460000079 ], [ 22.646051667000052, 32.655234476000032 ], [ 22.645907246000036, 32.655665916000032 ], [ 22.645680313000071, 32.656212983000046 ], [ 22.645602788000076, 32.656600591000029 ], [ 22.645558319000031, 32.656944810000027 ] ] ] } },
{ "type": "Feature", "properties": { "obj_type": "Stream", "NAM": "Unknown", "HYP": "Intermittent", "det_method": "Photo-interpretation", "or_src_id": "1", "emsn_id": "EMSN177", "fwc_type": "FLEX", "aoi_id": "1", "name": "Derna", "country": "Libya" }, "geometry": { "type": "MultiLineString", "coordinates": [ [ [ 22.639411148000022, 32.654920497000035 ], [ 22.63965588700006, 32.655346845000054 ], [ 22.64000085300006, 32.655700292000063 ], [ 22.64022527700007, 32.65594076900004 ], [ 22.640516606000062, 32.656137415000046 ], [ 22.640722280000034, 32.65627790800005 ], [ 22.640879021000046, 32.656519268000068 ], [ 22.641018058000043, 32.656717904000061 ], [ 22.641260979000037, 32.657044046000067 ], [ 22.641650966000043, 32.657081899000048 ], [ 22.642209384000068, 32.657074592000072 ], [ 22.642598323000072, 32.657055183000068 ], [ 22.642917480000051, 32.656922141000052 ], [ 22.643491771000072, 32.656857348000074 ], [ 22.643661512000051, 32.656883761000074 ], [ 22.644132961000025, 32.656748722000032 ], [ 22.644283685000062, 32.656660837000061 ], [ 22.644806684000059, 32.656568074000063 ], [ 22.645011317000069, 32.656651300000078 ], [ 22.645558319000031, 32.656944810000027 ], [ 22.646826015000045, 32.657772952000073 ], [ 22.647666482000034, 32.658377600000051 ], [ 22.648682751000024, 32.65933788600006 ], [ 22.649304044000075, 32.659988357000032 ], [ 22.649544111000068, 32.660157019000053 ], [ 22.649952351000024, 32.660266198000045 ], [ 22.650322800000026, 32.66016109800006 ], [ 22.650829679000026, 32.660111476000054 ], [ 22.651227316000075, 32.660564425000075 ], [ 22.651367434000065, 32.660820308000041 ], [ 22.651490630000069, 32.661076413000046 ], [ 22.651908621000075, 32.661715228000048 ], [ 22.651913362000073, 32.661972892000051 ], [ 22.651871813000071, 32.662474575000033 ], [ 22.651842708000061, 32.662732684000048 ], [ 22.652277368000057, 32.663356959000055 ], [ 22.652535691000026, 32.663596966000057 ], [ 22.652990184000032, 32.664378477000071 ], [ 22.653032729000074, 32.664850415000046 ], [ 22.652808482000069, 32.665487025000061 ] ] ] } },
{ "type": "Feature", "properties": { "obj_type": "Stream", "NAM": "Unknown", "HYP": "Intermittent", "det_method": "Photo-interpretation", "or_src_id": "1", "emsn_id": "EMSN177", "fwc_type": "FLEX", "aoi_id": "1", "name": "Derna", "country": "Libya" }, "geometry": { "type": "MultiLineString", "coordinates": [ [ [ 22.65199126300007, 32.656087104000051 ], [ 22.651895527000079, 32.656403364000028 ], [ 22.651801370000044, 32.656805512000062 ], [ 22.651605419000077, 32.657194682000068 ], [ 22.65141236200003, 32.657741313000031 ], [ 22.651115665000077, 32.658174762000044 ], [ 22.650958291000052, 32.658821150000051 ], [ 22.650939010000059, 32.660236015000066 ] ] ] } },
{ "type": "Feature", "properties": { "obj_type": "Stream", "NAM": "Unknown", "HYP": "Intermittent", "det_method": "Photo-interpretation", "or_src_id": "1", "emsn_id": "EMSN177", "fwc_type": "FLEX", "aoi_id": "1", "name": "Derna", "country": "Libya" }, "geometry": { "type": "MultiLineString", "coordinates": [ [ [ 22.662815737000074, 32.65869493200006 ], [ 22.663097359000062, 32.659278244000063 ], [ 22.663185946000056, 32.659491841000033 ], [ 22.663325831000066, 32.659733395000046 ], [ 22.663499030000025, 32.659945870000058 ], [ 22.663620933000061, 32.660130390000063 ], [ 22.663727506000043, 32.660401021000041 ], [ 22.663868189000027, 32.660685518000037 ], [ 22.664025796000033, 32.66096979100007 ], [ 22.664134759000035, 32.661369252000043 ], [ 22.664260115000047, 32.661739860000068 ], [ 22.664520321000055, 32.662080044000049 ], [ 22.664813578000064, 32.662376833000053 ], [ 22.665007691000028, 32.662803801000052 ], [ 22.665125157000034, 32.663661329000035 ], [ 22.665098745000023, 32.664062585000067 ], [ 22.664034903000072, 32.666940321000027 ], [ 22.663991563000025, 32.667341803000056 ], [ 22.663997932000029, 32.667685352000035 ], [ 22.664087061000032, 32.667927578000047 ], [ 22.664091042000052, 32.668142296000042 ], [ 22.664077038000073, 32.668299982000065 ], [ 22.663930032000053, 32.668588293000028 ], [ 22.66373905100005, 32.669402547000061 ] ] ] } },
{ "type": "Feature", "properties": { "obj_type": "Stream", "NAM": "Unknown", "HYP": "Intermittent", "det_method": "Photo-interpretation", "or_src_id": "1", "emsn_id": "EMSN177", "fwc_type": "FLEX", "aoi_id": "1", "name": "Derna", "country": "Libya" }, "geometry": { "type": "MultiLineString", "coordinates": [ [ [ 22.647552463000068, 32.655226045000063 ], [ 22.64831646500005, 32.656122829000026 ], [ 22.649047022000047, 32.656733684000073 ], [ 22.649305885000047, 32.657004714000038 ], [ 22.649626855000065, 32.65758515300007 ], [ 22.649866288000055, 32.658333709000033 ], [ 22.650109671000052, 32.659296984000036 ], [ 22.65004771100007, 32.659763140000052 ], [ 22.650322800000026, 32.66016109800006 ] ] ] } },
{ "type": "Feature", "properties": { "obj_type": "Stream", "NAM": "Unknown", "HYP": "Intermittent", "det_method": "Photo-interpretation", "or_src_id": "1", "emsn_id": "EMSN177", "fwc_type": "FLEX", "aoi_id": "1", "name": "Derna", "country": "Libya" }, "geometry": { "type": "MultiLineString", "coordinates": [ [ [ 22.64920045100007, 32.64515444500006 ], [ 22.649775892000036, 32.645448073000068 ], [ 22.650278143000037, 32.645918743000038 ], [ 22.650664567000035, 32.646235808000029 ], [ 22.651210880000065, 32.646801349000043 ], [ 22.651468844000078, 32.647024660000056 ], [ 22.65186912300004, 32.647317687000054 ], [ 22.652195615000039, 32.647432707000064 ], [ 22.652633370000046, 32.647462739000048 ], [ 22.653027508000037, 32.64742175300006 ], [ 22.653393666000056, 32.647393066000063 ], [ 22.653690203000053, 32.647413022000023 ], [ 22.654003257000056, 32.647564011000043 ], [ 22.654276426000024, 32.647846773000026 ], [ 22.654516966000074, 32.648654966000038 ], [ 22.654565859000058, 32.649012275000075 ], [ 22.654677744000026, 32.649726709000049 ], [ 22.654870059000075, 32.650213377000057 ], [ 22.655313764000027, 32.650565480000068 ], [ 22.656428332000075, 32.651350204000039 ], [ 22.656966350000062, 32.65146241900004 ], [ 22.658403940000028, 32.651407634000066 ], [ 22.658926979000057, 32.651472311000077 ], [ 22.659277508000059, 32.65136029100006 ], [ 22.659754278000037, 32.651210805000062 ], [ 22.660050387000069, 32.651206888000047 ], [ 22.660434849000069, 32.651404642000045 ], [ 22.660667293000074, 32.651771452000048 ], [ 22.660687569000061, 32.652105274000064 ], [ 22.660762705000025, 32.652354847000026 ], [ 22.660906358000034, 32.652496127000063 ], [ 22.66116171300007, 32.652576270000054 ], [ 22.661513788000036, 32.652547745000049 ], [ 22.661962359000029, 32.652398624000057 ], [ 22.662425030000065, 32.652249314000073 ], [ 22.662931547000028, 32.65218294500005 ], [ 22.663753357000076, 32.652386824000075 ], [ 22.66432732800007, 32.652916143000027 ], [ 22.664684930000078, 32.653185830000041 ], [ 22.664912753000067, 32.653302125000039 ], [ 22.665500678000058, 32.653479243000049 ] ] ] } },
{ "type": "Feature", "properties": { "obj_type": "Stream", "NAM": "Unknown", "HYP": "Intermittent", "det_method": "Photo-interpretation", "or_src_id": "1", "emsn_id": "EMSN177", "fwc_type": "FLEX", "aoi_id": "1", "name": "Derna", "country": "Libya" }, "geometry": { "type": "MultiLineString", "coordinates": [ [ [ 22.618833478000056, 32.66072844100006 ], [ 22.618684271000063, 32.660902185000054 ], [ 22.618670058000077, 32.661052710000035 ], [ 22.618597261000048, 32.661239787000056 ], [ 22.61830343400004, 32.661372441000026 ], [ 22.618168826000044, 32.661417132000054 ], [ 22.617993716000058, 32.661562572000037 ], [ 22.617861043000062, 32.661714624000069 ], [ 22.617730431000041, 32.661981196000056 ], [ 22.617573920000041, 32.662219465000078 ], [ 22.617477668000049, 32.662514230000056 ], [ 22.617253333000065, 32.662746214000038 ], [ 22.617025387000069, 32.662777788000028 ], [ 22.616476806000037, 32.662863608000066 ], [ 22.616175926000039, 32.663075098000036 ], [ 22.615891712000064, 32.66327205500005 ], [ 22.615539854000076, 32.663683691000074 ], [ 22.615060054000026, 32.664120381000032 ], [ 22.614615416000049, 32.66449599200007 ], [ 22.614132229000063, 32.664859851000074 ] ] ] } },
{ "type": "Feature", "properties": { "obj_type": "Stream", "NAM": "Unknown", "HYP": "Intermittent", "det_method": "Photo-interpretation", "or_src_id": "1", "emsn_id": "EMSN177", "fwc_type": "FLEX", "aoi_id": "1", "name": "Derna", "country": "Libya" }, "geometry": { "type": "MultiLineString", "coordinates": [ [ [ 22.657049220000033, 32.658366661000059 ], [ 22.657439999000076, 32.659363769000038 ], [ 22.657801699000061, 32.660618987000078 ], [ 22.658147280000037, 32.661917371000072 ], [ 22.658244055000068, 32.66257472500007 ], [ 22.658666597000035, 32.663456864000068 ], [ 22.659046844000045, 32.664797741000029 ], [ 22.658884497000031, 32.666088518000038 ], [ 22.658715534000066, 32.667021430000034 ], [ 22.658429948000048, 32.667606713000055 ] ] ] } },
{ "type": "Feature", "properties": { "obj_type": "Stream", "NAM": "Unknown", "HYP": "Intermittent", "det_method": "Photo-interpretation", "or_src_id": "1", "emsn_id": "EMSN177", "fwc_type": "FLEX", "aoi_id": "1", "name": "Derna", "country": "Libya" }, "geometry": { "type": "MultiLineString", "coordinates": [ [ [ 22.663620545000072, 32.674377734000075 ], [ 22.663454422000029, 32.673635396000066 ], [ 22.663380090000032, 32.67327842900005 ], [ 22.66340757100005, 32.672934431000044 ], [ 22.663503282000079, 32.672618164000028 ], [ 22.663684144000058, 32.672329403000049 ], [ 22.663798634000045, 32.672113114000069 ], [ 22.664063586000054, 32.671794602000034 ], [ 22.664195530000029, 32.671606717000031 ], [ 22.664477137000063, 32.671273664000068 ], [ 22.664661712000054, 32.67118530700003 ], [ 22.664966348000064, 32.67118126400004 ], [ 22.665270984000074, 32.67117722100005 ], [ 22.665576418000057, 32.671216120000054 ], [ 22.666118701000073, 32.671103801000072 ] ] ] } },
{ "type": "Feature", "properties": { "obj_type": "Stream", "NAM": "Unknown", "HYP": "Intermittent", "det_method": "Photo-interpretation", "or_src_id": "1", "emsn_id": "EMSN177", "fwc_type": "FLEX", "aoi_id": "1", "name": "Derna", "country": "Libya" }, "geometry": { "type": "MultiLineString", "coordinates": [ [ [ 22.658356293000054, 32.736047732000031 ], [ 22.658202250000045, 32.735774510000056 ], [ 22.657749533000072, 32.735112327000024 ], [ 22.657650900000078, 32.734665001000053 ], [ 22.657641713000032, 32.734168766000039 ], [ 22.657734848000075, 32.733709359000045 ], [ 22.657556830000033, 32.733243993000031 ], [ 22.657136942000022, 32.732524101000024 ], [ 22.656996500000048, 32.732097900000042 ] ] ] } },
{ "type": "Feature", "properties": { "obj_type": "Stream", "NAM": "Unknown", "HYP": "Intermittent", "det_method": "Photo-interpretation", "or_src_id": "1", "emsn_id": "EMSN177", "fwc_type": "FLEX", "aoi_id": "1", "name": "Derna", "country": "Libya" }, "geometry": { "type": "MultiLineString", "coordinates": [ [ [ 22.658356293000054, 32.736047732000031 ], [ 22.658704384000032, 32.736665125000059 ], [ 22.658947700000056, 32.737330300000053 ], [ 22.658969200000058, 32.737495 ], [ 22.658958400000074, 32.737752200000045 ], [ 22.658958400000074, 32.737995900000044 ], [ 22.659055, 32.738257600000054 ], [ 22.65907640000006, 32.738578 ], [ 22.659055, 32.739011100000027 ], [ 22.659020100000077, 32.739624800000058 ] ] ] } },
{ "type": "Feature", "properties": { "obj_type": "Stream", "NAM": "Unknown", "HYP": "Intermittent", "det_method": "Photo-interpretation", "or_src_id": "1", "emsn_id": "EMSN177", "fwc_type": "FLEX", "aoi_id": "1", "name": "Derna", "country": "Libya" }, "geometry": { "type": "MultiLineString", "coordinates": [ [ [ 22.608723323000049, 32.635809460000075 ], [ 22.608975810000061, 32.636679642000047 ], [ 22.60920625600005, 32.637263739000048 ], [ 22.609548725000025, 32.637488442000063 ], [ 22.610093190000043, 32.637653279000062 ], [ 22.610518973000069, 32.637805318000062 ], [ 22.610775571000033, 32.637959527000078 ], [ 22.611099588000059, 32.638098552000031 ], [ 22.611406430000045, 32.638223478000043 ], [ 22.612024384000051, 32.63849540700005 ] ] ] } },
{ "type": "Feature", "properties": { "obj_type": "Stream", "NAM": "Unknown", "HYP": "Intermittent", "det_method": "Photo-interpretation", "or_src_id": "1", "emsn_id": "EMSN177", "fwc_type": "FLEX", "aoi_id": "1", "name": "Derna", "country": "Libya" }, "geometry": { "type": "MultiLineString", "coordinates": [ [ [ 22.650442, 32.759381800000028 ], [ 22.650732100000027, 32.759476300000074 ], [ 22.650847400000032, 32.759564300000079 ], [ 22.650968100000057, 32.759828200000072 ], [ 22.651037485000074, 32.759964382000078 ], [ 22.651096881000058, 32.760105142000043 ], [ 22.651114367000048, 32.760156168000037 ], [ 22.651145292000024, 32.760188377000077 ], [ 22.651189829000032, 32.760211088000062 ], [ 22.651286785000025, 32.760235438000052 ], [ 22.651432931000045, 32.760235842000043 ], [ 22.652580561000036, 32.76026730500007 ], [ 22.652657662000024, 32.760261627000034 ], [ 22.652720893000037, 32.760251475000075 ], [ 22.652792222000073, 32.760231895000061 ], [ 22.652841282000054, 32.760200960000077 ], [ 22.653103639000051, 32.759914963000028 ], [ 22.653147400000023, 32.759900400000049 ], [ 22.653494800000033, 32.759857500000066 ], [ 22.653993700000058, 32.75978310000005 ], [ 22.654366500000037, 32.759701900000039 ], [ 22.654717900000037, 32.759575600000062 ], [ 22.655214100000023, 32.759433500000057 ], [ 22.655350400000032, 32.75942740000005 ] ] ] } },
{ "type": "Feature", "properties": { "obj_type": "Stream", "NAM": "Unknown", "HYP": "Intermittent", "det_method": "Ancillary data", "or_src_id": "994", "emsn_id": "EMSN177", "fwc_type": "FLEX", "aoi_id": "1", "name": "Derna", "country": "Libya" }, "geometry": { "type": "MultiLineString", "coordinates": [ [ [ 22.650115200000073, 32.759245100000044 ], [ 22.650442, 32.759381800000028 ] ] ] } },
{ "type": "Feature", "properties": { "obj_type": "Stream", "NAM": "Unknown", "HYP": "Intermittent", "det_method": "Ancillary data", "or_src_id": "994", "emsn_id": "EMSN177", "fwc_type": "FLEX", "aoi_id": "1", "name": "Derna", "country": "Libya" }, "geometry": { "type": "MultiLineString", "coordinates": [ [ [ 22.649922100000026, 32.758700400000066 ], [ 22.649994500000048, 32.758860500000026 ], [ 22.65005350000007, 32.759083800000042 ], [ 22.650081700000044, 32.759202300000027 ], [ 22.650115200000073, 32.759245100000044 ] ] ] } },
{ "type": "Feature", "properties": { "obj_type": "Stream", "NAM": "Unknown", "HYP": "Intermittent", "det_method": "Photo-interpretation", "or_src_id": "1", "emsn_id": "EMSN177", "fwc_type": "FLEX", "aoi_id": "1", "name": "Derna", "country": "Libya" }, "geometry": { "type": "MultiLineString", "coordinates": [ [ [ 22.623301192000042, 32.679505685000038 ], [ 22.62342396300005, 32.680052960000069 ], [ 22.623488154000029, 32.680481676000056 ], [ 22.623720748000039, 32.68086048300006 ], [ 22.623841364000043, 32.681288468000048 ], [ 22.623987169000031, 32.681549080000025 ], [ 22.624151435000044, 32.681763962000048 ], [ 22.624486465000075, 32.682185397000069 ], [ 22.624654183000075, 32.682352055000024 ], [ 22.624827655000047, 32.682560848000037 ], [ 22.625376638000034, 32.683110878000036 ], [ 22.625884640000038, 32.683602347000033 ], [ 22.626380678000032, 32.683984227000053 ], [ 22.62655178600005, 32.684062203000053 ], [ 22.626742623000041, 32.684127260000025 ], [ 22.626978217000044, 32.684183296000072 ], [ 22.627228626000033, 32.684230697000032 ], [ 22.627509051000061, 32.684281928000075 ], [ 22.627789784000072, 32.684350038000048 ], [ 22.628166549000071, 32.684484434000069 ], [ 22.628428315000065, 32.68465821500007 ], [ 22.628578666000067, 32.684787923000044 ], [ 22.628808346000028, 32.685004486000025 ], [ 22.628934905000051, 32.685136478000061 ], [ 22.629050699000061, 32.685297247000051 ], [ 22.629132639000034, 32.68545845500006 ], [ 22.629237669000076, 32.685648 ], [ 22.629365270000051, 32.685837251000066 ], [ 22.62946874000005, 32.685940907000031 ], [ 22.629583497000056, 32.686044416000072 ], [ 22.62966491800006, 32.686176995000039 ], [ 22.629668039000023, 32.686348772000031 ], [ 22.629671333000033, 32.686530092000055 ], [ 22.629640253000048, 32.686683224000035 ], [ 22.629593699000054, 32.686838942000065 ], [ 22.629617026000062, 32.686957957000061 ], [ 22.629711318000034, 32.687099913000054 ], [ 22.629847820000066, 32.687235355000041 ], [ 22.62997043300004, 32.687382909000064 ], [ 22.630077748000076, 32.687465037000038 ], [ 22.630177902000071, 32.687541292000049 ], [ 22.630257113000027, 32.687629751000031 ], [ 22.630295415000035, 32.68779629900007 ], [ 22.630311472000074, 32.687903475000041 ], [ 22.630348582000067, 32.688004414000034 ], [ 22.63042041500006, 32.688075071000071 ], [ 22.630521003000069, 32.688175184000045 ], [ 22.630587627000068, 32.688347328000077 ], [ 22.630647198000077, 32.688519565000036 ], [ 22.630721200000039, 32.688709512000059 ], [ 22.630773719000047, 32.688881840000079 ], [ 22.630847505000077, 32.689059858000064 ], [ 22.630934531000037, 32.68918997600008 ], [ 22.631114118000028, 32.689366617000076 ], [ 22.631601772000067, 32.689801750000072 ], [ 22.631796120000047, 32.690013994000026 ], [ 22.631926771000053, 32.690215135000074 ], [ 22.63207836600003, 32.690404071000046 ], [ 22.632422100000042, 32.690877400000034 ] ] ] } },
{ "type": "Feature", "properties": { "obj_type": "Stream", "NAM": "Unknown", "HYP": "Intermittent", "det_method": "Ancillary data", "or_src_id": "994", "emsn_id": "EMSN177", "fwc_type": "FLEX", "aoi_id": "1", "name": "Derna", "country": "Libya" }, "geometry": { "type": "MultiLineString", "coordinates": [ [ [ 22.592262600000026, 32.747408 ], [ 22.592273300000045, 32.747949400000039 ], [ 22.592273300000045, 32.748211100000049 ], [ 22.59211780000004, 32.748495400000024 ], [ 22.591956800000048, 32.748662300000035 ], [ 22.591785200000061, 32.748824700000057 ] ] ] } },
{ "type": "Feature", "properties": { "obj_type": "Stream", "NAM": "Unknown", "HYP": "Intermittent", "det_method": "Photo-interpretation", "or_src_id": "1", "emsn_id": "EMSN177", "fwc_type": "FLEX", "aoi_id": "1", "name": "Derna", "country": "Libya" }, "geometry": { "type": "MultiLineString", "coordinates": [ [ [ 22.596608594000031, 32.746811974000025 ], [ 22.596358082000052, 32.74701562000007 ], [ 22.596072926000033, 32.74717675200003 ], [ 22.595736694000038, 32.747324215000049 ], [ 22.595230814000047, 32.747459519000074 ], [ 22.594875856000044, 32.747506993000059 ], [ 22.594555541000034, 32.747596978000047 ], [ 22.594319920000032, 32.747685885000067 ], [ 22.593543723000039, 32.748126697000032 ], [ 22.593303300000059, 32.748265300000071 ], [ 22.593131700000072, 32.748445700000048 ], [ 22.592831200000035, 32.748608200000035 ], [ 22.592386, 32.748770600000057 ] ] ] } },
{ "type": "Feature", "properties": { "obj_type": "Stream", "NAM": "Unknown", "HYP": "Intermittent", "det_method": "Photo-interpretation", "or_src_id": "1", "emsn_id": "EMSN177", "fwc_type": "FLEX", "aoi_id": "1", "name": "Derna", "country": "Libya" }, "geometry": { "type": "MultiLineString", "coordinates": [ [ [ 22.594006100000058, 32.753841600000044 ], [ 22.593593149000071, 32.753493975000026 ], [ 22.593573658000025, 32.75335104100003 ], [ 22.593586264000066, 32.753107473000057 ], [ 22.593615300000067, 32.752835059000063 ], [ 22.593678981000039, 32.752605159000041 ], [ 22.593724957000063, 32.752332530000047 ], [ 22.593872574000045, 32.752058608000027 ], [ 22.593988094000053, 32.751885320000042 ], [ 22.594103869000037, 32.751726348000034 ], [ 22.594134433000022, 32.75153982300003 ], [ 22.59402973300007, 32.751369338000075 ], [ 22.593840077000038, 32.751185615000054 ], [ 22.59365118900007, 32.751044836000062 ], [ 22.593462300000056, 32.750904057000071 ], [ 22.59332474200005, 32.750791262000064 ], [ 22.593134834000068, 32.750593222000077 ], [ 22.592925950000051, 32.750280879000059 ], [ 22.592836154000054, 32.749995658000046 ], [ 22.592762790000052, 32.749681591000069 ], [ 22.592689934000077, 32.749396155000056 ], [ 22.592548303000058, 32.749054319000038 ], [ 22.592386, 32.748770600000057 ], [ 22.592133900000078, 32.748748 ], [ 22.591785200000061, 32.748824700000057 ], [ 22.591479400000026, 32.748942 ], [ 22.591261078000059, 32.74902314600007 ], [ 22.590286591000051, 32.749487872000032 ] ] ] } },
{ "type": "Feature", "properties": { "obj_type": "Stream", "NAM": "Unknown", "HYP": "Intermittent", "det_method": "Photo-interpretation", "or_src_id": "1", "emsn_id": "EMSN177", "fwc_type": "FLEX", "aoi_id": "1", "name": "Derna", "country": "Libya" }, "geometry": { "type": "MultiLineString", "coordinates": [ [ [ 22.598941300000035, 32.711170800000048 ], [ 22.599032313000066, 32.711412005000057 ], [ 22.599020999000061, 32.711727150000058 ], [ 22.59907690700004, 32.712012800000025 ], [ 22.599148213000035, 32.712212346000058 ], [ 22.599203609000028, 32.71246936600005 ], [ 22.599224629000048, 32.712698190000026 ], [ 22.599228717000074, 32.712927228000069 ], [ 22.599198940000065, 32.71315670000007 ], [ 22.599034721000066, 32.71344515800007 ], [ 22.598955422000074, 32.713746852000043 ], [ 22.598959253000032, 32.713961576000031 ], [ 22.599013117000027, 32.714132707000033 ], [ 22.599016949000031, 32.714347431000078 ], [ 22.599022314000024, 32.714648045000047 ], [ 22.598959181000055, 32.714906578000068 ], [ 22.598794704000056, 32.715180721000024 ], [ 22.598344660000066, 32.715587369000048 ], [ 22.597759912000072, 32.716038687000037 ], [ 22.597661376000076, 32.716211762000057 ], [ 22.59758028300007, 32.716413249000027 ], [ 22.59756666800007, 32.716599559000031 ], [ 22.597604364000063, 32.71681385200003 ], [ 22.597675671000047, 32.717013398000063 ], [ 22.597882702000049, 32.717225533000033 ], [ 22.598053216000039, 32.717447678000042 ], [ 22.598070093000047, 32.717602576000047 ], [ 22.597960181000076, 32.717771023000068 ], [ 22.597794036000039, 32.717952118000028 ], [ 22.597754255000041, 32.718095806000065 ], [ 22.597798504000025, 32.718202629000075 ], [ 22.597871189000045, 32.718321021000065 ], [ 22.597915864000072, 32.718451702000038 ], [ 22.597918843000059, 32.718618710000044 ], [ 22.597823466000023, 32.718810834000067 ], [ 22.597683840000059, 32.718896136000069 ], [ 22.597487982000075, 32.718994087000056 ], [ 22.59741955100003, 32.719114277000074 ], [ 22.597422104000032, 32.719257427000059 ], [ 22.597424869000065, 32.719412505000037 ], [ 22.597399623000058, 32.719579872000054 ], [ 22.597261272000026, 32.719736748000059 ], [ 22.597079735000023, 32.719846448000055 ], [ 22.596787218000031, 32.720064948000072 ], [ 22.596663401000058, 32.720245502000068 ], [ 22.596639005000043, 32.720460585000069 ], [ 22.596627444000035, 32.720603914000037 ], [ 22.596658645000048, 32.720770563000031 ], [ 22.596718920000058, 32.720984568000063 ], [ 22.59672211000003, 32.72116350400006 ], [ 22.596683601000052, 32.721378768000079 ], [ 22.596588858000075, 32.721606680000036 ], [ 22.596436815000061, 32.721787594000034 ], [ 22.596199462000072, 32.721933798000066 ], [ 22.595891336000022, 32.722068971000056 ], [ 22.595483999000066, 32.722181543000033 ], [ 22.594699672000047, 32.722525614000062 ], [ 22.594238006000069, 32.722758191000025 ], [ 22.593917035000061, 32.722965113000043 ], [ 22.593639673000041, 32.72324307100007 ], [ 22.592780625000046, 32.724148877000061 ], [ 22.592489355000055, 32.724438942000063 ], [ 22.592238300000076, 32.724609177000048 ], [ 22.591945119000059, 32.724791878000076 ], [ 22.591709235000053, 32.725021578000053 ], [ 22.591515687000026, 32.725250741000025 ], [ 22.591280225000048, 32.725504299000079 ], [ 22.59121390100006, 32.725743777000048 ], [ 22.591148, 32.726007114000026 ], [ 22.590990516000033, 32.726677296000048 ], [ 22.59065316300007, 32.72755260100007 ], [ 22.590408875000037, 32.728104565000024 ], [ 22.59024290800005, 32.728297579000071 ], [ 22.590061981000076, 32.72844305600006 ], [ 22.589894529000048, 32.728552567000065 ], [ 22.589683680000064, 32.728602968000075 ], [ 22.589458929000045, 32.728665478000039 ], [ 22.589023963000045, 32.728814175000025 ] ] ] } },
{ "type": "Feature", "properties": { "obj_type": "Stream", "NAM": "Unknown", "HYP": "Intermittent", "det_method": "Photo-interpretation", "or_src_id": "1", "emsn_id": "EMSN177", "fwc_type": "FLEX", "aoi_id": "1", "name": "Derna", "country": "Libya" }, "geometry": { "type": "MultiLineString", "coordinates": [ [ [ 22.59949, 32.736213300000031 ], [ 22.599928171000045, 32.736176048000061 ], [ 22.600301640000055, 32.736219007000045 ], [ 22.600686400000029, 32.736261820000038 ], [ 22.601060552000035, 32.736342950000051 ], [ 22.601456945000052, 32.736404704000051 ], [ 22.601764033000052, 32.73652486900005 ], [ 22.602160256000047, 32.736577077000049 ], [ 22.602352723000024, 32.736603253000055 ], [ 22.60274826400007, 32.736617286000069 ], [ 22.603009163000024, 32.736680768000042 ], [ 22.603202656000065, 32.736764201000028 ], [ 22.60354396200006, 32.736903016000042 ], [ 22.603907854000056, 32.737041540000064 ], [ 22.604350785000065, 32.737179053000034 ], [ 22.604521527000031, 32.737253230000078 ], [ 22.604736100000025, 32.737435600000026 ] ] ] } },
{ "type": "Feature", "properties": { "obj_type": "Stream", "NAM": "Unknown", "HYP": "Intermittent", "det_method": "Photo-interpretation", "or_src_id": "1", "emsn_id": "EMSN177", "fwc_type": "FLEX", "aoi_id": "1", "name": "Derna", "country": "Libya" }, "geometry": { "type": "MultiLineString", "coordinates": [ [ [ 22.606671203000076, 32.728811398000062 ], [ 22.606313465000028, 32.729329051000036 ], [ 22.606176828000059, 32.729581369000073 ], [ 22.605984165000052, 32.729858269000033 ], [ 22.60571900900004, 32.730028711000045 ], [ 22.605355701000065, 32.73023620500004 ], [ 22.605233386000066, 32.730342772000029 ], [ 22.605089687000032, 32.73051643000008 ], [ 22.604969082000025, 32.730718428000046 ], [ 22.604904588000068, 32.730900617000032 ], [ 22.604862333000028, 32.731063431000052 ], [ 22.604751991000057, 32.731208025000058 ], [ 22.604584512000031, 32.731315169000027 ], [ 22.604417887000068, 32.731470029000036 ], [ 22.604262039000048, 32.73159611400007 ], [ 22.604028522000078, 32.731799557000045 ], [ 22.603783202000045, 32.731974514000058 ], [ 22.603583043000071, 32.732148892000055 ], [ 22.603463500000032, 32.732328300000063 ] ] ] } },
{ "type": "Feature", "properties": { "obj_type": "Stream", "NAM": "Unknown", "HYP": "Intermittent", "det_method": "Photo-interpretation", "or_src_id": "1", "emsn_id": "EMSN177", "fwc_type": "FLEX", "aoi_id": "1", "name": "Derna", "country": "Libya" }, "geometry": { "type": "MultiLineString", "coordinates": [ [ [ 22.602985295000053, 32.731089838000059 ], [ 22.603269042000022, 32.731957229000045 ], [ 22.603385581000055, 32.732158578000053 ], [ 22.603463500000032, 32.732328300000063 ] ] ] } },
{ "type": "Feature", "properties": { "obj_type": "Stream", "NAM": "Unknown", "HYP": "Intermittent", "det_method": "Ancillary data", "or_src_id": "994", "emsn_id": "EMSN177", "fwc_type": "FLEX", "aoi_id": "1", "name": "Derna", "country": "Libya" }, "geometry": { "type": "MultiLineString", "coordinates": [ [ [ 22.603463500000032, 32.732328300000063 ], [ 22.603340099000036, 32.73257650000005 ], [ 22.603345500000046, 32.732910400000037 ], [ 22.603243599000052, 32.73313150000007 ], [ 22.603045100000031, 32.733379700000057 ], [ 22.602723200000071, 32.733492500000068 ], [ 22.602556900000025, 32.733569200000034 ] ] ] } },
{ "type": "Feature", "properties": { "obj_type": "Stream", "NAM": "Unknown", "HYP": "Intermittent", "det_method": "Ancillary data", "or_src_id": "994", "emsn_id": "EMSN177", "fwc_type": "FLEX", "aoi_id": "1", "name": "Derna", "country": "Libya" }, "geometry": { "type": "MultiLineString", "coordinates": [ [ [ 22.600094700000056, 32.732120700000053 ], [ 22.600180500000079, 32.732382400000063 ], [ 22.600743800000032, 32.732594500000062 ], [ 22.600899300000037, 32.732996100000037 ], [ 22.601371400000062, 32.733122500000036 ], [ 22.60167720000004, 32.733077300000048 ], [ 22.602058, 32.73319470000007 ], [ 22.602358501000026, 32.733420300000034 ], [ 22.602556900000025, 32.733569200000034 ] ] ] } },
{ "type": "Feature", "properties": { "obj_type": "Stream", "NAM": "Unknown", "HYP": "Intermittent", "det_method": "Photo-interpretation", "or_src_id": "1", "emsn_id": "EMSN177", "fwc_type": "FLEX", "aoi_id": "1", "name": "Derna", "country": "Libya" }, "geometry": { "type": "MultiLineString", "coordinates": [ [ [ 22.599842500000022, 32.741001 ], [ 22.600872500000037, 32.740802500000029 ], [ 22.601376800000025, 32.740955900000074 ], [ 22.601999, 32.741172500000062 ], [ 22.602385300000037, 32.741298800000038 ], [ 22.602911, 32.74152440000006 ], [ 22.603415200000029, 32.741569500000026 ], [ 22.604123300000026, 32.741659800000036 ], [ 22.604434500000025, 32.741768100000058 ], [ 22.604906500000027, 32.741984700000046 ], [ 22.605249900000047, 32.742074900000034 ], [ 22.605721900000049, 32.74249 ], [ 22.606043800000066, 32.742661500000054 ], [ 22.606719700000042, 32.742751700000042 ], [ 22.607277600000032, 32.742526100000077 ], [ 22.60758880000003, 32.742336600000044 ], [ 22.608082300000035, 32.742192200000034 ], [ 22.608273305000068, 32.742114204000075 ] ] ] } },
{ "type": "Feature", "properties": { "obj_type": "Stream", "NAM": "Unknown", "HYP": "Intermittent", "det_method": "Photo-interpretation", "or_src_id": "1", "emsn_id": "EMSN177", "fwc_type": "FLEX", "aoi_id": "1", "name": "Derna", "country": "Libya" }, "geometry": { "type": "MultiLineString", "coordinates": [ [ [ 22.629001825000046, 32.748593908000032 ], [ 22.629196600000057, 32.74838260000007 ], [ 22.629561400000057, 32.748229200000026 ], [ 22.629679400000043, 32.748170500000072 ], [ 22.630183700000032, 32.747949400000039 ], [ 22.630698700000039, 32.747647200000074 ], [ 22.631326300000069, 32.74739 ], [ 22.632234789000051, 32.746780923000074 ], [ 22.632610378000038, 32.74631785300005 ], [ 22.632942534000051, 32.745950802000038 ], [ 22.633414029000051, 32.745791930000053 ], [ 22.633911244000046, 32.745804539000062 ], [ 22.634580604000064, 32.745544692000067 ], [ 22.635479274000033, 32.74507772700008 ], [ 22.635969506000038, 32.744708604000039 ], [ 22.636415961000068, 32.744416414000057 ] ] ] } },
{ "type": "Feature", "properties": { "obj_type": "Stream", "NAM": "Unknown", "HYP": "Intermittent", "det_method": "Photo-interpretation", "or_src_id": "1", "emsn_id": "EMSN177", "fwc_type": "FLEX", "aoi_id": "1", "name": "Derna", "country": "Libya" }, "geometry": { "type": "MultiLineString", "coordinates": [ [ [ 22.634857941000064, 32.686404936000031 ], [ 22.634629319000055, 32.686776171000076 ], [ 22.634538994000025, 32.686986359000059 ], [ 22.63441391300006, 32.687226858000031 ], [ 22.634227639000073, 32.687338766000039 ], [ 22.633971128000042, 32.687471495000068 ], [ 22.633702669000058, 32.687594427000079 ], [ 22.633595400000047, 32.687859300000071 ], [ 22.633753590000026, 32.688538599000026 ], [ 22.633808023000029, 32.688738344000058 ], [ 22.63387990700005, 32.68896649800007 ], [ 22.633917153000027, 32.689152148000062 ], [ 22.633920674000024, 32.689345398000057 ], [ 22.633881484000028, 32.689517726000076 ], [ 22.633783436000044, 32.689712299000064 ], [ 22.633610777000058, 32.689993752000078 ], [ 22.633436161000077, 32.69016784300004 ], [ 22.633235239000044, 32.690292164000027 ], [ 22.633009185000049, 32.690431131000025 ], [ 22.632808394000051, 32.69056260800005 ], [ 22.632422100000042, 32.690877400000034 ], [ 22.632235053000045, 32.691157115000067 ], [ 22.632128277000049, 32.691337481000062 ], [ 22.632005482000068, 32.691568170000039 ], [ 22.631874223000068, 32.691798968000057 ], [ 22.631827475000023, 32.692021508000039 ], [ 22.63183125200004, 32.692229072000032 ], [ 22.631868365000059, 32.692407566000043 ], [ 22.631938424000055, 32.692535517000067 ], [ 22.632033876000037, 32.692663139000047 ], [ 22.632154460000038, 32.692776114000026 ], [ 22.632216185000061, 32.69291133400003 ], [ 22.632252648000076, 32.69305404000005 ], [ 22.632248744000037, 32.693304659000034 ], [ 22.632100294000054, 32.69352136200007 ], [ 22.632018776000052, 32.69369424100006 ], [ 22.631987654000056, 32.693844987000034 ], [ 22.631981535000023, 32.693973930000027 ], [ 22.632027764000043, 32.694188100000076 ], [ 22.632097695000027, 32.694308894000073 ], [ 22.63215199900003, 32.694501482000078 ], [ 22.632163720000051, 32.694680307000056 ], [ 22.632150048000028, 32.694859461000078 ], [ 22.632102518000067, 32.695039057000031 ], [ 22.631995997000047, 32.69523373800007 ], [ 22.631854315000055, 32.695357286000046 ], [ 22.631686586000058, 32.695445377000055 ], [ 22.631510003000074, 32.695512106000024 ], [ 22.631307765000031, 32.695564851000029 ], [ 22.631038722000028, 32.695668577000049 ], [ 22.630862919000037, 32.695778250000046 ], [ 22.630738163000046, 32.69590157600004 ], [ 22.630597258000023, 32.696068067000056 ], [ 22.630498676000059, 32.696234007000044 ], [ 22.630416763000028, 32.69638541300003 ], [ 22.630360894000034, 32.696572275000051 ], [ 22.63034656800005, 32.696715643000061 ], [ 22.630358157000046, 32.696887309000033 ], [ 22.630388752000044, 32.697638615000074 ], [ 22.630367001000025, 32.697839351000027 ], [ 22.630361531000062, 32.698004081000079 ], [ 22.630389788000059, 32.698161213000049 ], [ 22.630485375000035, 32.698295992000055 ], [ 22.630589035000071, 32.698409189000074 ], [ 22.63064203700003, 32.698530205000054 ], [ 22.630678370000055, 32.698665755000036 ], [ 22.630751166000039, 32.698944011000037 ], [ 22.630752596000036, 32.699488082000073 ], [ 22.630738791000056, 32.699660080000058 ], [ 22.630691777000038, 32.699868303000073 ], [ 22.630619237000076, 32.700069701000075 ], [ 22.630478065000034, 32.700221877000047 ], [ 22.630243128000075, 32.700339476000067 ], [ 22.629998814000032, 32.700407084000062 ], [ 22.629754369000068, 32.70046753400004 ], [ 22.629526723000026, 32.700520605000065 ], [ 22.629341664000037, 32.700587442000028 ], [ 22.62913198800004, 32.700697552000065 ], [ 22.629057493000062, 32.700791587000026 ], [ 22.629059054000038, 32.700877477000063 ], [ 22.629077675000076, 32.70097030200003 ], [ 22.629171572000075, 32.701012036000066 ], [ 22.629282139000054, 32.701039237000032 ], [ 22.629393875000062, 32.701130852000063 ], [ 22.62947149300004, 32.701208594000036 ], [ 22.629549370000063, 32.701300650000064 ], [ 22.629576587000031, 32.701400523000075 ], [ 22.629501051000034, 32.701437299000077 ], [ 22.629407935000074, 32.70143850900007 ], [ 22.629349069000057, 32.70146075200006 ], [ 22.629299579000076, 32.701532986000075 ], [ 22.629317680000042, 32.701597182000057 ], [ 22.62947265400004, 32.701738350000028 ], [ 22.629730123000058, 32.701928298000041 ], [ 22.630020281000043, 32.70205339000006 ], [ 22.630225268000061, 32.702150953000057 ], [ 22.630370869000046, 32.702242127000034 ], [ 22.63047453400003, 32.702355324000052 ], [ 22.630535873000042, 32.702469072000042 ], [ 22.630554756000038, 32.702576212000054 ], [ 22.630557490000058, 32.702726517000031 ], [ 22.630475572000023, 32.702877922000027 ], [ 22.630392742000026, 32.702979226000025 ], [ 22.630208850000031, 32.703110481000067 ], [ 22.630117684000027, 32.703219051000076 ], [ 22.630034593000062, 32.703306041000076 ], [ 22.630002684000033, 32.703413841000042 ], [ 22.629998513000032, 32.703650144000051 ], [ 22.630036930000074, 32.703900212000065 ], [ 22.630063758000063, 32.703978613000061 ], [ 22.630133694000051, 32.704099408000047 ], [ 22.630195685000047, 32.704248943000039 ] ] ] } },
{ "type": "Feature", "properties": { "obj_type": "Stream", "NAM": "Unknown", "HYP": "Intermittent", "det_method": "Photo-interpretation", "or_src_id": "1", "emsn_id": "EMSN177", "fwc_type": "FLEX", "aoi_id": "1", "name": "Derna", "country": "Libya" }, "geometry": { "type": "MultiLineString", "coordinates": [ [ [ 22.613028047000057, 32.737745075000078 ], [ 22.613021053000068, 32.737983801000041 ], [ 22.613013201000058, 32.738174810000032 ], [ 22.612993197000037, 32.738318248000041 ], [ 22.612939490000031, 32.738471666000066 ], [ 22.61287397600006, 32.738596600000051 ], [ 22.612818895000032, 32.738673671000072 ], [ 22.612651583000059, 32.738790370000061 ], [ 22.612573401000077, 32.738839102000043 ], [ 22.612428157000068, 32.738926880000065 ], [ 22.612317131000054, 32.739033308000046 ], [ 22.612240324000027, 32.739158386000042 ], [ 22.612121700000046, 32.739336 ] ] ] } },
{ "type": "Feature", "properties": { "obj_type": "Stream", "NAM": "Unknown", "HYP": "Intermittent", "det_method": "Photo-interpretation", "or_src_id": "1", "emsn_id": "EMSN177", "fwc_type": "FLEX", "aoi_id": "1", "name": "Derna", "country": "Libya" }, "geometry": { "type": "MultiLineString", "coordinates": [ [ [ 22.612121700000046, 32.739336 ], [ 22.612212636000038, 32.739502377000065 ], [ 22.612294601000031, 32.739663594000035 ], [ 22.612354497000069, 32.739853732000029 ], [ 22.612379831000055, 32.740006133000065 ], [ 22.612440416000027, 32.74023444200003 ], [ 22.612464891000059, 32.740339127000027 ], [ 22.612536940000041, 32.74057683500007 ], [ 22.612586749000059, 32.740833920000057 ], [ 22.61265811100003, 32.741033455000036 ], [ 22.612718354000037, 32.741242679000038 ], [ 22.612800320000076, 32.741403896000065 ], [ 22.612881772000037, 32.741536483000061 ], [ 22.61298838700003, 32.741811927000072 ], [ 22.613036479000073, 32.741973580000035 ], [ 22.613084227000058, 32.742116146000058 ], [ 22.613155075000066, 32.742287051000062 ], [ 22.613249540000027, 32.742514924000034 ], [ 22.613445463000062, 32.742731946000049 ], [ 22.613565400000027, 32.743031300000041 ], [ 22.613575480000065, 32.743056461000037 ] ] ] } },
{ "type": "Feature", "properties": { "obj_type": "Stream", "NAM": "Unknown", "HYP": "Intermittent", "det_method": "Photo-interpretation", "or_src_id": "1", "emsn_id": "EMSN177", "fwc_type": "FLEX", "aoi_id": "1", "name": "Derna", "country": "Libya" }, "geometry": { "type": "MultiLineString", "coordinates": [ [ [ 22.609458072000052, 32.738315971000077 ], [ 22.609651745000065, 32.738408938000077 ], [ 22.609970142000066, 32.738528938000059 ], [ 22.610344311000063, 32.738610040000026 ], [ 22.610650730000032, 32.738692010000079 ], [ 22.610833113000069, 32.738785121000035 ], [ 22.610948606000022, 32.738926817000049 ], [ 22.611052464000068, 32.739049572000056 ], [ 22.611224415000038, 32.739190543000063 ], [ 22.611452482000061, 32.73931170000003 ], [ 22.611690983000074, 32.739384996000069 ], [ 22.611860531000048, 32.739392362000046 ], [ 22.612121700000046, 32.739336 ] ] ] } },
{ "type": "Feature", "properties": { "obj_type": "Stream", "NAM": "Unknown", "HYP": "Intermittent", "det_method": "Ancillary data", "or_src_id": "994", "emsn_id": "EMSN177", "fwc_type": "FLEX", "aoi_id": "1", "name": "Derna", "country": "Libya" }, "geometry": { "type": "MultiLineString", "coordinates": [ [ [ 22.610553300000049, 32.729636400000061 ], [ 22.611004800000046, 32.729616800000031 ], [ 22.611479300000042, 32.729479200000071 ], [ 22.611974300000043, 32.729336300000057 ], [ 22.612369800000067, 32.729164900000058 ], [ 22.612632100000042, 32.729156900000078 ], [ 22.613011200000074, 32.729289400000027 ], [ 22.613546700000029, 32.72929780000004 ], [ 22.614247701000068, 32.729496 ], [ 22.614502800000025, 32.729675300000054 ], [ 22.614929800000027, 32.729382100000066 ], [ 22.61500140000004, 32.72906450000005 ], [ 22.614977600000032, 32.72881730000006 ], [ 22.61530440000007, 32.72852830000005 ], [ 22.615671900000052, 32.728290800000025 ], [ 22.616110200000037, 32.727979600000026 ], [ 22.616667500000062, 32.727876300000048 ], [ 22.617278600000077, 32.727806700000031 ], [ 22.617712100000062, 32.72797950000006 ], [ 22.618341400000077, 32.728166200000032 ], [ 22.619011, 32.728425600000037 ], [ 22.619716800000049, 32.728965900000048 ] ] ] } },
{ "type": "Feature", "properties": { "obj_type": "Stream", "NAM": "Unknown", "HYP": "Intermittent", "det_method": "Photo-interpretation", "or_src_id": "1", "emsn_id": "EMSN177", "fwc_type": "FLEX", "aoi_id": "1", "name": "Derna", "country": "Libya" }, "geometry": { "type": "MultiLineString", "coordinates": [ [ [ 22.632908800000052, 32.72101 ], [ 22.632723825000028, 32.721607411000036 ], [ 22.63264990700003, 32.72181121400007 ], [ 22.632555473000025, 32.72205107800005 ], [ 22.632439980000072, 32.722297183000023 ], [ 22.632282150000037, 32.722543838000036 ], [ 22.632081440000036, 32.722761223000077 ], [ 22.631756548000055, 32.723135337000031 ], [ 22.631439578000027, 32.723557074000041 ], [ 22.630666788000042, 32.724527634000026 ], [ 22.630480183000032, 32.724744832000056 ], [ 22.63028033300003, 32.725009929000066 ], [ 22.630170692000036, 32.725190331000078 ], [ 22.630061159000036, 32.725376698000048 ], [ 22.629887794000069, 32.725545996000051 ], [ 22.62964972900005, 32.725650512000072 ], [ 22.629417093000029, 32.725665468000045 ], [ 22.628964846000031, 32.725635551000039 ], [ 22.62870963000006, 32.725573243000042 ], [ 22.628368874000046, 32.725464318000036 ], [ 22.627951041000074, 32.725386223000044 ], [ 22.62764697700004, 32.725354376000041 ], [ 22.627187351000032, 32.725306651000039 ], [ 22.626855711000076, 32.725310956000044 ], [ 22.62664413400006, 32.725319668000054 ], [ 22.626221631000078, 32.725372877000041 ], [ 22.625940900000046, 32.725460041000076 ], [ 22.625717159000033, 32.725576295000053 ], [ 22.625438700000075, 32.725788711000064 ], [ 22.625250023000035, 32.725892578000071 ], [ 22.625040068000033, 32.725990754000065 ], [ 22.624822516000052, 32.726059199000076 ], [ 22.624541457000078, 32.726128466000034 ], [ 22.62410602500006, 32.726247460000025 ], [ 22.623648775000049, 32.726330941000072 ], [ 22.622453600000028, 32.726673800000071 ] ] ] } },
{ "type": "Feature", "properties": { "obj_type": "Stream", "NAM": "Unknown", "HYP": "Intermittent", "det_method": "Photo-interpretation", "or_src_id": "1", "emsn_id": "EMSN177", "fwc_type": "FLEX", "aoi_id": "1", "name": "Derna", "country": "Libya" }, "geometry": { "type": "MultiLineString", "coordinates": [ [ [ 22.64817682100005, 32.721491492000041 ], [ 22.647723029000076, 32.721683592000034 ], [ 22.647303894000061, 32.721918189000064 ], [ 22.647004609000078, 32.722222801000044 ], [ 22.646706639000058, 32.722598985000047 ], [ 22.646526679000033, 32.722944982000058 ], [ 22.64639436300007, 32.723118536000072 ], [ 22.646195889000069, 32.723378868000054 ], [ 22.646079716000031, 32.723509255000067 ], [ 22.646012505000044, 32.723538774000076 ], [ 22.645623542000067, 32.723572517000036 ], [ 22.645250988000043, 32.72357740700005 ], [ 22.644894841000053, 32.72355344500005 ], [ 22.644453498000075, 32.723501964000036 ], [ 22.644097879000071, 32.723506629000042 ], [ 22.643423, 32.723537400000055 ], [ 22.642998199000033, 32.723578319000069 ], [ 22.642510254000058, 32.72375653000006 ], [ 22.641920962000029, 32.72395038600007 ], [ 22.641449685000055, 32.724114056000076 ], [ 22.641114143000038, 32.724290266000025 ], [ 22.640744469000026, 32.724452605000067 ], [ 22.640340925000032, 32.72461538400006 ], [ 22.639885265000032, 32.724707255000055 ], [ 22.639497604000042, 32.724812553000049 ], [ 22.638616500000069, 32.725053700000046 ], [ 22.638792079000041, 32.72555774600005 ], [ 22.63880825800004, 32.725824805000059 ], [ 22.638754777000031, 32.725987775000078 ], [ 22.638633382000023, 32.726142089000064 ], [ 22.638443025000072, 32.726230485000031 ], [ 22.638308943000027, 32.726308601000028 ], [ 22.638107296000044, 32.726397144000032 ], [ 22.637883940000052, 32.726533698000026 ], [ 22.637729371000034, 32.726726625000026 ], [ 22.637586440000064, 32.726938491000055 ], [ 22.637454276000028, 32.727121579000027 ], [ 22.63731064600006, 32.727295273000038 ], [ 22.637080010000034, 32.727651464000076 ], [ 22.636826094000071, 32.727969778000045 ], [ 22.636818291000054, 32.728160787000036 ], [ 22.636868162000042, 32.728417860000036 ], [ 22.636973786000055, 32.728636024000025 ], [ 22.637184338000054, 32.729034180000042 ], [ 22.63741851900005, 32.729489298000033 ], [ 22.637402221000059, 32.729833144000054 ], [ 22.637272668000037, 32.730159379000042 ], [ 22.637153709000074, 32.730447294000044 ], [ 22.637069317000055, 32.730772939000076 ], [ 22.637097655000048, 32.731087566000042 ], [ 22.637112262000073, 32.73126873700005 ], [ 22.637300588000073, 32.731686273000037 ], [ 22.637497240000073, 32.731941429000074 ], [ 22.637726894000025, 32.732148426000037 ], [ 22.63795497600006, 32.732269536000047 ], [ 22.638127828000052, 32.732458184000052 ], [ 22.638242831000071, 32.732571225000072 ], [ 22.638459624000063, 32.732692481000072 ], [ 22.638788977000047, 32.732793174000051 ], [ 22.638927610000053, 32.732963177000045 ], [ 22.639032883000027, 32.733172091000029 ], [ 22.639131500000076, 32.733393300000046 ], [ 22.639213064000046, 32.734570427000051 ] ] ] } },
{ "type": "Feature", "properties": { "obj_type": "Stream", "NAM": "Unknown", "HYP": "Intermittent", "det_method": "Photo-interpretation", "or_src_id": "1", "emsn_id": "EMSN177", "fwc_type": "FLEX", "aoi_id": "1", "name": "Derna", "country": "Libya" }, "geometry": { "type": "MultiLineString", "coordinates": [ [ [ 22.641203191000045, 32.717697225000052 ], [ 22.641924502000052, 32.717007672000079 ], [ 22.642185394000023, 32.716610509000077 ], [ 22.642448033000051, 32.716308775000073 ], [ 22.642739328000062, 32.716030529000079 ], [ 22.642918394000048, 32.715789548000032 ], [ 22.643069236000031, 32.715548936000062 ], [ 22.643204217000061, 32.71521307900008 ], [ 22.643296427000053, 32.714853919000063 ], [ 22.643291395000062, 32.714579555000057 ], [ 22.643257487000028, 32.714269775000048 ], [ 22.643152588000078, 32.71393706200007 ], [ 22.643034236000062, 32.713640320000025 ], [ 22.642917417000035, 32.713427079000041 ], [ 22.642871586000069, 32.713236772000073 ], [ 22.642811645000052, 32.713046650000024 ], [ 22.642778832000033, 32.712796514000047 ], [ 22.642846321000036, 32.712628585000061 ], [ 22.643027347000043, 32.71249496400003 ], [ 22.643195358000071, 32.712421172000063 ], [ 22.643377258000044, 32.712335266000025 ], [ 22.643515297000079, 32.712166412000045 ], [ 22.643539797000074, 32.711963252000032 ], [ 22.64352371800004, 32.71185607700005 ], [ 22.643380867000076, 32.711762496000063 ], [ 22.643196343000056, 32.711705256000073 ], [ 22.64299727100007, 32.71162434200005 ], [ 22.642783870000073, 32.711531685000068 ], [ 22.64258217500003, 32.711307625000074 ], [ 22.642605803000038, 32.711056749000079 ], [ 22.642771405000076, 32.710851740000066 ], [ 22.642951991000075, 32.710694261000071 ], [ 22.643077230000074, 32.710597166000071 ], [ 22.643201157000078, 32.710428498000056 ], [ 22.643253659000038, 32.710213038000063 ], [ 22.64324950300005, 32.70998639000004 ], [ 22.643176767000057, 32.709868026000038 ], [ 22.643048466000039, 32.709798117000048 ], [ 22.642907369000056, 32.709799966000048 ], [ 22.642695722000042, 32.709802739000054 ], [ 22.642582189000052, 32.709768431000043 ], [ 22.642397668000058, 32.709711190000064 ], [ 22.642311479000057, 32.70962879700005 ], [ 22.642294528000036, 32.709473906000028 ], [ 22.642348344000027, 32.709330021000028 ], [ 22.643018680000068, 32.70860910600004 ], [ 22.643241363000072, 32.708397467000054 ], [ 22.64332431400004, 32.708303312000055 ], [ 22.643364806000022, 32.708202555000071 ], [ 22.643362706000062, 32.708088038000028 ], [ 22.643308762000061, 32.707916927000042 ], [ 22.643162483000026, 32.707789982000065 ], [ 22.643050986000048, 32.707712693000076 ], [ 22.642906019000065, 32.707657321000056 ], [ 22.64277043800007, 32.707651939000073 ], [ 22.642618450000043, 32.707675407000067 ], [ 22.642466068000033, 32.707677403000048 ], [ 22.642389484000034, 32.707656929000052 ], [ 22.642345974000023, 32.707593068000051 ], [ 22.64236106900006, 32.70749264400007 ], [ 22.642409766000071, 32.707377461000078 ], [ 22.642506369000046, 32.707104152000056 ], [ 22.64257901700006, 32.706909906000078 ], [ 22.642609468000046, 32.706723372000056 ], [ 22.642640838000034, 32.706586939000033 ], [ 22.642660988000046, 32.706300313000042 ], [ 22.64260665300003, 32.706107731000031 ], [ 22.642511434000028, 32.705994434000047 ], [ 22.642168749000064, 32.70577699200004 ], [ 22.64199760300005, 32.705679007000072 ], [ 22.641894706000073, 32.705608764000033 ], [ 22.641859140000065, 32.705516162000038 ], [ 22.641865508000024, 32.705401534000032 ], [ 22.641897010000037, 32.705272258000036 ], [ 22.64197904200006, 32.705128004000073 ], [ 22.642061467000076, 32.705005220000032 ], [ 22.642110030000026, 32.70488288100006 ], [ 22.642108325000038, 32.704789836000032 ], [ 22.642064556000037, 32.704711659000054 ], [ 22.641977148000024, 32.704562464000048 ], [ 22.641983254000024, 32.704433521000055 ], [ 22.642006683000034, 32.704325828000037 ], [ 22.642030375000047, 32.704232451000053 ], [ 22.642002618000049, 32.704103951000036 ], [ 22.641967184000066, 32.704018507000058 ] ] ] } },
{ "type": "Feature", "properties": { "obj_type": "Stream", "NAM": "Unknown", "HYP": "Intermittent", "det_method": "Photo-interpretation", "or_src_id": "1", "emsn_id": "EMSN177", "fwc_type": "FLEX", "aoi_id": "1", "name": "Derna", "country": "Libya" }, "geometry": { "type": "MultiLineString", "coordinates": [ [ [ 22.636859455000035, 32.691392276000045 ], [ 22.636976545000039, 32.69177733600003 ], [ 22.636990104000063, 32.692056363000063 ], [ 22.636994285000071, 32.69228539900007 ], [ 22.636997812000061, 32.69247864700003 ], [ 22.636927384000046, 32.692794566000032 ], [ 22.636797049000052, 32.693075470000053 ], [ 22.636521254000058, 32.693272364000052 ], [ 22.63624532700004, 32.693462100000033 ], [ 22.636020708000046, 32.693679803000066 ], [ 22.635855990000039, 32.693932519000043 ], [ 22.635798437000062, 32.694026337000025 ], [ 22.635245570000052, 32.695279225000036 ], [ 22.634775619000038, 32.695972622000056 ], [ 22.634677697000029, 32.696174352000071 ], [ 22.634639289000063, 32.696389625000052 ], [ 22.634635914000057, 32.696668873000078 ], [ 22.634674078000046, 32.696904624000069 ], [ 22.634735940000041, 32.697046999000065 ], [ 22.634823329000028, 32.697196200000064 ], [ 22.634970099000043, 32.69735178600007 ], [ 22.635108407000075, 32.697507482000049 ], [ 22.635237597000071, 32.697627501000056 ], [ 22.635408720000044, 32.697725497000079 ], [ 22.635722699000041, 32.69776435600005 ], [ 22.636010239000029, 32.697746287000029 ], [ 22.636238265000031, 32.697714676000032 ], [ 22.636560971000051, 32.697767737000049 ], [ 22.636740168000074, 32.697844148000058 ], [ 22.636987606000048, 32.697948304000079 ], [ 22.637304201000063, 32.698130306000053 ], [ 22.637493171000074, 32.698278179000056 ], [ 22.637701426000035, 32.698554663000039 ], [ 22.637841308000077, 32.69879624400005 ], [ 22.637971419000053, 32.698966362000078 ], [ 22.638118199000075, 32.699121944000069 ], [ 22.638315376000037, 32.699255390000076 ], [ 22.638385274000029, 32.69929264600006 ], [ 22.638554094000028, 32.699345338000057 ], [ 22.638691494000057, 32.699450929000079 ], [ 22.638778760000037, 32.699592970000026 ], [ 22.63882396300005, 32.699749879000024 ], [ 22.63884377100004, 32.699907119000045 ], [ 22.638948098000071, 32.700056095000036 ], [ 22.639076512000031, 32.700133166000057 ], [ 22.639195938000057, 32.700181719000057 ], [ 22.639341413000068, 32.700265725000065 ], [ 22.639377498000044, 32.700386958000024 ], [ 22.639380116000041, 32.700530104000052 ], [ 22.639349659000061, 32.700716638000074 ], [ 22.639386267000077, 32.700866500000075 ], [ 22.639465463000079, 32.701030122000077 ], [ 22.639468081000075, 32.701173269000037 ], [ 22.639461972000049, 32.70130221200003 ], [ 22.639341862000038, 32.701611186000036 ], [ 22.639334253000072, 32.701726265000048 ], [ 22.639379589000043, 32.701890331000072 ], [ 22.639441987000055, 32.702061333000074 ], [ 22.639529387000039, 32.702210531000048 ], [ 22.639667448000068, 32.702351906000047 ], [ 22.640103452000062, 32.702722549000043 ] ] ] } },
{ "type": "Feature", "properties": { "obj_type": "Stream", "NAM": "Unknown", "HYP": "Intermittent", "det_method": "Photo-interpretation", "or_src_id": "1", "emsn_id": "EMSN177", "fwc_type": "FLEX", "aoi_id": "1", "name": "Derna", "country": "Libya" }, "geometry": { "type": "MultiLineString", "coordinates": [ [ [ 22.645461500000067, 32.689141500000062 ], [ 22.645438842000033, 32.689719333000028 ], [ 22.64540958200007, 32.689970284000026 ], [ 22.645413785000073, 32.690199319000044 ], [ 22.645442196000033, 32.690363604000026 ], [ 22.645461357000045, 32.690485056000057 ], [ 22.645515293000074, 32.690656167000043 ], [ 22.645589310000048, 32.69099882900008 ], [ 22.645592068000042, 32.691149133000067 ], [ 22.64560302700005, 32.691285012000037 ], [ 22.64565748900003, 32.691484750000029 ], [ 22.645720416000074, 32.691684379000037 ], [ 22.645783474000041, 32.691891164000026 ], [ 22.645837411000059, 32.692062273000033 ], [ 22.646039881000036, 32.692504141000029 ], [ 22.646126700000025, 32.692699 ], [ 22.646255500000052, 32.693276900000058 ], [ 22.646272766000038, 32.693568316000039 ], [ 22.646268472000031, 32.693867855000065 ], [ 22.646288948000063, 32.694060881000041 ], [ 22.646415860000047, 32.694517394000059 ], [ 22.646418357000073, 32.694653383000059 ], [ 22.646412257000065, 32.694782326000052 ], [ 22.646363179000048, 32.694876038000075 ], [ 22.646279718000073, 32.694941565000079 ], [ 22.646179458000063, 32.695014471000036 ], [ 22.646104986000068, 32.695108517000051 ], [ 22.646115159000033, 32.695201451000059 ], [ 22.64615112000007, 32.69531552400008 ], [ 22.646203877000062, 32.695422217000043 ], [ 22.646307948000072, 32.695556873000044 ], [ 22.646448637000049, 32.69584138700003 ], [ 22.646450740000034, 32.695955904000073 ], [ 22.646445036000046, 32.696106319000023 ], [ 22.646379816000035, 32.696243197000058 ], [ 22.646288283000047, 32.696330308000029 ], [ 22.64617056700007, 32.696374807000041 ], [ 22.645967418000055, 32.69637747400003 ], [ 22.645831721000036, 32.696364936000066 ], [ 22.645627915000034, 32.696331816000054 ], [ 22.645534541000075, 32.696318724000037 ], [ 22.645373846000041, 32.696327991000032 ], [ 22.64528152400004, 32.696372156000052 ], [ 22.645232969000062, 32.69649449700006 ], [ 22.64520993900004, 32.696623662000036 ], [ 22.645148789000075, 32.696982417000072 ], [ 22.645150233000038, 32.697061148000046 ], [ 22.645135537000044, 32.697183045000031 ], [ 22.64516382000005, 32.697340172000054 ], [ 22.645224649000056, 32.69742528300003 ], [ 22.645318548000034, 32.697467005000078 ], [ 22.645412579000038, 32.69751588500003 ], [ 22.645549460000041, 32.697592839000038 ], [ 22.645738179000034, 32.697726383000031 ], [ 22.645823877000055, 32.69778253100003 ], [ 22.645859838000035, 32.69789660400005 ], [ 22.645845799000028, 32.698054287000048 ], [ 22.64581404200004, 32.698169248000056 ], [ 22.645774215000074, 32.698305793000031 ], [ 22.645743510000045, 32.698478013000056 ], [ 22.645711490000053, 32.698578660000067 ], [ 22.645712935000063, 32.698657390000051 ], [ 22.645765563000054, 32.698756927000034 ], [ 22.64589490000003, 32.698884092000071 ], [ 22.646066037000026, 32.698982072000035 ], [ 22.646246032000079, 32.699101413000051 ], [ 22.646383178000065, 32.699192681000056 ], [ 22.646580499000038, 32.699333270000068 ], [ 22.646658917000025, 32.699453945000073 ], [ 22.646713387000034, 32.699653682000076 ], [ 22.646708209000053, 32.699832726000068 ], [ 22.646660838000059, 32.700019483000062 ], [ 22.646588466000026, 32.700228046000063 ], [ 22.646600875000047, 32.700442654000028 ], [ 22.646636838000063, 32.700556727000048 ], [ 22.646773987000074, 32.700647993000075 ], [ 22.646986926000068, 32.700716787000033 ] ] ] } },
{ "type": "Feature", "properties": { "obj_type": "Stream", "NAM": "Unknown", "HYP": "Intermittent", "det_method": "Photo-interpretation", "or_src_id": "1", "emsn_id": "EMSN177", "fwc_type": "FLEX", "aoi_id": "1", "name": "Derna", "country": "Libya" }, "geometry": { "type": "MultiLineString", "coordinates": [ [ [ 22.648122300000068, 32.689538800000037 ], [ 22.648155683000027, 32.689593708000075 ], [ 22.649219655000024, 32.691831706000073 ], [ 22.649361136000039, 32.692159162000053 ], [ 22.649518099000034, 32.692407664000029 ], [ 22.649942063000026, 32.692903220000062 ], [ 22.650104990000045, 32.693015621000029 ], [ 22.650209460000042, 32.693171745000029 ], [ 22.650356249000026, 32.693327313000054 ], [ 22.650451991000068, 32.69346923300003 ], [ 22.650581591000048, 32.693610708000051 ], [ 22.650686061000044, 32.693766833000041 ], [ 22.650723344000028, 32.693952477000039 ], [ 22.650700191000055, 32.694074486000034 ], [ 22.650609718000055, 32.694218857000067 ], [ 22.650475869000047, 32.694306527000037 ], [ 22.650291365000044, 32.694402023000066 ], [ 22.649920909000059, 32.694514283000046 ], [ 22.649559836000037, 32.694676532000074 ], [ 22.649265557000035, 32.694787788000042 ], [ 22.649131969000052, 32.694889771000078 ], [ 22.649092279000058, 32.69503347400007 ], [ 22.649094780000041, 32.69516946300007 ], [ 22.649071889000027, 32.695305786000063 ], [ 22.649074390000067, 32.695441775000063 ], [ 22.649051628000052, 32.695585255000026 ], [ 22.649002948000032, 32.695700440000053 ], [ 22.648988520000046, 32.695836651000036 ], [ 22.64898970400003, 32.695901068000069 ], [ 22.649052379000068, 32.696086378000075 ], [ 22.649079615000062, 32.696186246000025 ], [ 22.649073389000023, 32.696308032000047 ], [ 22.649017032000074, 32.696466273000055 ], [ 22.648909100000026, 32.69658223700003 ], [ 22.64879349000006, 32.696741255000063 ], [ 22.648678013000051, 32.696907432000046 ], [ 22.648553676000063, 32.697052247000045 ], [ 22.648438329000044, 32.697225581000055 ], [ 22.648330789000056, 32.697363016000054 ], [ 22.648163995000061, 32.697501230000057 ], [ 22.648039130000029, 32.697617416000071 ], [ 22.647821416000056, 32.697749140000042 ], [ 22.64772141900005, 32.697836362000032 ], [ 22.647614665000049, 32.69801674100006 ], [ 22.647584752000057, 32.698231905000057 ], [ 22.647596111000041, 32.698389255000052 ], [ 22.64770124000006, 32.698581168000032 ], [ 22.647796062000054, 32.698672989000045 ], [ 22.647993120000024, 32.698799263000069 ], [ 22.648139391000029, 32.698926203000042 ], [ 22.648192153000025, 32.699032895000073 ], [ 22.648185663000049, 32.699140366000051 ], [ 22.648154435000038, 32.699283957000034 ], [ 22.64811368900007, 32.699370401000067 ], [ 22.647988558000065, 32.699472272000037 ], [ 22.647879963000037, 32.699552449000066 ], [ 22.647797023000066, 32.699646607000034 ], [ 22.647697813000036, 32.699776773000053 ], [ 22.64760706800007, 32.699906828000053 ], [ 22.647591453000075, 32.69997862300005 ], [ 22.64759355800004, 32.700093141000025 ], [ 22.647612461000051, 32.700200277000079 ], [ 22.647623688000067, 32.700350470000046 ], [ 22.647592196000062, 32.700479746000042 ], [ 22.647551712000052, 32.700580505000062 ], [ 22.647451316000058, 32.700646255000038 ], [ 22.64732513000007, 32.700690867000048 ], [ 22.647215349000078, 32.700706627000045 ], [ 22.647088374000077, 32.700708295000027 ], [ 22.646986926000068, 32.700716787000033 ], [ 22.646937057000059, 32.700767556000073 ], [ 22.646887845000037, 32.70085411000008 ], [ 22.646855694000067, 32.700947600000063 ], [ 22.646832534000055, 32.701069608000068 ], [ 22.646800778000056, 32.701184570000066 ], [ 22.646777880000059, 32.701320892000069 ], [ 22.646721124000067, 32.701457659000027 ], [ 22.646638445000065, 32.70156613100005 ], [ 22.646557080000036, 32.701746175000039 ], [ 22.646490806000031, 32.701825794000058 ], [ 22.646391723000022, 32.701963117000048 ], [ 22.646249787000045, 32.702072367000028 ], [ 22.646065001000068, 32.702153542000076 ], [ 22.645897013000024, 32.702227338000057 ], [ 22.645745691000059, 32.702286596000079 ], [ 22.645502435000026, 32.702411492000067 ], [ 22.645192246000079, 32.702580221000062 ], [ 22.644714460000046, 32.702844214000038 ] ] ] } },
{ "type": "Feature", "properties": { "obj_type": "Stream", "NAM": "Unknown", "HYP": "Intermittent", "det_method": "Photo-interpretation", "or_src_id": "1", "emsn_id": "EMSN177", "fwc_type": "FLEX", "aoi_id": "1", "name": "Derna", "country": "Libya" }, "geometry": { "type": "MultiLineString", "coordinates": [ [ [ 22.64814320000005, 32.757944500000065 ], [ 22.648537700000077, 32.757715800000028 ], [ 22.648937180000075, 32.757766434000075 ] ] ] } },
{ "type": "Feature", "properties": { "obj_type": "Stream", "NAM": "Unknown", "HYP": "Intermittent", "det_method": "Ancillary data", "or_src_id": "994", "emsn_id": "EMSN177", "fwc_type": "FLEX", "aoi_id": "1", "name": "Derna", "country": "Libya" }, "geometry": { "type": "MultiLineString", "coordinates": [ [ [ 22.643465700000036, 32.752870600000051 ], [ 22.64383040000007, 32.75306 ], [ 22.644012800000041, 32.753222500000049 ], [ 22.644109400000048, 32.753547300000037 ], [ 22.64419520000007, 32.753836 ], [ 22.644321300000058, 32.75423980000005 ], [ 22.644385700000043, 32.754571400000032 ], [ 22.644458100000065, 32.755015800000024 ], [ 22.644678, 32.755284200000062 ], [ 22.644994500000053, 32.755830100000026 ], [ 22.645150100000023, 32.756082700000036 ], [ 22.645289600000069, 32.756443600000068 ], [ 22.646122400000024, 32.756981600000074 ], [ 22.646622100000059, 32.757172400000059 ], [ 22.647328, 32.75767970000004 ], [ 22.647585500000048, 32.757860200000039 ], [ 22.647724900000071, 32.758007200000065 ] ] ] } },
{ "type": "Feature", "properties": { "obj_type": "Stream", "NAM": "Unknown", "HYP": "Intermittent", "det_method": "Ancillary data", "or_src_id": "994", "emsn_id": "EMSN177", "fwc_type": "FLEX", "aoi_id": "1", "name": "Derna", "country": "Libya" }, "geometry": { "type": "MultiLineString", "coordinates": [ [ [ 22.647724900000071, 32.758007200000065 ], [ 22.64785530000006, 32.758109300000058 ], [ 22.64814320000005, 32.757944500000065 ] ] ] } },
{ "type": "Feature", "properties": { "obj_type": "River", "NAM": "Wadi Al Khusayn", "HYP": "Intermittent", "det_method": "Photo-interpretation", "or_src_id": "1", "emsn_id": "EMSN177", "fwc_type": "FLEX", "aoi_id": "1", "name": "Derna", "country": "Libya" }, "geometry": { "type": "MultiLineString", "coordinates": [ [ [ 22.605478199000061, 32.627502432000028 ], [ 22.606161800000052, 32.627593 ], [ 22.606816300000048, 32.627963500000078 ], [ 22.607417100000077, 32.628117100000054 ], [ 22.60799650000007, 32.628171300000076 ], [ 22.608640200000025, 32.62827980000003 ], [ 22.609584300000051, 32.628370100000041 ], [ 22.610431900000037, 32.628171300000076 ], [ 22.610818100000074, 32.628117100000054 ], [ 22.611815900000067, 32.628026800000043 ], [ 22.612813700000061, 32.628035800000077 ], [ 22.613575400000059, 32.628379100000075 ], [ 22.614090400000066, 32.629074900000035 ], [ 22.614390799000034, 32.629897100000051 ], [ 22.614723400000059, 32.630520600000068 ], [ 22.615238400000067, 32.631342800000027 ], [ 22.615581700000064, 32.632662 ], [ 22.615656800000068, 32.634243100000049 ], [ 22.615914300000043, 32.636691600000063 ], [ 22.61642930000005, 32.638597900000036 ], [ 22.616504400000053, 32.638923200000079 ], [ 22.616622401000029, 32.639185200000043 ], [ 22.616643900000042, 32.639564600000028 ], [ 22.616579500000057, 32.640070500000036 ], [ 22.616461500000071, 32.640540300000055 ], [ 22.615978700000028, 32.641290200000071 ], [ 22.614959500000055, 32.641778 ], [ 22.614433800000029, 32.642157500000053 ], [ 22.613940200000059, 32.642753700000071 ], [ 22.613908, 32.643359 ], [ 22.614197700000034, 32.643919200000028 ], [ 22.614455200000066, 32.644063700000061 ], [ 22.614938, 32.644253400000025 ], [ 22.615581700000064, 32.644578600000045 ], [ 22.616504400000053, 32.645084500000053 ], [ 22.617598800000053, 32.645174900000029 ], [ 22.618349800000033, 32.645138700000075 ], [ 22.619540700000073, 32.644958100000053 ], [ 22.620699400000035, 32.645012300000076 ], [ 22.621246600000063, 32.645048400000064 ], [ 22.621943900000076, 32.645183900000063 ], [ 22.622555500000033, 32.645617500000071 ], [ 22.622684200000037, 32.646096300000067 ], [ 22.622491100000047, 32.64672870000004 ], [ 22.622062, 32.64715330000007 ], [ 22.621139300000038, 32.647794700000077 ], [ 22.619753782000032, 32.648491406000062 ], [ 22.618888163000065, 32.648992809000049 ], [ 22.618102184000065, 32.649518403000059 ], [ 22.617279263000057, 32.649872649000031 ], [ 22.617095971000026, 32.650032512000053 ], [ 22.61684731400004, 32.650322082000059 ], [ 22.616719678000038, 32.650753275000056 ], [ 22.616592299000047, 32.651198782000051 ], [ 22.616601059000061, 32.651685491000023 ], [ 22.61686105800004, 32.652025780000031 ], [ 22.617271803000051, 32.65227821600007 ], [ 22.618327617000034, 32.652636880000045 ], [ 22.619361871000024, 32.652738084000077 ], [ 22.619890558000066, 32.652960353000026 ], [ 22.620250551000026, 32.653213434000065 ], [ 22.620458514000063, 32.653482796000048 ], [ 22.62049907200003, 32.653854548000027 ], [ 22.620454765000034, 32.654213076000076 ], [ 22.620392245000062, 32.654500248000033 ], [ 22.62024718300006, 32.654903033000039 ], [ 22.620014413000035, 32.655135131000065 ], [ 22.619391153000038, 32.655300676000024 ], [ 22.619002213000044, 32.65532001300005 ], [ 22.618712997000046, 32.655237834000047 ], [ 22.618508132000045, 32.655140249000056 ], [ 22.617645548000041, 32.654235002000064 ], [ 22.617285042000049, 32.653953283000078 ], [ 22.616946614000028, 32.653957644000059 ], [ 22.616591264000078, 32.653962223000065 ], [ 22.616135417000066, 32.654025367000031 ], [ 22.615545999000062, 32.654190457000027 ], [ 22.615244502000053, 32.654366158000073 ], [ 22.615128627000047, 32.654510832000028 ], [ 22.614947380000046, 32.654785212000036 ], [ 22.614832790000037, 32.65500146100004 ], [ 22.614768965000053, 32.655217057000073 ], [ 22.61477179600007, 32.655374521000056 ], [ 22.614826165000068, 32.655574277000028 ], [ 22.614964370000052, 32.65573 ], [ 22.615765102000069, 32.656020375000026 ], [ 22.617000651000069, 32.656018778000032 ], [ 22.617742889000056, 32.655880348000039 ], [ 22.61835336200005, 32.655944067000064 ], [ 22.618592331000059, 32.656055532000039 ], [ 22.618784922000032, 32.656411003000073 ], [ 22.618942122000078, 32.656681023000033 ], [ 22.619152669000073, 32.657093536000048 ], [ 22.619365544000061, 32.657634882000025 ], [ 22.619609423000043, 32.658018328000026 ], [ 22.619615878000047, 32.658376201000067 ], [ 22.619567436000068, 32.658505690000027 ], [ 22.61914825100007, 32.658725874000027 ], [ 22.618656989000044, 32.658703575000061 ], [ 22.614868640000054, 32.657936246000077 ], [ 22.612966671000038, 32.657588433000058 ], [ 22.612152609000077, 32.657498666000038 ], [ 22.611886224000045, 32.657745499000043 ], [ 22.611881895000067, 32.658159193000074 ], [ 22.61204194100003, 32.65843157200004 ], [ 22.612288529000068, 32.658810224000035 ], [ 22.612505413000065, 32.659105735000026 ], [ 22.612779565000039, 32.65944823600006 ], [ 22.613323588000071, 32.659894655000073 ], [ 22.613912443000061, 32.660550367000042 ], [ 22.614047500000027, 32.660639700000047 ], [ 22.614413153000044, 32.660870988000056 ], [ 22.614584096000044, 32.660964243000024 ], [ 22.614715308000029, 32.661201192000078 ], [ 22.614762121000069, 32.661451159000023 ], [ 22.614808933000063, 32.661701126000025 ], [ 22.614744857000062, 32.66205990800006 ], [ 22.614143170000034, 32.662330151000049 ], [ 22.613891255000055, 32.662440778000075 ], [ 22.613376321000032, 32.662829221000038 ], [ 22.613314384000034, 32.663307293000059 ], [ 22.613538787000039, 32.664020320000077 ], [ 22.614132229000063, 32.664859851000074 ], [ 22.614268380000055, 32.665371170000071 ], [ 22.614396007000039, 32.666192828000078 ], [ 22.614389697000036, 32.666691673000059 ], [ 22.61425833900006, 32.66733283700006 ], [ 22.613938316000031, 32.667852710000034 ], [ 22.61374909400007, 32.668155828000067 ], [ 22.613457168000025, 32.66839583400008 ], [ 22.613145743000075, 32.66849290600004 ], [ 22.612714177000043, 32.66849845400003 ], [ 22.612062595000054, 32.668506828000034 ], [ 22.611690263000071, 32.668511612000032 ], [ 22.611260238000057, 32.668603046000044 ], [ 22.61102586800007, 32.668749238000032 ], [ 22.610893686000054, 32.668929913000056 ], [ 22.610772790000055, 32.669267944000069 ], [ 22.610549207000076, 32.670015364000051 ], [ 22.610452155000075, 32.670267180000053 ], [ 22.610287404000076, 32.670519864000028 ], [ 22.610088290000078, 32.670744352000042 ], [ 22.609871223000027, 32.670911798000077 ], [ 22.609552478000069, 32.671073388000025 ], [ 22.609148338000068, 32.671193118000076 ], [ 22.608443272000045, 32.671524321000049 ], [ 22.60780795200003, 32.671969172000047 ], [ 22.607517152000071, 32.672273582000059 ], [ 22.607169546000023, 32.672714742000039 ], [ 22.606442648000041, 32.674191674000042 ], [ 22.605628783000043, 32.67601335300003 ], [ 22.605525426000042, 32.67638695100004 ], [ 22.605556449000062, 32.676701556000069 ], [ 22.605602094000062, 32.676887108000074 ], [ 22.605665049000038, 32.677093917000036 ], [ 22.605839175000028, 32.677363736000075 ], [ 22.606055489000028, 32.677625854000041 ], [ 22.606322839000029, 32.677901637000048 ], [ 22.60660609100006, 32.678119942000023 ], [ 22.607076941000059, 32.67841459400006 ], [ 22.607496119000075, 32.678659793000065 ], [ 22.608013711000069, 32.678902277000077 ], [ 22.609490283000071, 32.679898242000036 ], [ 22.610254765000036, 32.680437296000036 ], [ 22.611234373000059, 32.681170458000054 ], [ 22.61192899100007, 32.681746195000073 ], [ 22.612560143000053, 32.682322743000043 ], [ 22.613323783000055, 32.682938377000028 ], [ 22.613961560000064, 32.683451259000037 ], [ 22.614104176000069, 32.683597404000068 ], [ 22.614242022000042, 32.683756294000034 ], [ 22.614389561000053, 32.683898147000036 ], [ 22.614476435000029, 32.684002729000042 ], [ 22.61458906200005, 32.684149260000027 ], [ 22.614635417000045, 32.684224767000046 ], [ 22.614667310000073, 32.684330057000068 ], [ 22.614684588000046, 32.684456674000046 ], [ 22.614691031000064, 32.684536924000042 ], [ 22.614731651000056, 32.684849273000054 ], [ 22.614758112000061, 32.685208312000043 ], [ 22.614790539000069, 32.685343191000072 ], [ 22.614811901000053, 32.68541902000004 ], [ 22.614848108000047, 32.68548620200005 ], [ 22.614894160000063, 32.685544801000049 ], [ 22.614969822000035, 32.68558187900004 ], [ 22.615060098000072, 32.685597629000029 ], [ 22.61515537400004, 32.685613314000079 ], [ 22.615290104000053, 32.685598894000066 ], [ 22.615429832000075, 32.685584411000036 ], [ 22.615589250000028, 32.685552762000043 ], [ 22.61574874400003, 32.685525339000037 ], [ 22.615888549000033, 32.685515083000041 ], [ 22.616008511000075, 32.685513537000077 ], [ 22.616133930000046, 32.685537289000024 ], [ 22.616199367000036, 32.685561814000039 ], [ 22.616310018000036, 32.685598440000035 ], [ 22.616431048000038, 32.685656073000075 ], [ 22.616481946000079, 32.68570615200008 ], [ 22.616656376000037, 32.686031438000043 ], [ 22.616700789000049, 32.686268478000045 ], [ 22.616704459000061, 32.686472099000071 ], [ 22.616695772000071, 32.686732452000058 ], [ 22.616646342000024, 32.686959387000059 ], [ 22.616503477000037, 32.687198841000054 ], [ 22.616414730000031, 32.687471542000026 ], [ 22.616392258000076, 32.687709444000063 ], [ 22.616409100000055, 32.687901579000027 ], [ 22.61647884000007, 32.688059088000045 ], [ 22.61667182900004, 32.688373418000026 ], [ 22.617040151000026, 32.688764690000028 ], [ 22.617232328000057, 32.689033769000048 ], [ 22.617330252000045, 32.689270118000024 ], [ 22.617387842000028, 32.689495673000067 ], [ 22.61745901300003, 32.689732367000033 ], [ 22.617516194000075, 32.689935297000034 ], [ 22.617695814000058, 32.690249797000035 ], [ 22.617966832000036, 32.690438654000047 ], [ 22.618141352000066, 32.69047034700003 ], [ 22.618369176000044, 32.690490036000028 ], [ 22.618743746000064, 32.690485202000048 ], [ 22.619919328000037, 32.690379505000067 ], [ 22.620307479000076, 32.690385806000052 ], [ 22.620628946000068, 32.690404283000078 ], [ 22.620804079000038, 32.690469909000058 ], [ 22.620873011000072, 32.69058216600007 ], [ 22.620888637000064, 32.690706428000055 ], [ 22.62086454100006, 32.690853832000073 ], [ 22.620747413000061, 32.691036384000029 ], [ 22.620603123000024, 32.691196656000045 ], [ 22.620526946000041, 32.691423938000071 ], [ 22.62049008300005, 32.691605451000044 ], [ 22.620520314000032, 32.691797414000064 ], [ 22.621021250000069, 32.69360131600007 ], [ 22.621217130000048, 32.69407400700004 ], [ 22.621424959000024, 32.694467341000063 ], [ 22.621442837000075, 32.694716036000045 ], [ 22.621419150000065, 32.694886065000048 ], [ 22.621247689000029, 32.695024060000037 ], [ 22.621022101000051, 32.695128810000028 ], [ 22.620741978000069, 32.695177690000037 ], [ 22.620407933000024, 32.695204636000028 ], [ 22.619819498000027, 32.695223553000062 ], [ 22.618948079000063, 32.695132972000067 ], [ 22.618560725000066, 32.695171916000049 ], [ 22.618240873000047, 32.695243933000029 ], [ 22.617908051000029, 32.695338746000061 ], [ 22.617521104000048, 32.695400312000061 ], [ 22.617053071000043, 32.695417662000068 ], [ 22.616798477000032, 32.695398316000023 ], [ 22.61642368300005, 32.695391832000041 ], [ 22.615913068000054, 32.695273949000068 ], [ 22.615482928000063, 32.69516634200005 ], [ 22.615134280000063, 32.695125573000041 ], [ 22.614760302000036, 32.695164334000026 ], [ 22.614575451000064, 32.695302492000053 ], [ 22.614498441000023, 32.695484522000072 ], [ 22.614448798000069, 32.695700143000067 ], [ 22.614507200000048, 32.695970948000024 ], [ 22.614623597000048, 32.696489933000066 ], [ 22.614869978000058, 32.697539042000074 ], [ 22.615067874000033, 32.698124867000047 ], [ 22.615168046000065, 32.698485652000045 ], [ 22.615211442000032, 32.698666131000039 ], [ 22.615322140000046, 32.698868372000049 ], [ 22.615512908000028, 32.699058267000055 ], [ 22.615852475000054, 32.699336764000066 ], [ 22.616365765000069, 32.699601704000031 ], [ 22.616676741000049, 32.699778734000063 ], [ 22.616799395000044, 32.699901615000044 ], [ 22.616909078000049, 32.700047294000058 ], [ 22.616925110000068, 32.700194181000029 ], [ 22.616911410000057, 32.700918508000029 ], [ 22.616954812000074, 32.701098986000034 ], [ 22.616957465000041, 32.701246045000062 ], [ 22.617094520000023, 32.701425314000062 ], [ 22.617283460000067, 32.701513396000053 ], [ 22.617538480000064, 32.701555367000026 ], [ 22.617833433000044, 32.701585506000072 ], [ 22.618155554000055, 32.701637924000067 ], [ 22.618545591000043, 32.701746039000056 ], [ 22.618897535000031, 32.701967793000051 ], [ 22.619156439000051, 32.702224691000026 ], [ 22.619388994000076, 32.702504559000033 ], [ 22.619731243000047, 32.702930102000039 ], [ 22.620184824000034, 32.703591818000064 ], [ 22.620419022000078, 32.703962181000065 ], [ 22.620626668000057, 32.704344202000073 ], [ 22.620778752000035, 32.704613792000032 ], [ 22.620916844000078, 32.704849618000026 ], [ 22.621067088000075, 32.705017399000042 ], [ 22.621244297000032, 32.705196145000059 ], [ 22.621447652000029, 32.705340608000029 ], [ 22.621650802000033, 32.705473759000029 ], [ 22.621801254000047, 32.705652850000035 ], [ 22.621885217000056, 32.705855431000032 ], [ 22.621902281000075, 32.706058877000032 ], [ 22.621798109000054, 32.706218632000059 ], [ 22.621572903000072, 32.706346008000025 ], [ 22.621241683000051, 32.70653132800004 ], [ 22.620477309000023, 32.707186155000045 ], [ 22.619712517000039, 32.70781835300005 ], [ 22.619162, 32.708459094000034 ], [ 22.61858512200007, 32.709122803000071 ], [ 22.618443251000031, 32.709418819000064 ], [ 22.618393203000039, 32.709611818000042 ], [ 22.618396472000029, 32.709792812000046 ], [ 22.618399945000078, 32.709985120000056 ], [ 22.618763365000063, 32.710840355000073 ], [ 22.618820156000027, 32.711020659000042 ], [ 22.618823223000049, 32.711190443000078 ], [ 22.618782387000067, 32.711489615000062 ], [ 22.618700743000034, 32.711657714000069 ], [ 22.618590877000031, 32.711826177000034 ], [ 22.618467116000033, 32.712006751000047 ], [ 22.618218517000059, 32.712308255000039 ], [ 22.617789281000057, 32.712767202000066 ], [ 22.617232830000034, 32.713215858000069 ], [ 22.616732601000024, 32.713651855000023 ], [ 22.616457277000052, 32.714037222000059 ], [ 22.615990210000064, 32.71474721800007 ], [ 22.615881196000032, 32.71496339600003 ], [ 22.615815160000068, 32.715214815000024 ], [ 22.615763019000042, 32.71545412200004 ], [ 22.615668330000062, 32.71568204600004 ], [ 22.615533244000062, 32.716017878000059 ], [ 22.615466346000062, 32.716221580000024 ], [ 22.615356900000052, 32.716413899000031 ], [ 22.615218586000026, 32.716570794000063 ], [ 22.615080486000068, 32.716739618000076 ], [ 22.614956282000037, 32.716896332000033 ], [ 22.614860300000032, 32.717052681000041 ], [ 22.614835087000074, 32.717220051000027 ], [ 22.614839387000075, 32.717458632000046 ], [ 22.614843903000065, 32.717709141000057 ], [ 22.614863390000039, 32.718007185000033 ], [ 22.614895053000055, 32.718197685000064 ], [ 22.614983377000044, 32.718399387000034 ], [ 22.615085596000029, 32.71858897900006 ], [ 22.615172200000075, 32.718695250000053 ], [ 22.615287242000022, 32.718813085000079 ], [ 22.61561363800007, 32.719327689000067 ] ] ] } },
{ "type": "Feature", "properties": { "obj_type": "River", "NAM": "Unknown", "HYP": "Intermittent", "det_method": "Photo-interpretation", "or_src_id": "1", "emsn_id": "EMSN177", "fwc_type": "FLEX", "aoi_id": "1", "name": "Derna", "country": "Libya" }, "geometry": { "type": "MultiLineString", "coordinates": [ [ [ 22.646225614000059, 32.749578811000049 ], [ 22.64667612900007, 32.749891467000054 ], [ 22.646744678000061, 32.74993352000007 ], [ 22.646838897000066, 32.749989553000034 ], [ 22.646945887000072, 32.750048998000068 ], [ 22.64700199400005, 32.750105533000067 ], [ 22.647028458000023, 32.750162457000044 ], [ 22.647030697000048, 32.750284130000068 ], [ 22.647031883000068, 32.750348545000065 ], [ 22.647004017000029, 32.750445558000024 ], [ 22.646984358000054, 32.750528145000033 ], [ 22.646969263000074, 32.75062857000006 ], [ 22.646970975000045, 32.750721613000053 ], [ 22.646972754000046, 32.750818237000033 ], [ 22.646979756000064, 32.750968484000055 ], [ 22.646998737000047, 32.75107919800007 ], [ 22.647038959000042, 32.751193213000079 ], [ 22.647108562000028, 32.751292524000064 ], [ 22.647177835000036, 32.751373942000043 ], [ 22.647298258000035, 32.751472584000055 ], [ 22.647684802000072, 32.75176102000006 ], [ 22.647787955000069, 32.751841992000038 ], [ 22.647873839000056, 32.75190529300005 ], [ 22.647986980000042, 32.752068462000068 ], [ 22.648022507000064, 32.75215748200003 ], [ 22.648041029000069, 32.752243146000069 ], [ 22.648042413000042, 32.752318297000045 ], [ 22.648022886000035, 32.752408041000024 ], [ 22.647936259000062, 32.752534463000075 ], [ 22.647853934000068, 32.752664408000044 ], [ 22.647783455000024, 32.752747663000036 ], [ 22.647738651000054, 32.752844898000035 ], [ 22.647727989000032, 32.752956003000065 ], [ 22.64772937400005, 32.753031154000041 ], [ 22.647747763000041, 32.753109661000053 ], [ 22.647769992000065, 32.753166640000074 ], [ 22.647830864000071, 32.753251748000025 ], [ 22.64801970700006, 32.753385285000036 ], [ 22.648178248000022, 32.75348342500007 ], [ 22.648255928000026, 32.753561152000032 ], [ 22.648312763000035, 32.753657051000062 ], [ 22.648340019000045, 32.753756918000079 ], [ 22.648437130000048, 32.754199497000059 ], [ 22.648547369000028, 32.75474894000007 ], [ 22.648543886000027, 32.754935468000042 ], [ 22.648503315000028, 32.755032648000054 ], [ 22.648198874000059, 32.755752552000047 ], [ 22.64815810500005, 32.755838995000033 ], [ 22.64814261500004, 32.755917948000047 ], [ 22.648144527000056, 32.756021728000064 ], [ 22.648163050000051, 32.756107392000047 ], [ 22.648198579000052, 32.756196412000065 ], [ 22.648454899000058, 32.756772918000024 ], [ 22.648677619000068, 32.757135095000024 ], [ 22.648764235000044, 32.757237760000066 ], [ 22.648824648000073, 32.757297816000062 ], [ 22.648863820000031, 32.757354573000043 ], [ 22.64889465400006, 32.757418598000072 ], [ 22.648896303000072, 32.757508063000046 ], [ 22.648910724000075, 32.757600940000032 ], [ 22.648912241000062, 32.757683249000024 ], [ 22.648926134000078, 32.757747496000036 ], [ 22.648965504000046, 32.757814989000053 ], [ 22.649492900000041, 32.758253800000034 ] ] ] } },
{ "type": "Feature", "properties": { "obj_type": "River", "NAM": "Unknown", "HYP": "Intermittent", "det_method": "Ancillary data", "or_src_id": "994", "emsn_id": "EMSN177", "fwc_type": "FLEX", "aoi_id": "1", "name": "Derna", "country": "Libya" }, "geometry": { "type": "MultiLineString", "coordinates": [ [ [ 22.649613600000066, 32.758400400000028 ], [ 22.649766500000055, 32.758553800000072 ], [ 22.649922100000026, 32.758700400000066 ] ] ] } },
{ "type": "Feature", "properties": { "obj_type": "River", "NAM": "Unknown", "HYP": "Intermittent", "det_method": "Ancillary data", "or_src_id": "994", "emsn_id": "EMSN177", "fwc_type": "FLEX", "aoi_id": "1", "name": "Derna", "country": "Libya" }, "geometry": { "type": "MultiLineString", "coordinates": [ [ [ 22.649492900000041, 32.758253800000034 ], [ 22.649613600000066, 32.758400400000028 ] ] ] } },
{ "type": "Feature", "properties": { "obj_type": "River", "NAM": "Wadi Zunnarah", "HYP": "Intermittent", "det_method": "Photo-interpretation", "or_src_id": "1", "emsn_id": "EMSN177", "fwc_type": "FLEX", "aoi_id": "1", "name": "Derna", "country": "Libya" }, "geometry": { "type": "MultiLineString", "coordinates": [ [ [ 22.570557326000028, 32.676634293000063 ], [ 22.57056704300004, 32.676705763000029 ], [ 22.570569172000035, 32.676827443000036 ], [ 22.57051193500007, 32.676942706000034 ], [ 22.570379783000078, 32.677130500000032 ], [ 22.57037420100005, 32.677295231000073 ], [ 22.570318091000047, 32.677474913000026 ], [ 22.570159421000028, 32.677598604000025 ], [ 22.569814312000062, 32.677710311000055 ], [ 22.569621538000035, 32.677820112000063 ], [ 22.569591567000032, 32.678042421000043 ], [ 22.569721895000043, 32.678234088000067 ], [ 22.569909838000058, 32.678331965000041 ], [ 22.570165863000057, 32.678450467000062 ], [ 22.570414929000037, 32.678654965000078 ], [ 22.570664497000053, 32.678888093000069 ], [ 22.570923282000024, 32.679164060000062 ], [ 22.571112607000032, 32.679340669000055 ], [ 22.571504050000044, 32.679457472000024 ], [ 22.571808854000039, 32.679460812000059 ], [ 22.57205491600007, 32.679493524000065 ], [ 22.572269885000026, 32.679684128000076 ], [ 22.572360164000031, 32.680005159000075 ], [ 22.572550371000034, 32.680231868000078 ], [ 22.572809291000056, 32.680514989000073 ], [ 22.573134414000037, 32.680711368000061 ], [ 22.573407251000049, 32.68082249400004 ], [ 22.573916437000037, 32.680894856000066 ], [ 22.57434212000004, 32.681032698000024 ], [ 22.574769940000067, 32.681292217000077 ], [ 22.575071564000041, 32.681596274000071 ], [ 22.575305357000047, 32.68189402400003 ], [ 22.575461219000033, 32.682092522000062 ], [ 22.575769804000061, 32.682310580000035 ], [ 22.576195119000033, 32.682426943000053 ], [ 22.576424642000063, 32.682481331000076 ], [ 22.576700255000048, 32.682749915000045 ], [ 22.576978011000051, 32.683140178000031 ], [ 22.576981282000077, 32.68332627500007 ], [ 22.576908003000028, 32.683491857000035 ], [ 22.576794796000058, 32.683793965000064 ], [ 22.576545036000027, 32.684033357000033 ], [ 22.575990581000042, 32.684276577000048 ], [ 22.575487283000029, 32.684540629000026 ], [ 22.575372687000026, 32.684764003000055 ], [ 22.575402730000064, 32.685028514000066 ], [ 22.575484938000045, 32.685371122000049 ], [ 22.57578469300006, 32.685567813000034 ], [ 22.576320431000056, 32.685704264000037 ], [ 22.576931339000055, 32.685782495000069 ], [ 22.577442570000073, 32.685969364000073 ], [ 22.57766653300007, 32.686188481000045 ], [ 22.577934202000051, 32.686485799000025 ], [ 22.578229659000044, 32.68691879000005 ], [ 22.578389315000038, 32.68733201200007 ], [ 22.578453980000063, 32.687639042000058 ], [ 22.578419469000039, 32.688083344000063 ], [ 22.578275302000065, 32.688550504000034 ], [ 22.578263916000026, 32.688865650000025 ], [ 22.578286638000066, 32.689194685000075 ], [ 22.578452119000076, 32.689457491000042 ], [ 22.578704510000023, 32.68984806800006 ], [ 22.578962470000079, 32.690073913000049 ], [ 22.579287389000058, 32.690255961000048 ], [ 22.579690253000024, 32.690537253000059 ], [ 22.580564713000058, 32.691156241000044 ], [ 22.581677324000054, 32.691836652000063 ], [ 22.582398565000062, 32.692407445000072 ], [ 22.583076735000077, 32.692935822000038 ], [ 22.583611900000051, 32.693516116000069 ], [ 22.583959838000055, 32.694041498000047 ], [ 22.584344043000044, 32.694702445000075 ], [ 22.584722561000035, 32.69504130100006 ], [ 22.58511889600004, 32.695430045000023 ], [ 22.585294898000029, 32.695807254000044 ], [ 22.585570723000046, 32.696562636000067 ], [ 22.585867262000022, 32.697052866000035 ], [ 22.586710400000072, 32.698017 ], [ 22.587515100000076, 32.698757400000034 ], [ 22.587975418000042, 32.699279527000044 ], [ 22.58823032500004, 32.699532834000024 ], [ 22.588311304000058, 32.699722719000079 ], [ 22.588335320000056, 32.699883495000051 ], [ 22.588325120000036, 32.700104365000072 ], [ 22.588279228000033, 32.700301821000039 ], [ 22.588205752000079, 32.700535423000076 ], [ 22.58818670200003, 32.700654983000049 ], [ 22.588182500000073, 32.700816118000034 ], [ 22.588205882000068, 32.700941106000073 ], [ 22.588257482000074, 32.701065738000068 ], [ 22.588436167000054, 32.70119472500005 ], [ 22.588728463000052, 32.701364034000051 ], [ 22.588927994000073, 32.70147485800004 ], [ 22.589057300000036, 32.701604470000063 ], [ 22.589216304000047, 32.701817230000074 ], [ 22.589298768000049, 32.702090617000067 ], [ 22.589368603000025, 32.702447688000063 ], [ 22.589480026000047, 32.702762471000028 ], [ 22.589554590000034, 32.702988231000063 ], [ 22.589671165000027, 32.70319556100003 ], [ 22.589773842000056, 32.703414999000074 ], [ 22.589904105000073, 32.703598292000038 ], [ 22.590020045000074, 32.703769833000024 ], [ 22.590114824000068, 32.703941643000064 ], [ 22.590272059000029, 32.704383362000044 ], [ 22.590568651000069, 32.70526032500004 ], [ 22.590613414000074, 32.705396974000053 ], [ 22.59068650200004, 32.705539229000067 ], [ 22.590823188000059, 32.705686644000025 ], [ 22.591058430000032, 32.705820876000075 ], [ 22.591330324000069, 32.706032198000059 ], [ 22.591496183000061, 32.70623293500006 ], [ 22.591820852000069, 32.706634497000039 ], [ 22.592353127000024, 32.707600185000047 ], [ 22.592550604000053, 32.70799142900006 ], [ 22.592625075000058, 32.708211222000045 ], [ 22.592684589000044, 32.70838347800003 ], [ 22.592715776000034, 32.70855012800007 ], [ 22.592711477000023, 32.708705296000062 ], [ 22.592685483000025, 32.708830911000064 ], [ 22.59260389700006, 32.709004959000026 ], [ 22.59253525500003, 32.709113218000027 ], [ 22.592451655000048, 32.709173939000038 ], [ 22.592346360000079, 32.70920510600007 ], [ 22.592212526000026, 32.709218737000072 ], [ 22.592120811000029, 32.709219902000029 ], [ 22.591915897000035, 32.709204606000071 ], [ 22.591696981000041, 32.709195454000053 ], [ 22.591449631000046, 32.70917472900004 ], [ 22.591259040000068, 32.709171183000024 ], [ 22.590926900000056, 32.709211800000048 ], [ 22.590509335000036, 32.709309381000025 ], [ 22.590020561000074, 32.70947168400005 ], [ 22.589252002000023, 32.70979052000007 ], [ 22.589096261000066, 32.709901586000058 ], [ 22.588990152000065, 32.709981718000051 ], [ 22.588941701000067, 32.710079303000043 ], [ 22.588907262000077, 32.710158527000033 ], [ 22.588923315000045, 32.710255294000035 ], [ 22.58901146900007, 32.710375389000035 ], [ 22.589265542000078, 32.710553987000026 ], [ 22.589353374000041, 32.710655905000067 ], [ 22.58940483300006, 32.710727980000058 ], [ 22.589391574000047, 32.710788754000077 ], [ 22.589349432000063, 32.710837774000026 ], [ 22.589278835000073, 32.710899275000031 ], [ 22.589129613000068, 32.710973894000063 ], [ 22.588965629000029, 32.711024457000065 ], [ 22.588659697000026, 32.711155607000023 ], [ 22.588510261000067, 32.711218107000036 ], [ 22.588197408000042, 32.711397712000064 ], [ 22.588047767000035, 32.711487899000076 ], [ 22.58792625600006, 32.711599808000074 ], [ 22.587866405000057, 32.711806391000039 ], [ 22.587990467000054, 32.712037490000057 ], [ 22.588210257000071, 32.712122656000076 ], [ 22.588570235000077, 32.712174926000046 ], [ 22.588699783000038, 32.712203588000079 ], [ 22.58891619700006, 32.712279634000026 ], [ 22.589031625000075, 32.712320595000051 ], [ 22.589183320000075, 32.712385340000026 ], [ 22.58929190300006, 32.71244456900007 ], [ 22.589357914000061, 32.712528581000072 ], [ 22.589388087000032, 32.712613047000048 ], [ 22.589375472000029, 32.712710177000076 ], [ 22.589298351000025, 32.712808125000038 ], [ 22.589178119000053, 32.712900559000047 ], [ 22.588676869000039, 32.71333721600007 ], [ 22.588635261000036, 32.713416531000064 ], [ 22.588622323000038, 32.713495483000031 ], [ 22.588623505000044, 32.713562134000028 ], [ 22.588639451000063, 32.713652842000045 ], [ 22.588741405000064, 32.713742459000059 ], [ 22.588966066000069, 32.71387900700006 ], [ 22.589385858000071, 32.71410398900008 ], [ 22.589495089000025, 32.714199575000066 ], [ 22.589583140000059, 32.714313610000033 ], [ 22.589621127000044, 32.714434341000072 ], [ 22.589651409000055, 32.714524866000033 ], [ 22.589691439000035, 32.71476072300004 ], [ 22.589636356000028, 32.71488869500007 ], [ 22.589566294000065, 32.714980492000052 ], [ 22.589402733000043, 32.715055294000024 ], [ 22.589160006000043, 32.715112916000066 ], [ 22.589031313000078, 32.715132729000061 ], [ 22.588264924000043, 32.715206790000025 ], [ 22.588113887000077, 32.715235157000052 ], [ 22.588047335000056, 32.71526284600003 ], [ 22.587991525000064, 32.715299349000077 ], [ 22.58791844700005, 32.715356951000047 ], [ 22.587856005000049, 32.715417402000071 ], [ 22.587818731000027, 32.715504379000038 ], [ 22.58779572800006, 32.715600126000027 ], [ 22.587808056000029, 32.715698407000048 ], [ 22.587837757000045, 32.715781554000046 ], [ 22.587910110000053, 32.715882058000034 ], [ 22.588280862000033, 32.716105878000064 ], [ 22.588740226000027, 32.71650611900003 ], [ 22.588835017000065, 32.716595827000049 ], [ 22.58903828900003, 32.716738706000058 ], [ 22.589161535000073, 32.716815932000031 ], [ 22.589248299000076, 32.716857256000026 ], [ 22.589385560000039, 32.716916122000043 ], [ 22.589451035000025, 32.716969838000068 ], [ 22.589495868000029, 32.717072300000041 ], [ 22.589497696000024, 32.717175307000048 ], [ 22.589456840000025, 32.717297038000027 ], [ 22.589400681000029, 32.717364417000056 ], [ 22.589286859000026, 32.717414344000076 ], [ 22.589144043000033, 32.71744645800004 ], [ 22.588306338000052, 32.717542924000043 ], [ 22.588101171000062, 32.717553987000031 ], [ 22.587954006000075, 32.717612528000075 ], [ 22.587888245000045, 32.71768495200007 ], [ 22.587884598000073, 32.717866959000048 ], [ 22.587887960000046, 32.718056621000073 ], [ 22.588021561000062, 32.718427202000044 ], [ 22.588334466000049, 32.719129450000025 ], [ 22.588380445000041, 32.719262201000049 ], [ 22.588396501000034, 32.719358968000051 ], [ 22.588404957000023, 32.719431588000077 ], [ 22.588406461000034, 32.719516417000079 ], [ 22.588386462000074, 32.719601519000037 ], [ 22.588344736000067, 32.719708687000036 ], [ 22.58825003000004, 32.719780375000028 ], [ 22.588077084000076, 32.719839469000078 ], [ 22.587532085000078, 32.719989553000062 ], [ 22.586715378000065, 32.72010012100003 ], [ 22.586310648000051, 32.720200698000042 ], [ 22.586206102000062, 32.720354748000034 ], [ 22.586188255000025, 32.720622247000051 ], [ 22.586363490000053, 32.721690630000069 ], [ 22.586368655000058, 32.72178303700008 ], [ 22.586338868000041, 32.722093641000072 ], [ 22.586315820000038, 32.722386264000079 ], [ 22.586260238000023, 32.722834411000065 ], [ 22.586237717000074, 32.723156857000049 ], [ 22.586315672000069, 32.723573484000042 ], [ 22.586292667000066, 32.724665540000046 ], [ 22.586423271000058, 32.724866728000052 ], [ 22.586687629000039, 32.725048325000046 ], [ 22.586908276000031, 32.725152919000038 ], [ 22.587087960000076, 32.725335588000064 ], [ 22.587261328000068, 32.725560097000027 ], [ 22.587201309000022, 32.72575773300008 ], [ 22.587037770000052, 32.726087929000073 ], [ 22.586462552000057, 32.726685837000048 ], [ 22.586382419000074, 32.726943385000027 ], [ 22.586435195000035, 32.727133626000068 ], [ 22.586698608000063, 32.727261543000054 ], [ 22.586829353000041, 32.727370609000047 ], [ 22.587084201000039, 32.727513195000029 ], [ 22.588208961000078, 32.728053779000049 ], [ 22.588494783000044, 32.728169476000062 ], [ 22.588762519000056, 32.728399875000036 ], [ 22.588936109000031, 32.728636311000059 ], [ 22.589023963000045, 32.728814175000025 ], [ 22.589028408000047, 32.729064687000061 ], [ 22.588933849000057, 32.729304523000053 ], [ 22.588852557000052, 32.729496462000043 ], [ 22.588785588000064, 32.729700152000078 ], [ 22.588747058000024, 32.729915413000072 ], [ 22.588751079000076, 32.730142067000031 ], [ 22.588828419000038, 32.730522905000043 ], [ 22.588888048000058, 32.730701127000032 ], [ 22.589105677000077, 32.731032459000062 ], [ 22.589586458000042, 32.731873521000068 ], [ 22.589689913000029, 32.732134710000025 ], [ 22.589764294000076, 32.732348539000043 ], [ 22.589726824000024, 32.732623447000037 ], [ 22.589703468000039, 32.73289817400007 ], [ 22.589639041000055, 32.73324501500008 ], [ 22.589587033000043, 32.733496243000047 ], [ 22.589562194000052, 32.733687467000038 ], [ 22.58956431200005, 32.733806758000071 ], [ 22.589499449000073, 32.734227726000029 ] ] ] } },
{ "type": "Feature", "properties": { "obj_type": "River", "NAM": "Wadi Derna", "HYP": "Intermittent", "det_method": "Photo-interpretation", "or_src_id": "1", "emsn_id": "EMSN177", "fwc_type": "FLEX", "aoi_id": "1", "name": "Derna", "country": "Libya" }, "geometry": { "type": "MultiLineString", "coordinates": [ [ [ 22.595188975000042, 32.671866999000031 ], [ 22.595409344000075, 32.672331400000076 ], [ 22.595398527000043, 32.672516482000049 ], [ 22.595380127000055, 32.672671831000059 ], [ 22.595326573000023, 32.672833593000064 ], [ 22.595210079000026, 32.673025985000038 ], [ 22.594965823000052, 32.673401907000027 ], [ 22.594786538000051, 32.67366972700006 ], [ 22.594580482000026, 32.673982576000071 ], [ 22.594457993000049, 32.674234703000025 ], [ 22.594405602000052, 32.674462076000054 ], [ 22.59440962900004, 32.674688730000071 ], [ 22.594439640000076, 32.674755397000069 ], [ 22.594557437000049, 32.67510812200004 ], [ 22.594617176000042, 32.675244704000079 ], [ 22.59467016800005, 32.675359828000069 ], [ 22.594722585000056, 32.675442645000032 ], [ 22.594784264000054, 32.675509185000067 ], [ 22.594868181000038, 32.675572749000025 ], [ 22.594964687000072, 32.675628074000031 ], [ 22.595077110000034, 32.675683197000069 ], [ 22.595160691000046, 32.675727915000039 ], [ 22.595215718000077, 32.675778382000033 ], [ 22.595293171000037, 32.675836643000025 ], [ 22.595345158000043, 32.675895227000069 ], [ 22.595400951000045, 32.67598877100005 ], [ 22.595434987000033, 32.676112216000035 ], [ 22.595468736000043, 32.676219505000063 ], [ 22.595492887000034, 32.676324224000041 ], [ 22.595530516000053, 32.676852005000057 ], [ 22.595555390000072, 32.677239523000026 ], [ 22.595520500000077, 32.677657584000031 ], [ 22.595567693000078, 32.677931417000025 ], [ 22.595642250000026, 32.678157175000024 ], [ 22.595929657000056, 32.678451817000052 ], [ 22.596374345000072, 32.678863774000035 ], [ 22.596507847000055, 32.679013707000024 ], [ 22.596753285000034, 32.679243453000026 ], [ 22.596873809000044, 32.679356466000058 ], [ 22.597125374000029, 32.679539401000056 ], [ 22.597504658000048, 32.679804314000023 ], [ 22.598666975000071, 32.680539410000051 ], [ 22.600397409000038, 32.681577212000036 ], [ 22.60226784200006, 32.682654765000052 ], [ 22.602656206000063, 32.682843767000065 ], [ 22.603833383000051, 32.683461481000052 ], [ 22.604306980000047, 32.684066336000058 ], [ 22.604574146000061, 32.685242414000072 ], [ 22.604595096000025, 32.685308151000072 ], [ 22.604678700000022, 32.685564810000074 ], [ 22.604899774000046, 32.685934255000063 ], [ 22.605096572000036, 32.686208557000043 ], [ 22.605247377000069, 32.686435718000041 ], [ 22.605422290000035, 32.686748481000052 ], [ 22.605563348000032, 32.687061677000031 ], [ 22.605680813000049, 32.687317901000029 ], [ 22.605889072000025, 32.687601599000061 ], [ 22.606132044000049, 32.687932580000052 ], [ 22.606294310000067, 32.688169139000024 ], [ 22.606492485000047, 32.68851978400005 ], [ 22.60665577900005, 32.688813602000039 ], [ 22.606774787000063, 32.689155715000027 ], [ 22.607106170000066, 32.690010563000044 ], [ 22.607214067000029, 32.690362363000077 ], [ 22.607354222000026, 32.691018013000075 ], [ 22.607359460000055, 32.691310276000024 ], [ 22.60734973600006, 32.691555003000076 ], [ 22.607324729000027, 32.691734301000054 ], [ 22.60721860700005, 32.692505265000079 ], [ 22.60721572500006, 32.693131725000057 ], [ 22.607305501000042, 32.693416938000041 ], [ 22.60742263700007, 32.693654074000051 ], [ 22.60764739800004, 32.693991250000067 ], [ 22.608273164000025, 32.694657377000055 ], [ 22.608945116000029, 32.695537680000029 ], [ 22.609618472000022, 32.696495517000074 ], [ 22.609742994000044, 32.696750454000039 ], [ 22.609774423000033, 32.696929028000056 ], [ 22.609783939000067, 32.697066121000034 ], [ 22.609751361000065, 32.697609439000075 ], [ 22.609757037000065, 32.697925559000055 ], [ 22.60979509200007, 32.698080184000048 ], [ 22.609861362000061, 32.698234447000061 ], [ 22.610056750000069, 32.698506371000065 ], [ 22.61023738800003, 32.698742689000028 ], [ 22.610590005000063, 32.699125944000059 ], [ 22.610684495000044, 32.699279845000035 ], [ 22.610744036000028, 32.699452091000069 ], [ 22.610825168000076, 32.699647924000033 ], [ 22.610924375000025, 32.700064264000048 ], [ 22.610958617000051, 32.700185801000032 ], [ 22.610902314000043, 32.700600473000065 ], [ 22.610958266000068, 32.701201118000029 ], [ 22.610991302000059, 32.701782967000042 ], [ 22.610885977000066, 32.702204320000078 ], [ 22.610710529000073, 32.702492938000034 ], [ 22.610557482000047, 32.70277172200008 ], [ 22.610539198000026, 32.702974611000059 ], [ 22.610485549000032, 32.703130414000043 ], [ 22.610414165000066, 32.703477353000039 ], [ 22.610405950000029, 32.703805584000065 ], [ 22.610467422000056, 32.704085192000036 ], [ 22.610584261000042, 32.704304430000036 ], [ 22.610686240000064, 32.704482097000039 ], [ 22.610787148000043, 32.704600119000077 ], [ 22.610859731000062, 32.70471253900007 ], [ 22.610911900000076, 32.704866983000045 ], [ 22.611000200000035, 32.705068689000029 ], [ 22.611076428000047, 32.70538390300004 ], [ 22.61108050200005, 32.705610556000067 ], [ 22.611071861000028, 32.705914928000027 ], [ 22.611097314000062, 32.706153237000024 ], [ 22.611128963000056, 32.706343739000033 ], [ 22.611153344000058, 32.706522403000065 ], [ 22.611184029000071, 32.706659225000067 ], [ 22.61126549200003, 32.706872950000047 ], [ 22.611432254000079, 32.707121375000042 ], [ 22.611576246000027, 32.707280604000061 ], [ 22.611762353000074, 32.707427360000054 ], [ 22.612025419000076, 32.707537330000036 ], [ 22.612189826000076, 32.707654534000028 ], [ 22.612341195000056, 32.707831565000049 ], [ 22.612486048000051, 32.708038509000062 ], [ 22.612675056000057, 32.708346305000077 ], [ 22.612685437000039, 32.708531115000028 ], [ 22.612695391000045, 32.708692066000026 ], [ 22.612663443000031, 32.708877420000078 ], [ 22.612595792000036, 32.709039369000038 ], [ 22.612302132000025, 32.709383390000028 ], [ 22.611902159000067, 32.710371713000029 ], [ 22.611687554000071, 32.710994926000069 ], [ 22.611745691000067, 32.711332885000047 ], [ 22.611634889000072, 32.711763855000072 ], [ 22.611588469000026, 32.712007860000028 ], [ 22.61159387500004, 32.712308472000075 ], [ 22.611599282000043, 32.712609083000075 ], [ 22.611605976000078, 32.712981270000057 ], [ 22.611628573000075, 32.713295979000065 ], [ 22.611634494000043, 32.713625221000029 ], [ 22.611641446000078, 32.714011722000066 ], [ 22.611646725000071, 32.714305176000039 ], [ 22.611574162000068, 32.714979062000054 ], [ 22.611551337000037, 32.71512253800006 ], [ 22.611510936000059, 32.715230443000053 ], [ 22.611478744000067, 32.715323925000064 ], [ 22.611472079000066, 32.715424237000036 ], [ 22.611465415000055, 32.715524550000055 ], [ 22.611484279000024, 32.715631694000024 ], [ 22.611511609000047, 32.715738729000066 ], [ 22.611581788000024, 32.715873850000037 ], [ 22.611667742000066, 32.715944335000074 ], [ 22.611762032000058, 32.716007555000033 ], [ 22.611864661000027, 32.716063508000047 ], [ 22.611975886000039, 32.716126509000048 ], [ 22.612087111000051, 32.716189511000039 ], [ 22.612700172000075, 32.716760322000027 ], [ 22.613275219000059, 32.717269566000027 ], [ 22.613590026000054, 32.717563596000048 ], [ 22.614217497000027, 32.718194480000079 ], [ 22.614362263000032, 32.718395456000053 ], [ 22.614578018000032, 32.718619381000053 ], [ 22.614807240000061, 32.718807338000033 ], [ 22.614951364000035, 32.718972525000027 ], [ 22.615222708000033, 32.719148006000069 ], [ 22.615450427000042, 32.719252458000028 ], [ 22.61577778700007, 32.719403352000029 ], [ 22.616234304000045, 32.719671898000058 ], [ 22.616591182000036, 32.719894001000057 ], [ 22.616792403000034, 32.720094246000031 ], [ 22.616965834000041, 32.720318712000051 ], [ 22.617223934000037, 32.720542087000069 ], [ 22.617353955000056, 32.720707454000035 ], [ 22.617556042000047, 32.720955414000059 ], [ 22.617931995000049, 32.721451697000077 ], [ 22.618264540000041, 32.721888880000051 ], [ 22.618448848000071, 32.722145948000048 ], [ 22.618700614000034, 32.722587224000051 ], [ 22.618888812000023, 32.72284729200004 ], [ 22.619078953000042, 32.723214721000033 ], [ 22.619168154000079, 32.723464136000075 ], [ 22.619272976000047, 32.723796871000047 ], [ 22.619334386000048, 32.724070509000057 ], [ 22.619468298000072, 32.724450595000064 ], [ 22.619562031000044, 32.724950518000071 ], [ 22.619610192000039, 32.725272053000026 ], [ 22.619629108000026, 32.726308438000046 ], [ 22.619732685000031, 32.72694664100004 ], [ 22.619855424000036, 32.72748914400006 ], [ 22.619839059000071, 32.727832990000024 ], [ 22.619753915000047, 32.728120452000041 ], [ 22.619693, 32.728447700000061 ], [ 22.619716800000049, 32.728965900000048 ], [ 22.619745678000072, 32.729288449000023 ], [ 22.619785246000049, 32.729602937000038 ], [ 22.619912341000031, 32.730073791000052 ], [ 22.620342889000028, 32.731399809000038 ], [ 22.621294930000033, 32.734394297000051 ], [ 22.621522104000064, 32.734777947000055 ], [ 22.621594777000041, 32.735049050000043 ], [ 22.621634355000026, 32.735363536000079 ], [ 22.621638244000053, 32.735578256000053 ], [ 22.621676785000034, 32.735835484000063 ], [ 22.621782296000049, 32.736048889000074 ], [ 22.622023561000049, 32.736274857000069 ], [ 22.622297665000076, 32.736443125000051 ], [ 22.622600138000053, 32.736848653000038 ], [ 22.623024099000077, 32.737203545000057 ], [ 22.623362106000059, 32.737781435000045 ], [ 22.62366974400004, 32.737930176000077 ], [ 22.623887745000047, 32.738118259000032 ], [ 22.624167917000022, 32.738620534000063 ], [ 22.624444802000028, 32.73894148800008 ], [ 22.62456204800003, 32.739178603000028 ], [ 22.624600904000033, 32.739569316000029 ], [ 22.624571359000072, 32.739808334000031 ], [ 22.624587327000029, 32.740065852000043 ], [ 22.624772845000052, 32.740330717000063 ], [ 22.625027955000064, 32.740896858000042 ], [ 22.625324740000053, 32.74137369500005 ], [ 22.62553579300004, 32.741800500000068 ], [ 22.625992112000063, 32.742166706000035 ], [ 22.626143936000062, 32.742441552000059 ], [ 22.626196733000029, 32.742860863000033 ], [ 22.626466856000036, 32.743430079000063 ], [ 22.626736116000075, 32.743951580000044 ], [ 22.627062187000035, 32.744491432000075 ], [ 22.62727469500004, 32.744994551000048 ], [ 22.627766381000072, 32.745635477000064 ], [ 22.628076732000068, 32.746244147000027 ] ] ] } },
{ "type": "Feature", "properties": { "obj_type": "River", "NAM": "Unknown", "HYP": "Intermittent", "det_method": "Photo-interpretation", "or_src_id": "1", "emsn_id": "EMSN177", "fwc_type": "FLEX", "aoi_id": "1", "name": "Derna", "country": "Libya" }, "geometry": { "type": "MultiLineString", "coordinates": [ [ [ 22.602556900000025, 32.733569200000034 ], [ 22.602586493000047, 32.73388936300006 ], [ 22.602588713000046, 32.734013424000068 ], [ 22.602614712000047, 32.734204 ], [ 22.602686217000041, 32.734413086000075 ], [ 22.602781159000074, 32.734669598000039 ], [ 22.60290929100006, 32.734887504000028 ], [ 22.603083273000038, 32.735143005000054 ], [ 22.603221331000043, 32.735284421000074 ], [ 22.603450403000068, 32.735462853000058 ], [ 22.603611045000036, 32.735603980000064 ], [ 22.603895892000025, 32.73574351600007 ], [ 22.604112137000072, 32.735836203000076 ], [ 22.604293994000045, 32.735900693000076 ], [ 22.604532652000046, 32.735983546000057 ], [ 22.604680465000058, 32.736038926000049 ], [ 22.60480638000007, 32.736132768000061 ], [ 22.604955735000033, 32.736274037000044 ], [ 22.605015785000035, 32.736473722000028 ], [ 22.605041275000076, 32.736635668000076 ], [ 22.604989268000054, 32.736884515000042 ], [ 22.604736100000025, 32.737435600000026 ] ] ] } },
{ "type": "Feature", "properties": { "obj_type": "River", "NAM": "Unknown", "HYP": "Intermittent", "det_method": "Photo-interpretation", "or_src_id": "1", "emsn_id": "EMSN177", "fwc_type": "FLEX", "aoi_id": "1", "name": "Derna", "country": "Libya" }, "geometry": { "type": "MultiLineString", "coordinates": [ [ [ 22.630195685000047, 32.704248943000039 ], [ 22.630361083000025, 32.704497360000062 ], [ 22.630482855000025, 32.704674753000063 ], [ 22.630560996000042, 32.704781122000043 ], [ 22.630622338000023, 32.704894870000032 ], [ 22.630665838000027, 32.704958735000048 ], [ 22.630691885000033, 32.704994192000072 ], [ 22.630745021000052, 32.705122364000033 ], [ 22.630781748000061, 32.70527938500004 ], [ 22.630742156000053, 32.705430241000045 ], [ 22.630591208000055, 32.705510954000033 ], [ 22.630397284000026, 32.705556430000058 ], [ 22.630160639000053, 32.705580984000051 ], [ 22.629924126000049, 32.70561269500007 ], [ 22.629704933000028, 32.705665657000054 ], [ 22.629536794000046, 32.70573227400007 ], [ 22.629470241000035, 32.705797571000062 ], [ 22.629455131000043, 32.705897994000054 ], [ 22.62956949900007, 32.706314 ], [ 22.629650579000042, 32.706842428000073 ] ] ] } },
{ "type": "Feature", "properties": { "obj_type": "River", "NAM": "Wadi Bu Ru'ays", "HYP": "Intermittent", "det_method": "Photo-interpretation", "or_src_id": "1", "emsn_id": "EMSN177", "fwc_type": "FLEX", "aoi_id": "1", "name": "Derna", "country": "Libya" }, "geometry": { "type": "MultiLineString", "coordinates": [ [ [ 22.671194369000034, 32.728419279000036 ], [ 22.670721792000052, 32.728511487000048 ], [ 22.670386562000033, 32.728702089000024 ], [ 22.670188147000033, 32.728962455000044 ], [ 22.669953192000037, 32.729080130000057 ], [ 22.669601388000046, 32.729154258000051 ], [ 22.668762431000061, 32.729129637000028 ], [ 22.667724652000061, 32.72934390100005 ], [ 22.667060200000037, 32.729354200000046 ], [ 22.666086331000031, 32.729601936000051 ], [ 22.665803890000063, 32.729899208000063 ], [ 22.665688805000059, 32.730086871000026 ], [ 22.665541179000058, 32.730346556000029 ], [ 22.665322349000064, 32.730421054000033 ], [ 22.66514346200006, 32.730366159000027 ], [ 22.664989846000026, 32.730303769000045 ], [ 22.66469569000003, 32.729971204000037 ], [ 22.664485251000031, 32.729823550000049 ], [ 22.664102022000066, 32.729928975000064 ], [ 22.663892192000048, 32.730031986000029 ], [ 22.663229494000063, 32.730377254000075 ], [ 22.662952718000042, 32.730524107000065 ], [ 22.662774364000029, 32.73049783700003 ], [ 22.662653689000024, 32.730384894000053 ], [ 22.662514351000027, 32.730179132000046 ], [ 22.662305812000056, 32.729895538000051 ], [ 22.662022128000046, 32.72967021200003 ], [ 22.661567, 32.729697200000032 ], [ 22.661448053000072, 32.729770890000054 ], [ 22.661297893000039, 32.729894584000078 ], [ 22.661180800000068, 32.730310900000063 ], [ 22.661234298000068, 32.730575531000056 ], [ 22.661352400000055, 32.731141200000025 ], [ 22.661290447000056, 32.731319322000047 ], [ 22.661139752000054, 32.731414385000051 ], [ 22.660913245000074, 32.731531931000063 ], [ 22.660532192000062, 32.731536980000044 ], [ 22.659871900000041, 32.731412 ], [ 22.659363498000062, 32.73154530000005 ], [ 22.659187795000037, 32.73166216900006 ], [ 22.65893614600003, 32.731794362000073 ], [ 22.658574414000043, 32.731928012000026 ], [ 22.65817682100004, 32.731954749000067 ], [ 22.657948453000074, 32.731972088000077 ], [ 22.657575866000059, 32.731977017000077 ], [ 22.656996500000048, 32.732097900000042 ], [ 22.656781340000066, 32.732066271000065 ], [ 22.656728547000057, 32.731959584000037 ], [ 22.656674826000028, 32.731802796000068 ], [ 22.656510493000042, 32.731618835000063 ], [ 22.656340474000046, 32.73158528700003 ], [ 22.656080089000056, 32.731703271000072 ], [ 22.655948308000063, 32.731905465000068 ], [ 22.655842065000058, 32.732114479000074 ], [ 22.655692554000041, 32.732273952000071 ], [ 22.655370773000072, 32.732278203000078 ], [ 22.65495399200006, 32.73218348100005 ], [ 22.654507576000071, 32.731860061000077 ], [ 22.65422734200007, 32.73182080600003 ], [ 22.653957691000073, 32.731895954000038 ], [ 22.653613680000035, 32.732072309000046 ], [ 22.653299600000025, 32.732381761000056 ], [ 22.65295823200006, 32.73251798900003 ], [ 22.652599003000034, 32.732592952000061 ], [ 22.652283232000059, 32.732537457000035 ], [ 22.652134382000042, 32.73250362400006 ], [ 22.65201287800005, 32.732421704000046 ], [ 22.651868554000032, 32.732250597000075 ], [ 22.651775498000063, 32.732180234000054 ], [ 22.651654765000046, 32.732140063000031 ], [ 22.651514293000048, 32.73217771000003 ], [ 22.651388155000063, 32.732227099000056 ], [ 22.651242495000076, 32.732366231000071 ], [ 22.651076216000035, 32.732535466000058 ], [ 22.650751701000047, 32.732927520000032 ], [ 22.650502718000041, 32.733205227000042 ], [ 22.650397747000056, 32.733254336000073 ], [ 22.650263560000042, 32.733250137000027 ], [ 22.650100266000038, 32.733198595000033 ], [ 22.65002176400003, 32.733151901000042 ], [ 22.649885598000026, 32.733040343000027 ], [ 22.649567521000051, 32.732632888000069 ], [ 22.649459144000048, 32.732497099000057 ], [ 22.649359033000053, 32.73242682700004 ], [ 22.649245138000026, 32.732374634000053 ], [ 22.649117679000028, 32.732352447000039 ], [ 22.648984042000052, 32.732378069000049 ], [ 22.648872564000044, 32.732457091000072 ], [ 22.648721931000068, 32.732709638000074 ], [ 22.648627859000044, 32.732967407000046 ], [ 22.648545485000056, 32.733093773000064 ], [ 22.648440623000056, 32.733148845000073 ], [ 22.648356272000058, 32.733167852000065 ], [ 22.648214370000062, 32.733127957000079 ], [ 22.648114039000063, 32.733045754000045 ], [ 22.648013269000046, 32.732939694000038 ], [ 22.647911841000052, 32.732797848000075 ], [ 22.647761345000049, 32.732674544000076 ], [ 22.647633228000075, 32.732616570000062 ], [ 22.64745593300006, 32.732571174000043 ], [ 22.647258237000074, 32.732567806000077 ], [ 22.647054033000074, 32.732594354000071 ], [ 22.646836153000038, 32.732644943000025 ], [ 22.646674838000024, 32.732700756000042 ], [ 22.646542625000052, 32.732803912000065 ], [ 22.64644028500004, 32.732996163000053 ], [ 22.646366719000071, 32.733217866000075 ], [ 22.646313665000037, 32.73340350400008 ], [ 22.646155747000023, 32.733644212000058 ], [ 22.645947991000071, 32.733861710000042 ], [ 22.645816106000041, 32.733982759000071 ], [ 22.645655225000041, 32.734062428000072 ], [ 22.645493029000022, 32.734070523000071 ], [ 22.645351455000025, 32.734048519000055 ], [ 22.645216389000041, 32.733996599000079 ], [ 22.64466458000004, 32.733544472000062 ], [ 22.644436574000053, 32.733428147000041 ], [ 22.644231709000053, 32.733418902000039 ], [ 22.644126625000069, 32.733462043000031 ], [ 22.644022636000045, 32.733564826000077 ], [ 22.643982485000038, 32.73368466900007 ], [ 22.64399271800005, 32.733857544000045 ], [ 22.644038235000039, 32.734029957000075 ], [ 22.644106018000059, 32.734261736000065 ], [ 22.64414436900006, 32.734428276000074 ], [ 22.644140488000062, 32.734601337000072 ], [ 22.644093281000039, 32.734721272000058 ], [ 22.643969654000045, 32.734907835000058 ], [ 22.643816592000064, 32.735029160000067 ], [ 22.643648432000077, 32.735096989000056 ], [ 22.643451058000039, 32.735111510000024 ], [ 22.643245971000056, 32.735090335000052 ], [ 22.643040884000072, 32.735069161000069 ], [ 22.642792799000063, 32.735012755000071 ], [ 22.642586837000067, 32.734943864000059 ], [ 22.642352429000027, 32.734863414000074 ], [ 22.642069498000069, 32.734831327000052 ], [ 22.64173044000006, 32.734817871000075 ], [ 22.641447729000049, 32.734797711000056 ], [ 22.641306592000035, 32.734799559000066 ], [ 22.641109655000037, 32.734837933000051 ], [ 22.640842478000025, 32.734895124000047 ], [ 22.64063782900007, 32.734897803000024 ], [ 22.640439472000025, 32.734858638000048 ], [ 22.640240678000055, 32.734795616000042 ], [ 22.640083569000069, 32.734696253000038 ], [ 22.639919623000026, 32.734608911000066 ], [ 22.639663938000069, 32.734522768000033 ], [ 22.639536477000036, 32.734500572000059 ], [ 22.639339105000033, 32.734515086000044 ], [ 22.639213064000046, 32.734570427000051 ], [ 22.639109286000064, 32.734685135000063 ], [ 22.639014422000059, 32.734901147000073 ], [ 22.638968736000038, 32.735104583000066 ], [ 22.639022502000046, 32.735342514000024 ], [ 22.639119046000076, 32.735603748000074 ], [ 22.63920125900006, 32.735853238000061 ], [ 22.63925437100005, 32.736055383000064 ], [ 22.63925873900007, 32.736293959000079 ], [ 22.639219238000067, 32.736449588000028 ], [ 22.639065513000048, 32.736535120000042 ], [ 22.638876501000027, 32.736621115000048 ], [ 22.638724530000047, 32.736646501000052 ], [ 22.638589384000056, 32.736667358000034 ], [ 22.638419842000076, 32.736660030000053 ], [ 22.638214854000068, 32.736567257000047 ], [ 22.638088555000024, 32.736454363000064 ], [ 22.637960685000053, 32.736255582000069 ], [ 22.637843408000037, 32.736018480000041 ], [ 22.637783985000056, 32.735856986000044 ], [ 22.637657338000054, 32.735725006000052 ], [ 22.637509332000036, 32.735660123000059 ], [ 22.637339267000073, 32.735624163000068 ], [ 22.637169726000025, 32.735616833000051 ], [ 22.636921322000035, 32.735620077000078 ], [ 22.63669550000003, 32.735623027000031 ], [ 22.636425734000056, 32.735693366000078 ], [ 22.635562944000071, 32.736067353000067 ], [ 22.634845711000025, 32.736372618000075 ], [ 22.63465498100004, 32.736441923000029 ], [ 22.634452262000025, 32.73647320300006 ], [ 22.634227134000071, 32.736514321000072 ], [ 22.633990192000056, 32.736526955000045 ], [ 22.633640164000042, 32.736531518000049 ], [ 22.633415036000031, 32.736572634000026 ], [ 22.633122856000057, 32.736652805000062 ], [ 22.63293247200005, 32.736741194000047 ], [ 22.632776831000058, 32.736876857000027 ], [ 22.632601043000022, 32.737146417000076 ], [ 22.632413789000054, 32.737406582000062 ], [ 22.632207779000055, 32.73787698700005 ], [ 22.63212197200005, 32.738126284000032 ], [ 22.63204797700007, 32.738404064000065 ], [ 22.631909712000038, 32.738873587000057 ], [ 22.631845269000053, 32.739055789000076 ], [ 22.631692232000034, 32.739334597000038 ], [ 22.631514698000046, 32.739508725000064 ], [ 22.63130224300005, 32.739626035000072 ], [ 22.630988860000059, 32.739782839000043 ], [ 22.630777100000046, 32.739938321000068 ], [ 22.630668530000037, 32.740178368000045 ], [ 22.630650640000056, 32.740436326000065 ], [ 22.630632055000035, 32.740656112000067 ], [ 22.630635358000063, 32.740837430000056 ], [ 22.63078592200003, 32.741736170000024 ], [ 22.630813686000067, 32.741956574000028 ], [ 22.630816610000068, 32.742117092000058 ], [ 22.630807116000028, 32.742247667000072 ], [ 22.630714890000036, 32.74239938900007 ], [ 22.630506513000057, 32.742693109000072 ], [ 22.630320781000023, 32.742926325000042 ], [ 22.630109660000073, 32.743069558000059 ], [ 22.629923194000071, 32.743262644000026 ], [ 22.629830784000035, 32.743404333000058 ], [ 22.629727598000045, 32.743606370000066 ], [ 22.629660025000078, 32.743807945000071 ], [ 22.629568526000071, 32.743999796000026 ], [ 22.629441596000049, 32.744202141000073 ], [ 22.629290376000029, 32.744374699000048 ], [ 22.629225089000045, 32.744466074000059 ], [ 22.629081276000022, 32.744657299000039 ], [ 22.628996524000058, 32.744741376000036 ], [ 22.62891131400005, 32.744800314000031 ], [ 22.628799699000069, 32.744879712000056 ], [ 22.628669734000027, 32.744931689000055 ], [ 22.628539859000057, 32.744988693000039 ], [ 22.628436527000076, 32.745032780000031 ], [ 22.628329232000056, 32.745101109000075 ], [ 22.628164334000076, 32.74525434800006 ], [ 22.628104395000037, 32.745452 ], [ 22.628146194000067, 32.745809408000071 ], [ 22.628076732000068, 32.746244147000027 ] ] ] } },
{ "type": "Feature", "properties": { "obj_type": "River", "NAM": "Wadi Al Arbad", "HYP": "Intermittent", "det_method": "Photo-interpretation", "or_src_id": "1", "emsn_id": "EMSN177", "fwc_type": "FLEX", "aoi_id": "1", "name": "Derna", "country": "Libya" }, "geometry": { "type": "MultiLineString", "coordinates": [ [ [ 22.604736100000025, 32.737435600000026 ], [ 22.605127676000052, 32.737675012000068 ], [ 22.605254277000029, 32.737807026000041 ], [ 22.605426732000069, 32.737976635000052 ], [ 22.605599529000074, 32.738165330000072 ], [ 22.605783618000032, 32.738353879000044 ], [ 22.605921686000045, 32.738495291000049 ], [ 22.606126818000064, 32.738597662000075 ], [ 22.606365656000037, 32.738690055000063 ], [ 22.606605178000052, 32.738820621000059 ], [ 22.60677746600004, 32.738980684000069 ], [ 22.606950267000059, 32.739169377000053 ], [ 22.607043171000043, 32.739311366000038 ], [ 22.607148737000045, 32.739529557000026 ], [ 22.60721991500003, 32.739719552000054 ], [ 22.60725721700004, 32.739909982000029 ], [ 22.607214963000047, 32.740072796000049 ], [ 22.607127027000047, 32.740207559000055 ], [ 22.606993239000076, 32.740304730000048 ], [ 22.606928057000061, 32.740448746000027 ], [ 22.606941576000054, 32.740572664000069 ], [ 22.607045945000039, 32.740724052000076 ], [ 22.60725108400004, 32.740826420000076 ], [ 22.60753526700006, 32.740927775000046 ], [ 22.607717310000055, 32.741001803000074 ], [ 22.607945720000032, 32.741142054000079 ], [ 22.608059408000031, 32.741204021000044 ], [ 22.608139756000071, 32.74127401100003 ], [ 22.608246031000078, 32.741472298000076 ], [ 22.60830267800003, 32.741766710000036 ], [ 22.608273305000068, 32.742114204000075 ], [ 22.608262093000064, 32.742366185000037 ], [ 22.608347519000063, 32.742547380000076 ], [ 22.608473554000057, 32.742702011000063 ], [ 22.608600058000036, 32.742882678000058 ], [ 22.608705868000072, 32.743054930000028 ], [ 22.608759709000026, 32.74319312700004 ], [ 22.608804529000054, 32.743400884000039 ], [ 22.608910496000078, 32.743581814000038 ], [ 22.609045554000033, 32.743666885000039 ], [ 22.609169407000024, 32.743700017000037 ], [ 22.60936483200004, 32.74371486800004 ], [ 22.609508288000029, 32.743695665000075 ], [ 22.609660919000078, 32.74361557900005 ], [ 22.609813238000072, 32.74351813800007 ], [ 22.609976763000077, 32.743472634000057 ], [ 22.610182613000063, 32.743496031000063 ], [ 22.610338522000063, 32.743598193000025 ], [ 22.610473739000042, 32.743691941000066 ], [ 22.610693919000028, 32.743940846000044 ], [ 22.610882512000046, 32.744146754000042 ], [ 22.611037955000029, 32.744222880000052 ], [ 22.611203198000055, 32.744272839000075 ], [ 22.611376993000079, 32.744227201000058 ], [ 22.61145758400005, 32.744139360000077 ], [ 22.611544536000054, 32.743834424000056 ], [ 22.611655152000026, 32.743702794000058 ], [ 22.611817426000073, 32.743587860000048 ], [ 22.61194998600007, 32.743534072000045 ], [ 22.612103709000053, 32.74351473400003 ], [ 22.612309247000042, 32.743520769000042 ], [ 22.612463596000055, 32.743536145000064 ], [ 22.612576555000032, 32.743534691000036 ], [ 22.612709585000061, 32.743506938000053 ], [ 22.612811180000051, 32.743444867000051 ], [ 22.613055083000063, 32.743277238000076 ], [ 22.61339010100005, 32.743081514000039 ], [ 22.613522973000045, 32.743045081000048 ], [ 22.613636401000065, 32.743069662000039 ], [ 22.61381222600005, 32.743136842000069 ], [ 22.614112688000034, 32.743280540000057 ], [ 22.614612462000025, 32.743555086000072 ], [ 22.614835114000073, 32.743688239000051 ], [ 22.615015550000066, 32.743829095000024 ], [ 22.615230380000071, 32.743998143000056 ], [ 22.615334852000046, 32.744154295000044 ], [ 22.615373509000051, 32.74441868100007 ], [ 22.615393806000043, 32.744604555000024 ], [ 22.615422315000046, 32.744776004000073 ], [ 22.615494462000072, 32.745018482000035 ], [ 22.615599324000073, 32.745196106000037 ], [ 22.615984255000058, 32.74571148900003 ], [ 22.616432631000066, 32.746194586000058 ], [ 22.616923383000028, 32.746474615000068 ], [ 22.617796880000071, 32.746682885000041 ], [ 22.618791319000024, 32.746708224000031 ], [ 22.619964540000069, 32.746626244000026 ], [ 22.620904936000045, 32.746785900000077 ], [ 22.621435861000066, 32.746788576000029 ], [ 22.622466821000046, 32.746336144000054 ], [ 22.623173230000077, 32.746050179000065 ], [ 22.623961973000064, 32.745944506000058 ], [ 22.625071436000042, 32.745462400000065 ], [ 22.625585686000022, 32.745169369000052 ], [ 22.62624829400005, 32.744960318000039 ], [ 22.626642658000037, 32.744907473000069 ], [ 22.626982990000045, 32.744988963000026 ], [ 22.627224814000044, 32.74524354700003 ], [ 22.627341556000033, 32.745452029000035 ], [ 22.628076732000068, 32.746244147000027 ] ] ] } },
{ "type": "Feature", "properties": { "obj_type": "River", "NAM": "Unknown", "HYP": "Intermittent", "det_method": "Photo-interpretation", "or_src_id": "1", "emsn_id": "EMSN177", "fwc_type": "FLEX", "aoi_id": "1", "name": "Derna", "country": "Libya" }, "geometry": { "type": "MultiLineString", "coordinates": [ [ [ 22.620962300000031, 32.716022800000076 ], [ 22.620800068000051, 32.716140805000066 ], [ 22.620645927000055, 32.716202456000076 ], [ 22.620477891000064, 32.716276219000065 ], [ 22.620280337000054, 32.716278772000067 ], [ 22.620124685000064, 32.716256920000035 ], [ 22.619996608000065, 32.716198916000053 ], [ 22.619895891000056, 32.716092832000072 ], [ 22.619824042000062, 32.716022170000031 ], [ 22.619681639000078, 32.715952418000029 ], [ 22.619525341000042, 32.715894779000052 ], [ 22.619311737000032, 32.715790152000068 ], [ 22.619210805000023, 32.715672138000059 ], [ 22.619081436000045, 32.715542560000074 ], [ 22.61892363100003, 32.715401416000077 ], [ 22.618766903000051, 32.715319917000045 ], [ 22.618539621000025, 32.715239330000031 ], [ 22.618241140000066, 32.715123865000066 ], [ 22.61797045000003, 32.714984177000076 ], [ 22.617642887000045, 32.714821359000041 ], [ 22.617485300000055, 32.714692143000036 ], [ 22.617285597000034, 32.714575401000047 ], [ 22.617113685000049, 32.714434437000079 ], [ 22.616956315000039, 32.714317149000067 ], [ 22.616855819000023, 32.714222991000042 ], [ 22.616782682000064, 32.714080752000029 ], [ 22.616695651000043, 32.713950625000052 ], [ 22.616545239000061, 32.713914103000036 ] ] ] } },
{ "type": "Feature", "properties": { "obj_type": "River", "NAM": "Unknown", "HYP": "Intermittent", "det_method": "Photo-interpretation", "or_src_id": "1", "emsn_id": "EMSN177", "fwc_type": "FLEX", "aoi_id": "1", "name": "Derna", "country": "Libya" }, "geometry": { "type": "MultiLineString", "coordinates": [ [ [ 22.622453600000028, 32.726673800000071 ], [ 22.62192790000006, 32.726876900000036 ], [ 22.62156310000006, 32.727161200000069 ], [ 22.620860300000061, 32.727680200000066 ], [ 22.620345300000054, 32.727991600000053 ], [ 22.619988600000056, 32.728196900000057 ], [ 22.619774, 32.728345800000056 ], [ 22.619693, 32.728447700000061 ] ] ] } },
{ "type": "Feature", "properties": { "obj_type": "River", "NAM": "Unknown", "HYP": "Intermittent", "det_method": "Photo-interpretation", "or_src_id": "1", "emsn_id": "EMSN177", "fwc_type": "FLEX", "aoi_id": "1", "name": "Derna", "country": "Libya" }, "geometry": { "type": "MultiLineString", "coordinates": [ [ [ 22.628606261000073, 32.72738087700003 ], [ 22.628091900000072, 32.727817102000074 ], [ 22.627817669000024, 32.728262138000048 ], [ 22.62758360600003, 32.728587334000053 ], [ 22.627462660000049, 32.728922993000026 ], [ 22.627418565000028, 32.729603675000078 ], [ 22.626947177000034, 32.730075132000024 ], [ 22.626422363000074, 32.730714325000065 ], [ 22.626101009000024, 32.730897470000059 ], [ 22.625641555000072, 32.731249451000053 ], [ 22.625320413000054, 32.73144452400004 ], [ 22.624561800000038, 32.731610800000055 ], [ 22.622801681000055, 32.732141412000033 ], [ 22.621984091000058, 32.732400522000034 ], [ 22.620795611000062, 32.732823800000062 ] ] ] } },
{ "type": "Feature", "properties": { "obj_type": "Stream", "NAM": "Unknown", "HYP": "Intermittent", "det_method": "Photo-interpretation", "or_src_id": "1", "emsn_id": "EMSN177", "fwc_type": "FLEX", "aoi_id": "1", "name": "Derna", "country": "Libya" }, "geometry": { "type": "MultiLineString", "coordinates": [ [ [ 22.63611945100007, 32.689105616000063 ], [ 22.635840493000046, 32.689298359000077 ], [ 22.635677934000057, 32.689419913000052 ], [ 22.635502518000067, 32.68948191800007 ], [ 22.635162001000026, 32.689526169000032 ], [ 22.634938247000036, 32.689519134000079 ], [ 22.634548847000076, 32.68946449200007 ], [ 22.633920674000024, 32.689345398000057 ] ] ] } },
{ "type": "Feature", "properties": { "obj_type": "Stream", "NAM": "Unknown", "HYP": "Intermittent", "det_method": "Photo-interpretation", "or_src_id": "1", "emsn_id": "EMSN177", "fwc_type": "FLEX", "aoi_id": "1", "name": "Derna", "country": "Libya" }, "geometry": { "type": "MultiLineString", "coordinates": [ [ [ 22.635105631000044, 32.68772543700004 ], [ 22.634227639000073, 32.687338766000039 ] ] ] } },
{ "type": "Feature", "properties": { "obj_type": "Stream", "NAM": "Unknown", "HYP": "Intermittent", "det_method": "Photo-interpretation", "or_src_id": "1", "emsn_id": "EMSN177", "fwc_type": "FLEX", "aoi_id": "1", "name": "Derna", "country": "Libya" }, "geometry": { "type": "MultiLineString", "coordinates": [ [ [ 22.593258111000068, 32.71377364500006 ], [ 22.593449464000059, 32.714057578000052 ], [ 22.593843760000027, 32.714324612000041 ], [ 22.594204701000024, 32.714620705000073 ], [ 22.594598747000077, 32.714873422000039 ], [ 22.594992030000071, 32.715083192000066 ], [ 22.595418671000061, 32.715263900000025 ], [ 22.595777072000033, 32.715416839000056 ], [ 22.59613547400005, 32.715569776000052 ], [ 22.59646052100004, 32.715751775000058 ], [ 22.596836114000041, 32.715918809000073 ], [ 22.597627853000063, 32.716295057000025 ] ] ] } },
{ "type": "Feature", "properties": { "obj_type": "Stream", "NAM": "Unknown", "HYP": "Intermittent", "det_method": "Photo-interpretation", "or_src_id": "1", "emsn_id": "EMSN177", "fwc_type": "FLEX", "aoi_id": "1", "name": "Derna", "country": "Libya" }, "geometry": { "type": "MultiLineString", "coordinates": [ [ [ 22.596825079000041, 32.713398946000041 ], [ 22.596948455000074, 32.713669421000077 ], [ 22.59719061800007, 32.71395270000005 ], [ 22.597415340000055, 32.714207564000048 ], [ 22.597589263000032, 32.714463076000072 ], [ 22.597763698000051, 32.714747216000035 ], [ 22.597852193000051, 32.714960862000055 ], [ 22.598175989000026, 32.715717553000047 ] ] ] } },
{ "type": "Feature", "properties": { "obj_type": "Stream", "NAM": "Wadi Al Kuf", "HYP": "Intermittent", "det_method": "Photo-interpretation", "or_src_id": "1", "emsn_id": "EMSN177", "fwc_type": "FLEX", "aoi_id": "1", "name": "Derna", "country": "Libya" }, "geometry": { "type": "MultiLineString", "coordinates": [ [ [ 22.591111205000061, 32.683991703000061 ], [ 22.590532276000033, 32.68480753700004 ], [ 22.590339957000026, 32.685116644000061 ], [ 22.590245278000054, 32.685354816000029 ], [ 22.590199298000073, 32.685550552000052 ], [ 22.590169798000034, 32.685746078000079 ], [ 22.590093081000077, 32.686067660000049 ], [ 22.590030619000061, 32.686263604000033 ], [ 22.589969641000039, 32.686543167000025 ], [ 22.589769757000056, 32.687090272000034 ], [ 22.589579875000027, 32.687522227000045 ], [ 22.589473364000071, 32.687881534000041 ], [ 22.589451070000052, 32.688215909000064 ], [ 22.589570689000027, 32.688596214000029 ], [ 22.589716831000032, 32.688880727000026 ], [ 22.589945926000041, 32.689068734000045 ], [ 22.590201964000073, 32.689184807000061 ], [ 22.590599918000066, 32.689346807000049 ], [ 22.590999991000047, 32.689628098000071 ], [ 22.591089289000024, 32.689889467000057 ], [ 22.591094791000046, 32.690199627000027 ], [ 22.591045135000059, 32.690582077000045 ], [ 22.590994632000047, 32.690916810000033 ], [ 22.591000558000076, 32.691250829000069 ], [ 22.591202292000048, 32.69148690600008 ], [ 22.59140360400005, 32.69169912600006 ], [ 22.591606188000071, 32.691982921000033 ], [ 22.591726668000035, 32.692410940000059 ], [ 22.591704806000052, 32.692769174000034 ], [ 22.591656422000028, 32.693223200000034 ], [ 22.59180512100005, 32.693650861000037 ], [ 22.591868328000032, 32.694031878000033 ], [ 22.59175927800004, 32.694248036000033 ], [ 22.591594221000037, 32.694488769000031 ], [ 22.591570239000077, 32.694727711000041 ], [ 22.591688184000077, 32.695012580000025 ], [ 22.592087015000061, 32.695222290000061 ], [ 22.592856890000064, 32.695665925000071 ], [ 22.593311734000054, 32.695851058000073 ], [ 22.593766156000072, 32.69601233000003 ], [ 22.594109837000076, 32.696294327000032 ], [ 22.594341080000049, 32.696601616000066 ], [ 22.594542835000027, 32.696837688000073 ], [ 22.59477195900007, 32.697025685000028 ], [ 22.595141741000077, 32.697188028000028 ], [ 22.595540589000052, 32.697397727000066 ], [ 22.595740226000032, 32.697514506000061 ], [ 22.595999694000056, 32.697821432000069 ], [ 22.596146298000065, 32.698129795000057 ], [ 22.596263412000042, 32.698366942000064 ], [ 22.596380526000075, 32.698604088000025 ], [ 22.596693884000047, 32.698767144000044 ], [ 22.597034184000051, 32.698858266000059 ], [ 22.597262043000057, 32.698974683000074 ], [ 22.597548037000024, 32.699185813000042 ], [ 22.597749807000071, 32.699421880000045 ], [ 22.598005460000024, 32.69951407700006 ], [ 22.598315847000038, 32.699510122000049 ], [ 22.59885367000004, 32.69959872000004 ], [ 22.599225171000057, 32.699856484000065 ], [ 22.599711246000027, 32.700208239000062 ], [ 22.600197751000053, 32.700583852000079 ], [ 22.600484609000034, 32.700842691000048 ], [ 22.600772746000075, 32.701173105000066 ], [ 22.601146391000043, 32.701550154000074 ], [ 22.601434959000073, 32.701904424000077 ], [ 22.601753453000072, 32.702353767000034 ], [ 22.602017219000061, 32.702899261000027 ], [ 22.602480770000057, 32.704420216000074 ], [ 22.602519751000045, 32.704706083000076 ], [ 22.60253975300003, 32.704877645000067 ], [ 22.602543848000039, 32.705106685000032 ], [ 22.60248047400006, 32.705350904000056 ], [ 22.602297302000068, 32.705525063000039 ], [ 22.602045635000025, 32.705657143000053 ], [ 22.601861438000071, 32.70577404200003 ], [ 22.601816017000033, 32.706075304000024 ], [ 22.601837298000078, 32.706318442000054 ], [ 22.601943491000043, 32.706574813000032 ], [ 22.602031986000043, 32.706788455000037 ], [ 22.602188976000036, 32.707044177000057 ], [ 22.602430881000032, 32.707313132000024 ], [ 22.602772328000071, 32.707466268000076 ], [ 22.60302809500007, 32.707563225000058 ], [ 22.603234091000047, 32.707718091000061 ], [ 22.603390574000059, 32.70794518200006 ], [ 22.603479074000063, 32.708158823000076 ], [ 22.603584763000072, 32.708386562000044 ], [ 22.603775879000068, 32.708656164000047 ], [ 22.603981624000028, 32.708796714000073 ], [ 22.604254839000077, 32.708922082000072 ], [ 22.604680956000038, 32.709074130000033 ], [ 22.604970081000033, 32.709142020000058 ], [ 22.605191221000041, 32.709196461000033 ], [ 22.605531142000075, 32.709263700000065 ], [ 22.605750743000044, 32.70923225100006 ], [ 22.605987020000043, 32.709186271000078 ], [ 22.606225864000066, 32.709283438000057 ], [ 22.606365168000025, 32.709496427000033 ], [ 22.60648677000006, 32.709666687000038 ], [ 22.606692265000049, 32.709792917000073 ], [ 22.606896476000031, 32.709847572000058 ], [ 22.607153281000024, 32.710001781000074 ], [ 22.607409572000051, 32.710127359000069 ], [ 22.607700242000078, 32.710281132000034 ], [ 22.60793908900007, 32.710378297000034 ], [ 22.608347516000038, 32.710487604000036 ], [ 22.608652808000045, 32.710512323000046 ], [ 22.609042504000058, 32.710521641000071 ], [ 22.609381148000068, 32.710517294000056 ], [ 22.609754940000073, 32.710584087000029 ], [ 22.610146180000072, 32.71067929000003 ], [ 22.610673649000034, 32.710815697000044 ], [ 22.611745691000067, 32.711332885000047 ] ] ] } },
{ "type": "Feature", "properties": { "obj_type": "Stream", "NAM": "Unknown", "HYP": "Intermittent", "det_method": "Photo-interpretation", "or_src_id": "1", "emsn_id": "EMSN177", "fwc_type": "FLEX", "aoi_id": "1", "name": "Derna", "country": "Libya" }, "geometry": { "type": "MultiLineString", "coordinates": [ [ [ 22.595278128000075, 32.693749913000033 ], [ 22.595398630000034, 32.694177928000045 ], [ 22.595576412000071, 32.694652941000072 ], [ 22.595810203000042, 32.695103378000056 ], [ 22.596099578000064, 32.695505379000053 ], [ 22.596443689000068, 32.695811227000036 ], [ 22.59670400400006, 32.696165869000026 ], [ 22.596850607000079, 32.696474231000025 ], [ 22.596857405000037, 32.696855965000054 ], [ 22.596726097000044, 32.697406502000035 ], [ 22.596263412000042, 32.698366942000064 ] ] ] } },
{ "type": "Feature", "properties": { "obj_type": "Stream", "NAM": "Wadi Ad Dimagh", "HYP": "Intermittent", "det_method": "Photo-interpretation", "or_src_id": "1", "emsn_id": "EMSN177", "fwc_type": "FLEX", "aoi_id": "1", "name": "Derna", "country": "Libya" }, "geometry": { "type": "MultiLineString", "coordinates": [ [ [ 22.600049273000025, 32.690682301000038 ], [ 22.600140728000042, 32.691062954000074 ], [ 22.600774216000048, 32.691770782000049 ], [ 22.600952447000054, 32.692269646000057 ], [ 22.601242687000024, 32.692719351000051 ], [ 22.601503012000023, 32.693073983000033 ], [ 22.601765042000068, 32.693524048000029 ], [ 22.602053586000068, 32.693878317000042 ], [ 22.60231391700006, 32.694232947000046 ], [ 22.602491309000072, 32.694684092000045 ], [ 22.602555842000072, 32.69513667700005 ], [ 22.602760599000078, 32.69553974300004 ], [ 22.602851643000065, 32.695896535000031 ], [ 22.602942689000031, 32.696253328000068 ], [ 22.602977302000056, 32.696610841000052 ], [ 22.60295420500006, 32.696897500000034 ], [ 22.602931534000049, 32.697208018000026 ], [ 22.602993511000022, 32.697517455000025 ], [ 22.603080719000047, 32.697659522000038 ], [ 22.603085838000027, 32.697945820000029 ], [ 22.60308967800006, 32.698160545000064 ], [ 22.603320102000055, 32.698420099000032 ], [ 22.603519752000068, 32.698536865000051 ], [ 22.603806612000028, 32.698795697000037 ], [ 22.604094328000031, 32.699102245000063 ], [ 22.604298675000052, 32.699481451000054 ], [ 22.604420082000047, 32.699957171000051 ], [ 22.604428195000025, 32.700410477000048 ], [ 22.60432215700007, 32.700793653000062 ], [ 22.604328989000066, 32.701175384000067 ], [ 22.604446556000028, 32.701436380000075 ], [ 22.604705637000052, 32.701719430000026 ], [ 22.604963440000063, 32.701930903000061 ], [ 22.605166090000068, 32.702214673000071 ], [ 22.60564878100007, 32.702375539000059 ], [ 22.606213136000065, 32.702368312000033 ], [ 22.607033160000071, 32.702453259000038 ], [ 22.607458993000023, 32.702590984000039 ], [ 22.607828391000055, 32.702729429000044 ], [ 22.608395744000063, 32.702889199000026 ], [ 22.608907091000049, 32.703073548000077 ], [ 22.610414165000066, 32.703477353000039 ] ] ] } },
{ "type": "Feature", "properties": { "obj_type": "Stream", "NAM": "Unknown", "HYP": "Intermittent", "det_method": "Photo-interpretation", "or_src_id": "1", "emsn_id": "EMSN177", "fwc_type": "FLEX", "aoi_id": "1", "name": "Derna", "country": "Libya" }, "geometry": { "type": "MultiLineString", "coordinates": [ [ [ 22.635812887000043, 32.720608225000035 ], [ 22.636136983000029, 32.720732858000076 ], [ 22.636394913000061, 32.720944263000035 ], [ 22.636483766000026, 32.72117219200004 ], [ 22.636641926000038, 32.721485125000072 ], [ 22.636797732000048, 32.721669225000028 ], [ 22.636934774000053, 32.721753345000025 ], [ 22.637157271000035, 32.721879301000058 ], [ 22.637364404000039, 32.722091367000075 ], [ 22.637591090000058, 32.722446357000024 ], [ 22.637715126000046, 32.722745417000056 ], [ 22.637823275000073, 32.723101955000061 ], [ 22.637827725000022, 32.723345304000077 ], [ 22.637866305000045, 32.723602525000047 ], [ 22.637938493000036, 32.723844988000053 ], [ 22.638045073000058, 32.724115639000047 ], [ 22.638219131000028, 32.724371089000044 ], [ 22.638341338000032, 32.724569945000042 ], [ 22.638616500000069, 32.725053700000046 ] ] ] } },
{ "type": "Feature", "properties": { "obj_type": "Stream", "NAM": "Unknown", "HYP": "Intermittent", "det_method": "Photo-interpretation", "or_src_id": "1", "emsn_id": "EMSN177", "fwc_type": "FLEX", "aoi_id": "1", "name": "Derna", "country": "Libya" }, "geometry": { "type": "MultiLineString", "coordinates": [ [ [ 22.639548206000029, 32.72133364900003 ], [ 22.639836880000075, 32.721681860000047 ], [ 22.639945994000072, 32.721859407000068 ], [ 22.64005467100003, 32.722013098000048 ], [ 22.640156838000053, 32.722196703000066 ], [ 22.640202123000051, 32.722357189000036 ], [ 22.640269776000025, 32.722583006000036 ], [ 22.640286618000061, 32.722731932000045 ], [ 22.640332558000068, 32.722928204000027 ], [ 22.640378061000035, 32.723100618000046 ], [ 22.640451679000023, 32.723266699000078 ], [ 22.640552976000038, 32.723402589000045 ], [ 22.640753492000044, 32.723561042000028 ], [ 22.641395855000042, 32.724142326000049 ] ] ] } },
{ "type": "Feature", "properties": { "obj_type": "Stream", "NAM": "Unknown", "HYP": "Intermittent", "det_method": "Photo-interpretation", "or_src_id": "1", "emsn_id": "EMSN177", "fwc_type": "FLEX", "aoi_id": "1", "name": "Derna", "country": "Libya" }, "geometry": { "type": "MultiLineString", "coordinates": [ [ [ 22.603929342000072, 32.728784470000051 ], [ 22.604055930000072, 32.72891648600006 ], [ 22.604216903000065, 32.729076698000029 ], [ 22.604299526000034, 32.729276094000056 ], [ 22.604349305000028, 32.729533184000047 ], [ 22.60435375000003, 32.729781308000042 ], [ 22.604357341000025, 32.729981716000054 ], [ 22.604394974000058, 32.730191234000074 ], [ 22.604454676000046, 32.730371833000049 ], [ 22.604558686000075, 32.730504138000072 ], [ 22.604674157000034, 32.730645841000069 ], [ 22.604934480000054, 32.730816177000065 ] ] ] } },
{ "type": "Feature", "properties": { "obj_type": "Stream", "NAM": "Unknown", "HYP": "Intermittent", "det_method": "Photo-interpretation", "or_src_id": "1", "emsn_id": "EMSN177", "fwc_type": "FLEX", "aoi_id": "1", "name": "Derna", "country": "Libya" }, "geometry": { "type": "MultiLineString", "coordinates": [ [ [ 22.608537632000036, 32.726201243000048 ], [ 22.609219172000053, 32.726894084000037 ], [ 22.609451657000022, 32.727105872000038 ], [ 22.609633079000048, 32.727303996000046 ], [ 22.609821812000064, 32.727437594000037 ], [ 22.610086111000044, 32.727534426000034 ], [ 22.610433672000056, 32.727551439000024 ], [ 22.610780975000068, 32.727554135000048 ], [ 22.611178955000071, 32.727549020000026 ], [ 22.611551276000057, 32.727529915000048 ], [ 22.611805177000065, 32.727519492000056 ], [ 22.61205112500005, 32.727537806000043 ], [ 22.612297074000026, 32.727556120000031 ], [ 22.612518265000062, 32.72761054700004 ], [ 22.612748697000029, 32.727707809000037 ], [ 22.612996451000072, 32.727826325000024 ], [ 22.613244464000047, 32.727959156000054 ], [ 22.61352583200005, 32.72806292000007 ], [ 22.613798604000067, 32.728159635000054 ], [ 22.613977587000022, 32.728221762000032 ], [ 22.614165038000067, 32.728283780000027 ], [ 22.614352619000044, 32.728352954000059 ], [ 22.614659005000078, 32.728434916000026 ], [ 22.61482195800005, 32.728547363000075 ], [ 22.614977600000032, 32.72881730000006 ] ] ] } },
{ "type": "Feature", "properties": { "obj_type": "Stream", "NAM": "Unknown", "HYP": "Intermittent", "det_method": "Photo-interpretation", "or_src_id": "1", "emsn_id": "EMSN177", "fwc_type": "FLEX", "aoi_id": "1", "name": "Derna", "country": "Libya" }, "geometry": { "type": "MultiLineString", "coordinates": [ [ [ 22.63428826300003, 32.724378968000053 ], [ 22.634424497000055, 32.725656273000027 ], [ 22.634442958000022, 32.72666784200004 ], [ 22.634453060000055, 32.727221343000053 ], [ 22.634440581000035, 32.727775137000037 ], [ 22.634292272000039, 32.728311612000027 ], [ 22.634186336000027, 32.728694808000057 ], [ 22.634059212000068, 32.729154643000072 ], [ 22.634064784000032, 32.729460023000058 ], [ 22.634115867000048, 32.729783900000029 ], [ 22.634236085000055, 32.730183238000052 ], [ 22.634308356000076, 32.730430475000048 ], [ 22.634360834000063, 32.730830697000044 ], [ 22.634364667000057, 32.731040645000064 ], [ 22.634304238000027, 32.731442339000068 ], [ 22.634152441000026, 32.731787951000058 ], [ 22.633955478000075, 32.732134152000071 ], [ 22.633629294000059, 32.732825671000057 ] ] ] } },
{ "type": "Feature", "properties": { "obj_type": "Stream", "NAM": "Unknown", "HYP": "Intermittent", "det_method": "Photo-interpretation", "or_src_id": "1", "emsn_id": "EMSN177", "fwc_type": "FLEX", "aoi_id": "1", "name": "Derna", "country": "Libya" }, "geometry": { "type": "MultiLineString", "coordinates": [ [ [ 22.631996694000065, 32.727520620000064 ], [ 22.631939388000035, 32.728094088000034 ], [ 22.632037362000062, 32.728512810000041 ], [ 22.632120061000023, 32.729332635000048 ], [ 22.632038435000027, 32.729810967000049 ], [ 22.632021421000047, 32.730116641000052 ], [ 22.632141630000035, 32.730515981000053 ], [ 22.632783335000056, 32.732263972000055 ], [ 22.632968164000033, 32.73249065300007 ], [ 22.633629294000059, 32.732825671000057 ], [ 22.633864514000038, 32.733338055000047 ], [ 22.634026765000044, 32.733565028000044 ], [ 22.63434604400004, 32.733732682000038 ], [ 22.634642047000057, 32.733862457000043 ], [ 22.634871350000026, 32.734050373000059 ], [ 22.635079117000032, 32.734295842000051 ], [ 22.635220883000045, 32.734637626000051 ], [ 22.635226461000059, 32.734943005000048 ], [ 22.63520806300005, 32.735172334000026 ], [ 22.635168476000047, 32.735478302000047 ], [ 22.635075809000057, 32.736274685000069 ] ] ] } },
{ "type": "Feature", "properties": { "obj_type": "Stream", "NAM": "Unknown", "HYP": "Intermittent", "det_method": "Photo-interpretation", "or_src_id": "1", "emsn_id": "EMSN177", "fwc_type": "FLEX", "aoi_id": "1", "name": "Derna", "country": "Libya" }, "geometry": { "type": "MultiLineString", "coordinates": [ [ [ 22.630199407000077, 32.728304535000063 ], [ 22.63018846500006, 32.728633993000074 ], [ 22.630314311000063, 32.72903326200003 ], [ 22.630421657000056, 32.729346863000046 ], [ 22.630635049000034, 32.729902492000065 ], [ 22.630708005000031, 32.730187904000047 ], [ 22.630713740000033, 32.730502827000066 ], [ 22.630603532000066, 32.730962440000042 ], [ 22.630506088000061, 32.731192796000073 ], [ 22.630358878000038, 32.731481073000054 ], [ 22.630144444000052, 32.731798859000037 ], [ 22.630083476000038, 32.732171921000031 ], [ 22.630058464000058, 32.732659061000049 ], [ 22.630065761000026, 32.733059872000069 ], [ 22.630090516000053, 32.73348909200007 ], [ 22.630099377000079, 32.733975791000034 ], [ 22.630122829000072, 32.734333438000078 ], [ 22.63018302200004, 32.734848105000026 ], [ 22.630289072000039, 32.735090133000028 ], [ 22.63037792700004, 32.735318066000048 ], [ 22.630349266000053, 32.735604800000033 ], [ 22.630286473000069, 32.735877660000028 ], [ 22.630290904000049, 32.736121009000044 ], [ 22.630363083000077, 32.736363478000044 ], [ 22.630470440000067, 32.736677078000071 ], [ 22.630645806000075, 32.737004111000033 ], [ 22.630751861000078, 32.737246139000035 ], [ 22.630908988000044, 32.737501819000045 ], [ 22.630964494000068, 32.737758822000046 ], [ 22.631069507000063, 32.737943589000054 ], [ 22.631326173000048, 32.738083430000074 ], [ 22.631548183000064, 32.738180766000028 ], [ 22.632084970000051, 32.738265195000054 ] ] ] } },
{ "type": "Feature", "properties": { "obj_type": "Stream", "NAM": "Unknown", "HYP": "Intermittent", "det_method": "Photo-interpretation", "or_src_id": "1", "emsn_id": "EMSN177", "fwc_type": "FLEX", "aoi_id": "1", "name": "Derna", "country": "Libya" }, "geometry": { "type": "MultiLineString", "coordinates": [ [ [ 22.628314055000033, 32.731751062000058 ], [ 22.62846791100003, 32.731827812000063 ], [ 22.628648473000055, 32.731975806000037 ], [ 22.628795424000032, 32.732138554000073 ], [ 22.628883229000053, 32.732309230000055 ], [ 22.629089978000025, 32.732499837000034 ], [ 22.629278490000047, 32.732619090000071 ], [ 22.629449805000036, 32.732724249000057 ], [ 22.629603793000058, 32.732808155000043 ], [ 22.629748923000022, 32.732870698000056 ], [ 22.630064458000049, 32.732988299000056 ] ] ] } },
{ "type": "Feature", "properties": { "obj_type": "Stream", "NAM": "Unknown", "HYP": "Intermittent", "det_method": "Photo-interpretation", "or_src_id": "1", "emsn_id": "EMSN177", "fwc_type": "FLEX", "aoi_id": "1", "name": "Derna", "country": "Libya" }, "geometry": { "type": "MultiLineString", "coordinates": [ [ [ 22.64526253300005, 32.72721163500006 ], [ 22.64566860900004, 32.728108340000063 ], [ 22.645914121000033, 32.728563293000036 ], [ 22.646056181000063, 32.728919379000047 ], [ 22.64634987200003, 32.729230518000065 ], [ 22.646574505000046, 32.729470973000048 ], [ 22.646697528000061, 32.729712764000055 ], [ 22.646839066000041, 32.730040219000045 ], [ 22.646913654000059, 32.730411507000042 ], [ 22.646987452000076, 32.730739852000056 ], [ 22.647065990000044, 32.731325858000048 ], [ 22.647054033000074, 32.732594354000071 ] ] ] } },
{ "type": "Feature", "properties": { "obj_type": "Stream", "NAM": "Unknown", "HYP": "Intermittent", "det_method": "Photo-interpretation", "or_src_id": "1", "emsn_id": "EMSN177", "fwc_type": "FLEX", "aoi_id": "1", "name": "Derna", "country": "Libya" }, "geometry": { "type": "MultiLineString", "coordinates": [ [ [ 22.64466458000004, 32.733544472000062 ], [ 22.644713544000069, 32.733289684000056 ], [ 22.644710652000072, 32.73313222400003 ], [ 22.644588681000073, 32.73294769000006 ], [ 22.644434679000028, 32.732863803000043 ], [ 22.644007072000022, 32.732640324000045 ], [ 22.643749878000051, 32.732471881000038 ], [ 22.643592987000034, 32.732230532000074 ], [ 22.643503052000028, 32.731945351000036 ], [ 22.643493068000055, 32.73140139700007 ], [ 22.643550301000062, 32.730827925000028 ], [ 22.643693262000056, 32.730310601000042 ], [ 22.643753911000033, 32.729923219000057 ], [ 22.643778585000064, 32.729421764000051 ], [ 22.64376833700004, 32.728863496000031 ], [ 22.64377660100007, 32.72839089200005 ], [ 22.643566021000026, 32.727992748000077 ], [ 22.643035779000058, 32.727713339000047 ] ] ] } },
{ "type": "Feature", "properties": { "obj_type": "Stream", "NAM": "Unknown", "HYP": "Intermittent", "det_method": "Photo-interpretation", "or_src_id": "1", "emsn_id": "EMSN177", "fwc_type": "FLEX", "aoi_id": "1", "name": "Derna", "country": "Libya" }, "geometry": { "type": "MultiLineString", "coordinates": [ [ [ 22.642321221000032, 32.728467242000079 ], [ 22.642461428000047, 32.728723130000049 ], [ 22.642602424000074, 32.729021961000058 ], [ 22.642742897000062, 32.729292163000025 ], [ 22.642748937000079, 32.729621399000052 ], [ 22.642737254000053, 32.729907912000044 ], [ 22.642710211000065, 32.730280535000077 ], [ 22.642731873000059, 32.730537976000051 ], [ 22.642822592000073, 32.730866101000061 ], [ 22.642866706000063, 32.731423927000037 ], [ 22.642875636000042, 32.731910623000033 ], [ 22.642882990000032, 32.732311432000074 ], [ 22.642874722000045, 32.732784035000066 ], [ 22.642882076000035, 32.733184842000071 ], [ 22.642788339000049, 32.733615612000051 ], [ 22.642593770000076, 32.734090657000024 ], [ 22.642411147000075, 32.73429350300006 ], [ 22.642364802000031, 32.734537517000035 ], [ 22.642352429000027, 32.734863414000074 ] ] ] } },
{ "type": "Feature", "properties": { "obj_type": "Stream", "NAM": "Unknown", "HYP": "Intermittent", "det_method": "Photo-interpretation", "or_src_id": "1", "emsn_id": "EMSN177", "fwc_type": "FLEX", "aoi_id": "1", "name": "Derna", "country": "Libya" }, "geometry": { "type": "MultiLineString", "coordinates": [ [ [ 22.641141379000032, 32.729714048000062 ], [ 22.640825226000061, 32.730949538000061 ], [ 22.640680411000062, 32.731366657000024 ], [ 22.640670295000064, 32.731739058000073 ], [ 22.640676590000055, 32.732082609000031 ], [ 22.640682886000036, 32.732426160000045 ], [ 22.640553168000054, 32.732742854000037 ], [ 22.640353868000034, 32.732960233000028 ], [ 22.63998310900007, 32.733065311000075 ], [ 22.639032882000038, 32.733172091000029 ] ] ] } },
{ "type": "Feature", "properties": { "obj_type": "Stream", "NAM": "Unknown", "HYP": "Intermittent", "det_method": "Photo-interpretation", "or_src_id": "1", "emsn_id": "EMSN177", "fwc_type": "FLEX", "aoi_id": "1", "name": "Derna", "country": "Libya" }, "geometry": { "type": "MultiLineString", "coordinates": [ [ [ 22.604984386000069, 32.664977620000059 ], [ 22.605603193000036, 32.665504252000062 ], [ 22.606202176000068, 32.666183863000072 ], [ 22.606576896000036, 32.666791959000079 ], [ 22.606786789000068, 32.667169548000061 ], [ 22.606840120000072, 32.667627050000078 ], [ 22.606845928000041, 32.667951523000056 ], [ 22.606874986000037, 32.668313880000028 ], [ 22.606947808000029, 32.668599313000072 ], [ 22.607064053000045, 32.668788734000032 ], [ 22.607250048000026, 32.669091808000076 ], [ 22.607503057000031, 32.669355841000026 ], [ 22.607619988000067, 32.66958343500005 ], [ 22.607691106000061, 32.669773434000035 ], [ 22.607761881000044, 32.669944346000079 ], [ 22.607992328000023, 32.670208667000054 ], [ 22.608268250000037, 32.670491495000078 ], [ 22.608453910000037, 32.670775481000078 ], [ 22.608815751000066, 32.67134935100006 ] ] ] } },
{ "type": "Feature", "properties": { "obj_type": "Stream", "NAM": "Unknown", "HYP": "Intermittent", "det_method": "Photo-interpretation", "or_src_id": "1", "emsn_id": "EMSN177", "fwc_type": "FLEX", "aoi_id": "1", "name": "Derna", "country": "Libya" }, "geometry": { "type": "MultiLineString", "coordinates": [ [ [ 22.640799050000055, 32.691554303000032 ], [ 22.641087738000067, 32.691908479000062 ], [ 22.641431546000035, 32.69219034300005 ], [ 22.641804006000029, 32.692495693000069 ], [ 22.642288888000053, 32.692775707000067 ], [ 22.642744250000078, 32.692984515000035 ], [ 22.643258226000057, 32.693311870000059 ], [ 22.643488751000064, 32.693571348000035 ], [ 22.643690187000061, 32.693783480000036 ], [ 22.643695435000041, 32.694069773000024 ], [ 22.643699809000054, 32.694308351000075 ], [ 22.643591761000039, 32.69457226600008 ], [ 22.643539267000051, 32.694787725000026 ], [ 22.643544077000058, 32.69505016100004 ], [ 22.643659999000079, 32.69521568600004 ], [ 22.643803259000038, 32.695333126000037 ], [ 22.643945646000077, 32.69540285000005 ], [ 22.644176178000066, 32.695662327000036 ], [ 22.644266075000075, 32.695947509000064 ], [ 22.644357283000033, 32.696304266000027 ], [ 22.644532263000031, 32.696612197000036 ], [ 22.644793642000025, 32.697014449000051 ], [ 22.64516382000005, 32.697340172000054 ] ] ] } },
{ "type": "Feature", "properties": { "obj_type": "Stream", "NAM": "Unknown", "HYP": "Intermittent", "det_method": "Photo-interpretation", "or_src_id": "1", "emsn_id": "EMSN177", "fwc_type": "FLEX", "aoi_id": "1", "name": "Derna", "country": "Libya" }, "geometry": { "type": "MultiLineString", "coordinates": [ [ [ 22.640000195000027, 32.694165878000035 ], [ 22.641954614000042, 32.696097113000064 ], [ 22.64258552900003, 32.696952710000062 ], [ 22.642693399000052, 32.697294931000044 ], [ 22.642698644000063, 32.697581224000032 ], [ 22.642619505000027, 32.697882941000046 ], [ 22.642625537000072, 32.698212179000052 ], [ 22.642714381000076, 32.698440104000042 ], [ 22.642871206000052, 32.698681458000067 ], [ 22.643060318000039, 32.698836479000079 ], [ 22.643183286000067, 32.69907827600008 ], [ 22.643254678000062, 32.699277793000078 ], [ 22.643257302000052, 32.699420940000039 ], [ 22.64319299400006, 32.699607918000027 ], [ 22.64313078400005, 32.699909413000057 ], [ 22.643119626000043, 32.70022455700007 ], [ 22.64317513900005, 32.700481556000057 ], [ 22.643300733000046, 32.700866499000028 ], [ 22.644431169000029, 32.702633158000026 ] ] ] } },
{ "type": "Feature", "properties": { "obj_type": "Stream", "NAM": "Unknown", "HYP": "Intermittent", "det_method": "Ancillary data", "or_src_id": "994", "emsn_id": "EMSN177", "fwc_type": "FLEX", "aoi_id": "1", "name": "Derna", "country": "Libya" }, "geometry": { "type": "MultiLineString", "coordinates": [ [ [ 22.517402541000024, 32.669828754000036 ], [ 22.517992018000029, 32.669649802000038 ], [ 22.518328826000072, 32.669545497000058 ], [ 22.518803215000048, 32.669568392000031 ], [ 22.519093607000059, 32.669722380000053 ], [ 22.519335891000026, 32.670034453000028 ], [ 22.519733169000062, 32.670502153000029 ], [ 22.520044856000027, 32.670913614000028 ], [ 22.520542968000029, 32.671337133000065 ], [ 22.520799518000047, 32.671491527000057 ], [ 22.521144822000053, 32.67188825900007 ], [ 22.521316504000026, 32.672029362000046 ], [ 22.52155904500006, 32.67235574700004 ], [ 22.521753722000028, 32.672854533000077 ], [ 22.521827979000022, 32.673240232000069 ], [ 22.522335997000027, 32.673248387000058 ], [ 22.522911717000056, 32.673255718000064 ], [ 22.523386125000059, 32.673278595000056 ], [ 22.523541212000055, 32.673453307000045 ], [ 22.52378101000005, 32.673603126000046 ], [ 22.523907726000061, 32.673754316000043 ], [ 22.524102956000036, 32.673952404000033 ], [ 22.524366216000033, 32.674168756000029 ], [ 22.524810183000056, 32.674392456000078 ], [ 22.525106162000043, 32.674541589000057 ], [ 22.525481455000033, 32.674708849000069 ], [ 22.525812262000045, 32.674914829000045 ], [ 22.52597380900005, 32.675122869000063 ], [ 22.526069762000077, 32.675455800000066 ], [ 22.526130402000035, 32.675703250000026 ], [ 22.526305671000046, 32.676054307000072 ], [ 22.526558145000024, 32.676299421000067 ], [ 22.526730331000067, 32.676469148000024 ], [ 22.526935883000078, 32.676609831000064 ], [ 22.527202568000064, 32.677026593000051 ], [ 22.527117167000029, 32.677314003000049 ], [ 22.527121228000055, 32.677552595000066 ], [ 22.527249905000076, 32.677818307000052 ], [ 22.527476730000046, 32.677882364000027 ], [ 22.527488664000032, 32.677920402000041 ], [ 22.527649733000032, 32.678099807000024 ], [ 22.527707943000053, 32.678204101000063 ], [ 22.527943871000048, 32.678802604000055 ], [ 22.52822874800006, 32.678961410000056 ], [ 22.528896326000051, 32.679058277000024 ], [ 22.529069010000057, 32.679256631000044 ], [ 22.529083547000027, 32.679447366000034 ], [ 22.529009922000057, 32.679763270000024 ], [ 22.528834409000069, 32.680061325000054 ], [ 22.528829792000067, 32.680452752000065 ], [ 22.528881924000075, 32.680862580000053 ], [ 22.529135395000026, 32.681164951000028 ], [ 22.529615053000043, 32.681493200000034 ], [ 22.529969278000067, 32.68174661300003 ], [ 22.530168283000023, 32.682164194000052 ], [ 22.530401960000063, 32.682629079000037 ], [ 22.530663306000065, 32.682730892000052 ], [ 22.530927910000059, 32.683023578000075 ], [ 22.531316326000024, 32.683295660000056 ], [ 22.531454681000071, 32.68346579200005 ], [ 22.531552130000023, 32.683884611000053 ], [ 22.531805129000077, 32.684158345000071 ], [ 22.532239510000068, 32.684477591000075 ], [ 22.532684851000056, 32.684777611000072 ], [ 22.533017344000029, 32.68507900700007 ], [ 22.53328343000004, 32.685457580000048 ], [ 22.533549683000047, 32.685845696000058 ], [ 22.533598578000067, 32.68606464800007 ], [ 22.533559636000064, 32.686427857000069 ], [ 22.534043745000076, 32.687013766000064 ], [ 22.534254067000063, 32.687431202000027 ], [ 22.534768614000029, 32.687816278000071 ], [ 22.535816535000038, 32.688366641000073 ], [ 22.53639570200005, 32.688569552000047 ], [ 22.537153318000037, 32.688646180000035 ], [ 22.537693397000055, 32.688544104000073 ], [ 22.53842058400005, 32.688162907000049 ], [ 22.539028863000055, 32.688088626000024 ], [ 22.539393279000024, 32.688275066000074 ], [ 22.539707987000043, 32.688853485000038 ], [ 22.539895933000025, 32.689280730000064 ], [ 22.539904453000077, 32.68977699800007 ], [ 22.53988419500007, 32.69056953200004 ], [ 22.539923571000031, 32.690890417000048 ], [ 22.540242200000023, 32.691039235000062 ], [ 22.540970081000069, 32.691354844000045 ], [ 22.541721852000023, 32.691746521000027 ], [ 22.542180188000032, 32.692141802000037 ], [ 22.542579348000061, 32.693034179000051 ], [ 22.543120522000038, 32.694306633000053 ], [ 22.54349055800003, 32.694817541000077 ], [ 22.543944647000046, 32.694964681000044 ], [ 22.544622493000077, 32.694994517000055 ], [ 22.545240059000037, 32.694965431000071 ], [ 22.545683439000072, 32.695146107000028 ], [ 22.546277708000048, 32.69523901000008 ], [ 22.546778865000078, 32.695333058000074 ], [ 22.547783221000032, 32.695148846000052 ], [ 22.54859330000005, 32.694999500000051 ], [ 22.549316105000059, 32.695172873000047 ], [ 22.550316072000044, 32.695224949000078 ], [ 22.550985786000069, 32.695273942000028 ], [ 22.551466055000049, 32.695139135000034 ], [ 22.55204752800006, 32.694981598000027 ], [ 22.552847968000037, 32.694756913000049 ], [ 22.553658358000064, 32.694618012000035 ], [ 22.554128541000068, 32.694390251000073 ], [ 22.554370298000038, 32.694172479000031 ], [ 22.554854427000066, 32.693772723000052 ], [ 22.555162284000062, 32.69346106100005 ], [ 22.555323632000068, 32.693000872000027 ], [ 22.555720870000073, 32.692473325000037 ], [ 22.556082735000075, 32.692347129000041 ], [ 22.556345386000032, 32.692358188000071 ], [ 22.556762013000025, 32.692460406000066 ], [ 22.557020176000037, 32.692700613000056 ], [ 22.557268260000058, 32.692847875000041 ], [ 22.557586548000074, 32.693137450000052 ], [ 22.557701561000044, 32.693422388000045 ], [ 22.557713632000059, 32.693629854000051 ], [ 22.557683379000025, 32.693837846000065 ], [ 22.557620013000076, 32.694089205000068 ], [ 22.55769469300003, 32.694489191000059 ], [ 22.557837093000046, 32.694888337000066 ], [ 22.558190493000041, 32.695249064000052 ], [ 22.558872782000037, 32.695534111000029 ], [ 22.560127200000068, 32.695611582000026 ], [ 22.561349754000048, 32.695803983000076 ], [ 22.561784705000036, 32.695984706000047 ], [ 22.562477470000033, 32.696384149000039 ], [ 22.562901110000041, 32.696887171000071 ], [ 22.563190562000045, 32.697463455000047 ], [ 22.563551733000054, 32.698267939000061 ], [ 22.564333538000028, 32.699263554000026 ], [ 22.564848100000063, 32.699963100000048 ], [ 22.565435395000065, 32.700564535000069 ], [ 22.565777969000067, 32.700958377000063 ], [ 22.56593194800007, 32.701290549000078 ], [ 22.565948870000057, 32.701451418000033 ], [ 22.565980109000066, 32.701624041000059 ], [ 22.565918182000075, 32.701714304000063 ], [ 22.565835403000051, 32.701822725000056 ], [ 22.565694781000047, 32.701851328000032 ], [ 22.565589536000061, 32.701885455000024 ], [ 22.565314930000056, 32.701918713000055 ], [ 22.565046234000079, 32.701886271000035 ], [ 22.564311105000058, 32.701811920000068 ], [ 22.563675885000066, 32.701801945000057 ], [ 22.563283536000029, 32.701961951000044 ], [ 22.563138615000071, 32.702148704000024 ], [ 22.563099824000062, 32.702352030000043 ], [ 22.563084901000025, 32.70271017400006 ], [ 22.563198729000078, 32.703168135000055 ], [ 22.563373449000039, 32.703476187000035 ], [ 22.56368033800004, 32.703675203000046 ], [ 22.564177495000024, 32.703859913000031 ], [ 22.564553476000071, 32.703974542000026 ], [ 22.565028952000034, 32.704129689000069 ], [ 22.565695220000066, 32.704300351000029 ], [ 22.56629094300007, 32.704471890000036 ], [ 22.566490456000054, 32.704582751000032 ], [ 22.56664951700003, 32.704801505000034 ], [ 22.566665816000068, 32.704926586000056 ], [ 22.566619039000045, 32.705076320000046 ], [ 22.566446839000037, 32.705317110000067 ], [ 22.566260216000046, 32.70554018100006 ], [ 22.56591734400007, 32.705705545000058 ], [ 22.565615549000029, 32.70579880300005 ], [ 22.565312088000042, 32.705796625000062 ], [ 22.565156776000038, 32.705792598000073 ], [ 22.564675069000032, 32.705685256000038 ], [ 22.564021549000074, 32.705436874000043 ], [ 22.563823806000073, 32.705427408000048 ], [ 22.563577928000029, 32.705490134000058 ], [ 22.563375627000028, 32.705623908000064 ], [ 22.563293674000079, 32.705780044000051 ], [ 22.563311841000029, 32.706012490000035 ], [ 22.563344014000052, 32.706238796000036 ], [ 22.563396832000024, 32.706435015000068 ], [ 22.563520407000055, 32.706642283000065 ], [ 22.563792343000046, 32.706859632000032 ], [ 22.564055042000064, 32.706951811000067 ], [ 22.56426762600006, 32.707002853000063 ], [ 22.564556849000041, 32.707002372000034 ], [ 22.565206037000053, 32.706997108000053 ], [ 22.566313660000048, 32.706983276000074 ], [ 22.566674087000024, 32.70701456900008 ], [ 22.566865717000042, 32.707077800000036 ], [ 22.567086505000077, 32.707194360000074 ], [ 22.567130921000057, 32.707313124000052 ], [ 22.567204496000045, 32.707485218000045 ], [ 22.567163417000074, 32.70755732300006 ], [ 22.567052207000074, 32.707654168000033 ], [ 22.566794509000033, 32.707848299000034 ], [ 22.56635671600003, 32.708235591000062 ], [ 22.566177559000039, 32.708482433000029 ], [ 22.566133594000064, 32.708793212000046 ], [ 22.566007085000024, 32.70963002700006 ], [ 22.566074124000068, 32.709832032000065 ], [ 22.566234133000023, 32.710104467000065 ], [ 22.566423719000056, 32.710454090000042 ], [ 22.566517035000061, 32.710948099000063 ], [ 22.56667520600007, 32.711518854000076 ], [ 22.566827226000044, 32.711737695000068 ], [ 22.566949669000053, 32.711879348000025 ], [ 22.567191427000068, 32.711983713000052 ], [ 22.567396032000033, 32.711981155000046 ], [ 22.567655409000054, 32.711882458000048 ], [ 22.568023077000078, 32.711519902000077 ], [ 22.56838281000006, 32.71070403300007 ], [ 22.568531656000062, 32.710338248000028 ], [ 22.568698161000043, 32.710175083000024 ], [ 22.568916454000032, 32.710148489000062 ], [ 22.569142533000047, 32.710163557000044 ], [ 22.56939019500004, 32.710202219000053 ], [ 22.569596570000044, 32.710301057000038 ], [ 22.569805141000074, 32.710525152000059 ], [ 22.569978228000025, 32.71073775900004 ], [ 22.570001587000036, 32.710862752000025 ], [ 22.57006440400005, 32.711225888000058 ], [ 22.570011410000063, 32.711423428000046 ], [ 22.569732802000033, 32.712035444000037 ], [ 22.569644999000047, 32.712662968000075 ], [ 22.569638619000045, 32.713104529000077 ], [ 22.569799377000038, 32.713418711000031 ], [ 22.57031442300007, 32.714217665000035 ], [ 22.570482345000073, 32.714537723000035 ], [ 22.570507600000042, 32.715012296000054 ], [ 22.570421972000076, 32.715280643000028 ], [ 22.570138663000023, 32.715866468000058 ], [ 22.569663602000048, 32.716464239000061 ], [ 22.569363980000048, 32.716763901000036 ], [ 22.569149988000049, 32.716795216000037 ], [ 22.569014519000064, 32.716796912000063 ], [ 22.568831554000042, 32.716665564000039 ], [ 22.568738734000078, 32.716523543000051 ], [ 22.568495277000068, 32.716316563000078 ], [ 22.56833918500007, 32.716275267000071 ], [ 22.568022757000051, 32.716260135000027 ], [ 22.567729660000055, 32.716287664000049 ], [ 22.567574285000035, 32.716442335000067 ], [ 22.567480164000074, 32.716548513000077 ], [ 22.567473550000045, 32.716815870000062 ], [ 22.567495911000037, 32.717125820000035 ], [ 22.567494106000026, 32.717345390000048 ], [ 22.56724063200005, 32.717701743000077 ], [ 22.567022443000042, 32.718138792000047 ], [ 22.56681098100006, 32.718637802000046 ], [ 22.566837899000063, 32.718885649000072 ], [ 22.566881251000041, 32.719104654000034 ], [ 22.567012916000067, 32.719208009000056 ], [ 22.567154451000079, 32.719230104000076 ], [ 22.567338723000034, 32.719113253000046 ], [ 22.567489042000034, 32.718992055000058 ], [ 22.567747612000062, 32.718926776000046 ], [ 22.568073836000053, 32.718855877000067 ], [ 22.568422636000037, 32.718784695000068 ], [ 22.568794516000025, 32.71874186000008 ], [ 22.568964442000038, 32.718773143000078 ], [ 22.569095773000072, 32.718857408000076 ], [ 22.569239064000044, 32.718979707000074 ], [ 22.569394228000078, 32.719135265000034 ], [ 22.569443148000062, 32.719349427000054 ], [ 22.569423579000045, 32.71952149100008 ], [ 22.56941463000004, 32.719655240000066 ], [ 22.569360774000074, 32.719803870000078 ], [ 22.569224504000033, 32.720082396000066 ], [ 22.569026391000023, 32.720376014000067 ], [ 22.568844625000054, 32.720636017000061 ], [ 22.568831702000068, 32.720865272000026 ], [ 22.568942631000027, 32.721073884000077 ], [ 22.569114317000071, 32.721205373000032 ], [ 22.569349265000028, 32.721402888000057 ], [ 22.569405604000053, 32.721540649000076 ], [ 22.569417376000047, 32.722067835000075 ], [ 22.569391510000059, 32.72238451700008 ] ] ] } },
{ "type": "Feature", "properties": { "obj_type": "Stream", "NAM": "Unknown", "HYP": "Intermittent", "det_method": "Ancillary data", "or_src_id": "994", "emsn_id": "EMSN177", "fwc_type": "FLEX", "aoi_id": "1", "name": "Derna", "country": "Libya" }, "geometry": { "type": "MultiLineString", "coordinates": [ [ [ 22.550445905000061, 32.784832183000049 ], [ 22.550457700000038, 32.784834700000033 ], [ 22.550742, 32.784812100000067 ], [ 22.550994200000048, 32.784708400000056 ], [ 22.55127310000006, 32.784762500000056 ], [ 22.55144480000007, 32.784952 ], [ 22.551519900000073, 32.785159400000055 ], [ 22.551718300000061, 32.785772800000075 ], [ 22.551755900000046, 32.78601180000004 ], [ 22.551916800000072, 32.786210200000028 ], [ 22.551975800000037, 32.786304900000061 ], [ 22.552142100000026, 32.786507900000061 ], [ 22.552270900000053, 32.786674700000049 ], [ 22.552372799000068, 32.787202400000069 ], [ 22.552399601000047, 32.787418800000069 ], [ 22.55241570000004, 32.787680400000056 ], [ 22.552490801000033, 32.787896900000078 ], [ 22.552753700000039, 32.788059200000077 ], [ 22.553064800000072, 32.788235100000065 ], [ 22.553429600000072, 32.788564300000075 ], [ 22.553719300000068, 32.788862 ], [ 22.55379970000007, 32.789046900000073 ], [ 22.553869500000076, 32.789312900000027 ], [ 22.553992900000026, 32.789511400000038 ], [ 22.554030400000045, 32.789741400000025 ], [ 22.55412700100004, 32.789980400000047 ] ] ] } },
{ "type": "Feature", "properties": { "obj_type": "Stream", "NAM": "Unknown", "HYP": "Intermittent", "det_method": "Ancillary data", "or_src_id": "994", "emsn_id": "EMSN177", "fwc_type": "FLEX", "aoi_id": "1", "name": "Derna", "country": "Libya" }, "geometry": { "type": "MultiLineString", "coordinates": [ [ [ 22.578524300000026, 32.740270100000032 ], [ 22.57840630000004, 32.74068520000003 ], [ 22.578470700000025, 32.741334900000027 ], [ 22.578395600000079, 32.741858300000047 ], [ 22.57821320000005, 32.742255400000033 ], [ 22.57802010000006, 32.742607300000032 ], [ 22.577666, 32.743004400000075 ], [ 22.577226200000041, 32.743193900000051 ], [ 22.576829200000077, 32.743482700000072 ], [ 22.576711200000034, 32.74375340000006 ], [ 22.576721900000052, 32.744051200000058 ], [ 22.576893600000062, 32.744358 ], [ 22.576904300000024, 32.744691900000078 ], [ 22.57670040000005, 32.745152100000041 ], [ 22.576421500000038, 32.745837900000026 ], [ 22.576249800000028, 32.74628910000007 ], [ 22.576335700000072, 32.746758300000067 ], [ 22.576689700000031, 32.74728170000003 ], [ 22.577033, 32.747814100000028 ], [ 22.57725830000004, 32.748265300000071 ], [ 22.577365600000064, 32.748680400000069 ], [ 22.577387100000067, 32.749167600000078 ], [ 22.57706520000005, 32.749790200000064 ], [ 22.576861401000031, 32.74992560000004 ], [ 22.576603900000066, 32.75024140000005 ], [ 22.576453700000059, 32.750638400000071 ], [ 22.576196200000027, 32.75081890000007 ], [ 22.575842100000045, 32.750882100000069 ], [ 22.575391500000023, 32.751143700000057 ], [ 22.575101800000027, 32.751396400000033 ], [ 22.574704900000029, 32.751549800000078 ], [ 22.574136200000055, 32.751540800000043 ], [ 22.573760700000037, 32.75164 ], [ 22.573492500000043, 32.751892700000042 ], [ 22.573396, 32.752190400000075 ], [ 22.573106300000063, 32.752524300000061 ] ] ] } },
{ "type": "Feature", "properties": { "obj_type": "Stream", "NAM": "Unknown", "HYP": "Intermittent", "det_method": "Ancillary data", "or_src_id": "994", "emsn_id": "EMSN177", "fwc_type": "FLEX", "aoi_id": "1", "name": "Derna", "country": "Libya" }, "geometry": { "type": "MultiLineString", "coordinates": [ [ [ 22.572977500000036, 32.742869 ], [ 22.573460300000022, 32.74311270000004 ], [ 22.573653400000069, 32.743410500000039 ], [ 22.573717800000054, 32.743708300000037 ], [ 22.573653400000069, 32.744123400000035 ], [ 22.573556900000028, 32.744448200000079 ], [ 22.573556900000028, 32.744854300000043 ], [ 22.573589100000049, 32.745260400000063 ], [ 22.573589100000049, 32.745576200000073 ], [ 22.573428100000058, 32.746153700000036 ], [ 22.573202800000047, 32.746532700000046 ], [ 22.572741500000063, 32.747110300000031 ], [ 22.572280200000023, 32.747705800000062 ], [ 22.572022700000048, 32.747967500000073 ], [ 22.571775900000034, 32.748319400000071 ], [ 22.571679301000074, 32.748590100000058 ], [ 22.571539900000062, 32.748734500000069 ], [ 22.571539900000062, 32.749041300000044 ], [ 22.571797401000026, 32.749366100000032 ], [ 22.571926100000042, 32.749591700000053 ], [ 22.572022700000048, 32.74992560000004 ] ] ] } },
{ "type": "Feature", "properties": { "obj_type": "Stream", "NAM": "Unknown", "HYP": "Intermittent", "det_method": "Ancillary data", "or_src_id": "994", "emsn_id": "EMSN177", "fwc_type": "FLEX", "aoi_id": "1", "name": "Derna", "country": "Libya" }, "geometry": { "type": "MultiLineString", "coordinates": [ [ [ 22.567237600000055, 32.737977800000067 ], [ 22.568439200000057, 32.738519300000064 ], [ 22.568922, 32.738717800000074 ], [ 22.569705200000044, 32.739069800000038 ], [ 22.569823300000053, 32.739484900000036 ], [ 22.569716, 32.740017400000056 ], [ 22.56959789900003, 32.740622 ], [ 22.569372600000065, 32.741064200000039 ], [ 22.568997100000047, 32.741452200000026 ], [ 22.568374900000038, 32.741813200000024 ], [ 22.568213900000046, 32.742264400000067 ], [ 22.568310500000052, 32.742661500000054 ], [ 22.568546500000025, 32.742878100000041 ], [ 22.569018601000039, 32.742914100000064 ], [ 22.56941560000007, 32.742842 ], [ 22.569866200000035, 32.742914100000064 ], [ 22.570059300000025, 32.743085600000029 ], [ 22.570606500000054, 32.743329300000028 ], [ 22.570660100000055, 32.74369020000006 ], [ 22.570627900000034, 32.744078200000047 ], [ 22.570284600000036, 32.744358 ], [ 22.569447700000069, 32.744376 ], [ 22.568246100000067, 32.744475300000033 ], [ 22.567806200000064, 32.744583600000055 ], [ 22.56742, 32.744890400000031 ], [ 22.567774, 32.745242300000029 ], [ 22.568117400000062, 32.74544990000004 ], [ 22.568503600000042, 32.745666500000027 ], [ 22.568889800000022, 32.746090600000059 ], [ 22.569158100000038, 32.746451500000035 ], [ 22.569469200000071, 32.746695200000033 ], [ 22.569703219000075, 32.746732219000023 ], [ 22.569916844000034, 32.746836930000029 ], [ 22.570062712000038, 32.746942488000059 ], [ 22.570296040000073, 32.747204452000062 ], [ 22.570453143000066, 32.747467370000038 ], [ 22.570644124000069, 32.747729863000075 ], [ 22.570817288000057, 32.747942465000051 ], [ 22.570813569000052, 32.748112467000055 ], [ 22.57055280000003, 32.748355500000059 ], [ 22.569930500000055, 32.748490900000036 ], [ 22.569587200000058, 32.748788600000069 ], [ 22.569544300000075, 32.749167600000078 ], [ 22.569372600000065, 32.749501500000065 ], [ 22.569029300000068, 32.750006800000051 ], [ 22.568728900000053, 32.750512100000037 ], [ 22.568804, 32.750855 ], [ 22.569372600000065, 32.750981300000035 ], [ 22.570027100000061, 32.751008400000046 ], [ 22.570563500000048, 32.750846 ], [ 22.57091760000003, 32.750485 ], [ 22.571110700000077, 32.750232400000073 ], [ 22.571497, 32.750060900000051 ], [ 22.572022700000048, 32.74992560000004 ], [ 22.572516200000052, 32.750358700000049 ], [ 22.572981523000067, 32.750810773000069 ], [ 22.573157131000073, 32.751161751000041 ], [ 22.573173122000071, 32.751428823000026 ], [ 22.573213883000051, 32.751819676000025 ], [ 22.573153001000037, 32.75221180300008 ], [ 22.573106300000063, 32.752524300000061 ] ] ] } },
{ "type": "Feature", "properties": { "obj_type": "Stream", "NAM": "Unknown", "HYP": "Intermittent", "det_method": "Ancillary data", "or_src_id": "994", "emsn_id": "EMSN177", "fwc_type": "FLEX", "aoi_id": "1", "name": "Derna", "country": "Libya" }, "geometry": { "type": "MultiLineString", "coordinates": [ [ [ 22.537645501000043, 32.750997096000049 ], [ 22.537744313000076, 32.750963025000033 ], [ 22.537884817000077, 32.750922522000053 ], [ 22.53800818600007, 32.750912059000029 ], [ 22.538163575000056, 32.750916118000077 ], [ 22.538308376000032, 32.750920306000069 ], [ 22.538471645000072, 32.750971995000043 ], [ 22.538597737000032, 32.751035933000026 ], [ 22.538799567000069, 32.751155895000068 ], [ 22.538918032000026, 32.751270777000059 ], [ 22.539021971000068, 32.751361972000041 ], [ 22.53909782900007, 32.751462462000063 ], [ 22.539166937000061, 32.751580932000024 ], [ 22.539200292000032, 32.751672995000035 ], [ 22.539108371000054, 32.752007045000028 ], [ 22.539036817000067, 32.752279972000053 ], [ 22.53903989500003, 32.752458912000066 ], [ 22.539607488000058, 32.752658191000023 ], [ 22.539635968000027, 32.752672159000042 ], [ 22.539771986000062, 32.75269912400006 ], [ 22.540010635000044, 32.752782101000037 ], [ 22.540214744000025, 32.752827320000051 ], [ 22.540474501000062, 32.752824126000064 ], [ 22.540959477000058, 32.75277998100006 ], [ 22.541284203000032, 32.752613713000073 ], [ 22.541292701000032, 32.752451335000046 ], [ 22.541289084000027, 32.752241378000065 ], [ 22.541342429000053, 32.752059356000075 ], [ 22.54154555100007, 32.752047312000059 ], [ 22.541829867000047, 32.752158360000067 ], [ 22.541936674000056, 32.752255335000029 ], [ 22.541988655000068, 32.752403844000071 ], [ 22.542084322000051, 32.752629372000058 ], [ 22.542058247000057, 32.752754979000031 ], [ 22.541913511000075, 32.752959602000033 ], [ 22.541817774000037, 32.753139759000078 ], [ 22.541820961000042, 32.753324663000058 ], [ 22.541881234000073, 32.753544662000024 ], [ 22.542082269000048, 32.753739064000058 ], [ 22.542396554000049, 32.753949970000065 ], [ 22.542697648000058, 32.754214731000047 ], [ 22.543223286000057, 32.754399168000077 ], [ 22.543750058000057, 32.75464921400004 ], [ 22.544215879000035, 32.755049159000066 ], [ 22.544725291000077, 32.755520155000056 ], [ 22.545171283000059, 32.755997896000054 ], [ 22.545369188000052, 32.756419037000057 ], [ 22.545529224000063, 32.756691497000077 ], [ 22.545831715000077, 32.756961941000043 ] ] ] } },
{ "type": "Feature", "properties": { "obj_type": "Stream", "NAM": "Unknown", "HYP": "Intermittent", "det_method": "Photo-interpretation", "or_src_id": "1", "emsn_id": "EMSN177", "fwc_type": "FLEX", "aoi_id": "1", "name": "Derna", "country": "Libya" }, "geometry": { "type": "MultiLineString", "coordinates": [ [ [ 22.544803599000034, 32.733736200000067 ], [ 22.545640400000025, 32.734223500000041 ], [ 22.545919401000049, 32.734927500000026 ], [ 22.546305600000039, 32.735938300000043 ], [ 22.546498800000052, 32.736642200000063 ], [ 22.546713300000079, 32.73731 ], [ 22.546949400000074, 32.737887600000079 ], [ 22.546842100000049, 32.738681800000052 ], [ 22.54667039900005, 32.739367600000037 ], [ 22.546477300000049, 32.739927100000045 ], [ 22.546498800000052, 32.740396400000066 ], [ 22.546842100000049, 32.740865700000029 ], [ 22.546799200000066, 32.741280800000027 ], [ 22.546606, 32.741587600000059 ], [ 22.546563100000071, 32.742129100000056 ], [ 22.546756200000061, 32.742526100000077 ], [ 22.546713300000079, 32.742887100000075 ], [ 22.54637, 32.743013400000052 ], [ 22.546026700000027, 32.743212 ], [ 22.545812100000035, 32.743518800000061 ], [ 22.54568340000003, 32.743789500000048 ], [ 22.545383, 32.74389780000007 ], [ 22.544483700000058, 32.74415840000006 ], [ 22.54443178300005, 32.744173444000069 ] ] ] } },
{ "type": "Feature", "properties": { "obj_type": "River", "NAM": "Unknown", "HYP": "Intermittent", "det_method": "Ancillary data", "or_src_id": "994", "emsn_id": "EMSN177", "fwc_type": "FLEX", "aoi_id": "1", "name": "Derna", "country": "Libya" }, "geometry": { "type": "MultiLineString", "coordinates": [ [ [ 22.552399600000058, 32.744673800000044 ], [ 22.553195006000067, 32.744046234000052 ], [ 22.553799341000058, 32.743723740000064 ], [ 22.554439786000046, 32.743529661000025 ], [ 22.554762120000078, 32.743554298000049 ], [ 22.555288219000033, 32.743605043000059 ], [ 22.555830262000029, 32.743598314000053 ], [ 22.556169785000066, 32.743637053000043 ], [ 22.556865771000048, 32.743714318000059 ], [ 22.557508451000047, 32.743649059000063 ], [ 22.558408452000037, 32.743766735000065 ], [ 22.559227003000046, 32.744071553000026 ], [ 22.559912500000053, 32.74441210100008 ], [ 22.560258499000042, 32.744561 ], [ 22.560993400000029, 32.745346100000063 ], [ 22.562366700000041, 32.745445400000051 ], [ 22.563192800000024, 32.74587850000006 ], [ 22.563750700000071, 32.746284600000024 ], [ 22.563938501000052, 32.74648760000008 ], [ 22.564094100000034, 32.746943300000055 ], [ 22.564415900000029, 32.747119300000065 ], [ 22.564858250000043, 32.747206559000062 ] ] ] } },
{ "type": "Feature", "properties": { "obj_type": "River", "NAM": "Wadi Al Jubayhat", "HYP": "Intermittent", "det_method": "Ancillary data", "or_src_id": "994", "emsn_id": "EMSN177", "fwc_type": "FLEX", "aoi_id": "1", "name": "Derna", "country": "Libya" }, "geometry": { "type": "MultiLineString", "coordinates": [ [ [ 22.573106300000063, 32.752524300000061 ], [ 22.573133048000045, 32.753004328000031 ], [ 22.573150048000059, 32.753328660000079 ], [ 22.573210711000058, 32.753566535000061 ], [ 22.573395942000047, 32.753821936000065 ], [ 22.573706246000029, 32.754123494000055 ], [ 22.57413910300005, 32.754328057000066 ], [ 22.574541274000069, 32.75471436600003 ], [ 22.574558614000068, 32.755057785000076 ], [ 22.574320728000032, 32.755662138000048 ], [ 22.574245870000027, 32.75590171500005 ], [ 22.573930936000068, 32.756621581000047 ], [ 22.573975733000054, 32.757241473000079 ], [ 22.57412778500003, 32.757703719000062 ], [ 22.574012070000038, 32.757884438000076 ], [ 22.573254685000052, 32.759168898000041 ], [ 22.573058687000071, 32.759586585000079 ], [ 22.573144744000047, 32.760143914000025 ], [ 22.573282131000042, 32.760729234000053 ], [ 22.573388946000023, 32.761021415000073 ], [ 22.573633185000062, 32.761419256000067 ], [ 22.574018034000062, 32.761622035000073 ], [ 22.574579139000036, 32.761729529000036 ], [ 22.575019634000057, 32.761723992000043 ], [ 22.575288200000045, 32.761738513000068 ], [ 22.575772009000048, 32.761947201000055 ], [ 22.576148295000053, 32.762264626000047 ], [ 22.576367256000026, 32.762514171000078 ] ] ] } },
{ "type": "Feature", "properties": { "obj_type": "Stream", "NAM": "Unknown", "HYP": "Intermittent", "det_method": "Ancillary data", "or_src_id": "994", "emsn_id": "EMSN177", "fwc_type": "FLEX", "aoi_id": "1", "name": "Derna", "country": "Libya" }, "geometry": { "type": "MultiLineString", "coordinates": [ [ [ 22.534286801000064, 32.74211435400008 ], [ 22.535308600000064, 32.742598300000054 ], [ 22.536510200000066, 32.743329300000028 ], [ 22.537486500000057, 32.743609 ], [ 22.538452100000029, 32.743654100000072 ], [ 22.538924200000054, 32.74395190000007 ], [ 22.539707399000065, 32.744349 ], [ 22.540202205000071, 32.744407759000069 ], [ 22.54050008300004, 32.744572571000049 ], [ 22.540915338000048, 32.744581783000058 ], [ 22.541734544000064, 32.744435683000063 ], [ 22.542884058000027, 32.744285511000044 ], [ 22.543153232000066, 32.744174810000061 ], [ 22.543310079000037, 32.74393662600005 ], [ 22.543427617000077, 32.743383925000046 ], [ 22.543576858000051, 32.74319594800005 ], [ 22.54379044500007, 32.743300705000024 ], [ 22.544822770000053, 32.744705494000073 ], [ 22.544920877000038, 32.744990650000034 ], [ 22.544899175000069, 32.74520569200007 ], [ 22.544819051000047, 32.745471568000028 ], [ 22.544497506000027, 32.745983831000046 ], [ 22.54360729800004, 32.746925488000045 ], [ 22.543408714000066, 32.747199982000041 ], [ 22.543432937000034, 32.747622073000059 ], [ 22.543490176000034, 32.747993644000076 ], [ 22.543408811000063, 32.748187943000062 ], [ 22.543232300000057, 32.748268867000036 ], [ 22.543005588000028, 32.748386206000077 ], [ 22.542967311000041, 32.748622929000078 ], [ 22.542987337000056, 32.748801661000073 ], [ 22.543290451000075, 32.749184521000075 ], [ 22.54347400100005, 32.749511581000036 ], [ 22.543478692000065, 32.749783570000034 ], [ 22.543416240000056, 32.750092183000049 ], [ 22.543377006000071, 32.750134478000064 ], [ 22.543021371000066, 32.750387764000038 ], [ 22.542392226000061, 32.750586421000037 ], [ 22.542146401000025, 32.750742175000028 ], [ 22.541980781000063, 32.750963760000047 ], [ 22.542052654000031, 32.751201514000059 ], [ 22.542380120000075, 32.751418643000079 ], [ 22.542714469000032, 32.751647199000047 ], [ 22.544248058000051, 32.752637746000062 ], [ 22.545009209000057, 32.753050752000036 ], [ 22.545126719000052, 32.753254111000047 ], [ 22.545075029000031, 32.753531569000074 ], [ 22.545011221000038, 32.753761448000034 ], [ 22.544970001000024, 32.753991049000035 ], [ 22.544954829000062, 32.754420784000047 ], [ 22.545167351000032, 32.754952712000033 ], [ 22.545525051000027, 32.755387393000035 ], [ 22.545890585000052, 32.755621522000069 ], [ 22.546055135000074, 32.755991766000079 ], [ 22.546083331000034, 32.756315965000056 ], [ 22.546004276000076, 32.756703953000056 ], [ 22.545690429000047, 32.757173169000055 ], [ 22.545696861000067, 32.757545364000066 ], [ 22.545787505000078, 32.75788788400007 ], [ 22.546013931000061, 32.758243047000065 ], [ 22.546122633000039, 32.758649776000027 ], [ 22.54597319100003, 32.75931741900007 ], [ 22.545874574000038, 32.759984434000046 ], [ 22.545918478000033, 32.760563782000077 ], [ 22.546223750000024, 32.761068312000077 ], [ 22.546975416000066, 32.762397789000033 ], [ 22.547572514000024, 32.763607465000064 ], [ 22.54755205500004, 32.763894082000036 ], [ 22.547513860000038, 32.764624784000034 ], [ 22.547681087000058, 32.765474653000069 ], [ 22.548079715000029, 32.766198288000055 ] ] ] } },
{ "type": "Feature", "properties": { "obj_type": "Stream", "NAM": "Unknown", "HYP": "Intermittent", "det_method": "Photo-interpretation", "or_src_id": "1", "emsn_id": "EMSN177", "fwc_type": "FLEX", "aoi_id": "1", "name": "Derna", "country": "Libya" }, "geometry": { "type": "MultiLineString", "coordinates": [ [ [ 22.583779606000064, 32.756512053000051 ], [ 22.583371625000041, 32.755794431000027 ], [ 22.583163360000071, 32.755395391000036 ], [ 22.582838202000062, 32.755020278000075 ], [ 22.582720298000027, 32.754900108000072 ], [ 22.582502608000027, 32.754388823000056 ], [ 22.582300332000045, 32.75396200800003 ], [ 22.581838740000023, 32.753348329000062 ], [ 22.581616749000034, 32.753021614000033 ], [ 22.581302881000056, 32.752519668000048 ], [ 22.581128756000055, 32.752254593000032 ], [ 22.580664876000071, 32.751573173000054 ], [ 22.580386754000074, 32.751175772000067 ], [ 22.580240784000068, 32.750585796000053 ], [ 22.580255280000074, 32.750127431000067 ], [ 22.580471031000059, 32.74955198300006 ], [ 22.580689815000028, 32.749148314000024 ], [ 22.581151983000041, 32.748455211000078 ] ] ] } },
{ "type": "Feature", "properties": { "obj_type": "Stream", "NAM": "Unknown", "HYP": "Intermittent", "det_method": "Photo-interpretation", "or_src_id": "1", "emsn_id": "EMSN177", "fwc_type": "FLEX", "aoi_id": "1", "name": "Derna", "country": "Libya" }, "geometry": { "type": "MultiLineString", "coordinates": [ [ [ 22.555679961000067, 32.751277150000078 ], [ 22.556274855000026, 32.752357948000054 ], [ 22.557422326000051, 32.753059603000054 ], [ 22.558705341000064, 32.753759560000049 ], [ 22.559212589000026, 32.754669615000068 ], [ 22.559260443000028, 32.755470840000044 ], [ 22.559310793000066, 32.75641521600005 ], [ 22.558820517000072, 32.757452229000023 ], [ 22.558523054000034, 32.757885477000059 ], [ 22.557792585000072, 32.758753655000078 ], [ 22.557380258000023, 32.759403101000032 ], [ 22.557149802000026, 32.759792557000026 ], [ 22.557275572000037, 32.760243670000079 ] ] ] } },
{ "type": "Feature", "properties": { "obj_type": "Stream", "NAM": "Unknown", "HYP": "Intermittent", "det_method": "Photo-interpretation", "or_src_id": "1", "emsn_id": "EMSN177", "fwc_type": "FLEX", "aoi_id": "1", "name": "Derna", "country": "Libya" }, "geometry": { "type": "MultiLineString", "coordinates": [ [ [ 22.548412807000034, 32.746443190000036 ], [ 22.547525440000072, 32.747099352000077 ], [ 22.546981710000068, 32.747499819000041 ], [ 22.546281457000077, 32.747830623000027 ], [ 22.545776356000033, 32.748015833000068 ], [ 22.545226227000057, 32.748046482000063 ], [ 22.544807469000034, 32.748326080000027 ], [ 22.544319773000041, 32.748701980000078 ], [ 22.543827545000056, 32.748815432000072 ], [ 22.54317433500006, 32.749037856000029 ] ] ] } },
{ "type": "Feature", "properties": { "obj_type": "River", "NAM": "Unknown", "HYP": "Intermittent", "det_method": "Photo-interpretation", "or_src_id": "1", "emsn_id": "EMSN177", "fwc_type": "FLEX", "aoi_id": "1", "name": "Derna", "country": "Libya" }, "geometry": { "type": "MultiLineString", "coordinates": [ [ [ 22.540202205000071, 32.744407759000069 ], [ 22.539984194000056, 32.744138881000026 ], [ 22.539883513000063, 32.743621080000025 ], [ 22.539950476000058, 32.742999797000039 ], [ 22.540102670000067, 32.742818948000036 ], [ 22.540504145000057, 32.742766285000073 ], [ 22.540937652000025, 32.742933968000045 ], [ 22.541201360000059, 32.743079874000045 ], [ 22.54140624200005, 32.743089287000032 ], [ 22.541517217000035, 32.742974568000079 ], [ 22.541633296000043, 32.742746434000026 ], [ 22.541788126000029, 32.742309014000057 ], [ 22.541841607000038, 32.742135343000029 ], [ 22.541870115000052, 32.741741239000078 ], [ 22.541729751000048, 32.741379042000062 ], [ 22.541392286000075, 32.741049100000055 ], [ 22.54077241400006, 32.740716663000057 ], [ 22.540309970000067, 32.740507573000059 ], [ 22.540213193000056, 32.740216430000032 ], [ 22.540244659000052, 32.739583651000032 ], [ 22.540222025000048, 32.739088754000079 ], [ 22.54038627400007, 32.738788437000039 ], [ 22.540483130000041, 32.738673894000044 ], [ 22.540694238000071, 32.738635502000079 ], [ 22.540900960000045, 32.738752280000028 ], [ 22.541083867000054, 32.739125887000057 ], [ 22.541394736000029, 32.73955161300006 ], [ 22.541623660000027, 32.739727776000052 ], [ 22.541872628000078, 32.739838067000051 ], [ 22.542034131000037, 32.739788352000062 ], [ 22.542375944000071, 32.739551473000063 ], [ 22.542703435000078, 32.739302838000071 ], [ 22.543046957000058, 32.738755706000063 ], [ 22.543398869000043, 32.738286028000061 ], [ 22.543464610000058, 32.738004818000036 ], [ 22.54343164900007, 32.737730790000057 ], [ 22.543228900000031, 32.737434988000075 ], [ 22.542445906000069, 32.737056840000037 ], [ 22.541623933000039, 32.736464391000027 ], [ 22.541149627000038, 32.735975049000047 ], [ 22.54067032200004, 32.735605086000078 ], [ 22.540423704000034, 32.735220330000061 ], [ 22.540230182000073, 32.735049695000043 ], [ 22.539523127000052, 32.734980825000036 ], [ 22.537983729000075, 32.73494603100005 ], [ 22.537341112000036, 32.734930051000049 ], [ 22.537023025000053, 32.734904123000035 ], [ 22.536921766000034, 32.734762181000065 ], [ 22.536830015000078, 32.734351654000079 ], [ 22.53698475300007, 32.733908275000033 ], [ 22.537527621000038, 32.733048483000061 ], [ 22.537600947000044, 32.732797012000049 ], [ 22.537448651000034, 32.732560241000044 ], [ 22.537184571000068, 32.732390468000062 ], [ 22.535747084000036, 32.732121722000045 ], [ 22.535156852000057, 32.731866450000041 ], [ 22.534789585000055, 32.731441397000026 ], [ 22.534227593000026, 32.730774122000071 ], [ 22.533654468000066, 32.729868341000042 ], [ 22.532481236000024, 32.728540345000056 ], [ 22.531879695000043, 32.728034624000031 ], [ 22.531331434000037, 32.727754956000069 ], [ 22.530725783000037, 32.727833945000043 ], [ 22.530388591000076, 32.72792755200004 ], [ 22.530243661000043, 32.728120233000027 ], [ 22.530141480000054, 32.728336256000034 ], [ 22.530146984000055, 32.728658352000025 ], [ 22.530266720000043, 32.729056612000079 ], [ 22.530114936000075, 32.729261308000048 ], [ 22.529820486000062, 32.729378255000029 ], [ 22.529490931000055, 32.729427316000056 ] ] ] } },
{ "type": "Feature", "properties": { "obj_type": "Stream", "NAM": "Unknown", "HYP": "Intermittent", "det_method": "Photo-interpretation", "or_src_id": "1", "emsn_id": "EMSN177", "fwc_type": "FLEX", "aoi_id": "1", "name": "Derna", "country": "Libya" }, "geometry": { "type": "MultiLineString", "coordinates": [ [ [ 22.58244116000003, 32.742877915000065 ], [ 22.583013372000039, 32.74330023400006 ], [ 22.583786794000048, 32.743922847000078 ], [ 22.584328042000038, 32.744190437000043 ], [ 22.584628905000045, 32.744437201000039 ], [ 22.584930403000044, 32.744719751000048 ], [ 22.585160481000059, 32.744955478000065 ], [ 22.585530236000068, 32.745105913000032 ], [ 22.585818046000043, 32.745412498000064 ], [ 22.586457062000022, 32.745619182000041 ], [ 22.586840516000052, 32.745745577000037 ], [ 22.587109140000052, 32.745766038000056 ], [ 22.587427369000068, 32.745712916000059 ] ] ] } },
{ "type": "Feature", "properties": { "obj_type": "Stream", "NAM": "Unknown", "HYP": "Intermittent", "det_method": "Photo-interpretation", "or_src_id": "1", "emsn_id": "EMSN177", "fwc_type": "FLEX", "aoi_id": "1", "name": "Derna", "country": "Libya" }, "geometry": { "type": "MultiLineString", "coordinates": [ [ [ 22.585069501000078, 32.741412880000041 ], [ 22.585433791000071, 32.742052589000025 ], [ 22.585629123000047, 32.742718300000035 ], [ 22.585779999000067, 32.74326525400005 ], [ 22.585844493000025, 32.743717846000038 ], [ 22.585851468000044, 32.74411150800006 ], [ 22.585855696000067, 32.744350090000069 ], [ 22.585650091000048, 32.744698715000027 ], [ 22.585530236000068, 32.745105913000032 ] ] ] } },
{ "type": "Feature", "properties": { "obj_type": "River", "NAM": "Wadi Al Khirbah", "HYP": "Intermittent", "det_method": "Photo-interpretation", "or_src_id": "1", "emsn_id": "EMSN177", "fwc_type": "FLEX", "aoi_id": "1", "name": "Derna", "country": "Libya" }, "geometry": { "type": "MultiLineString", "coordinates": [ [ [ 22.507475355000054, 32.671135486000026 ], [ 22.507794087000036, 32.671258124000076 ], [ 22.508315543000037, 32.671395041000039 ], [ 22.509030909000046, 32.671653718000073 ], [ 22.509771577000038, 32.672074363000036 ], [ 22.510049133000052, 32.672471942000072 ], [ 22.510387125000022, 32.673107435000077 ], [ 22.510522814000069, 32.67379309100005 ], [ 22.510614654000051, 32.67455564100004 ], [ 22.510381021000057, 32.675427111000033 ], [ 22.510173647000045, 32.676517816000057 ], [ 22.510095257000046, 32.677225140000075 ], [ 22.510155213000075, 32.677434423000079 ], [ 22.510579808000045, 32.677849322000043 ], [ 22.511796898000057, 32.678407401000072 ], [ 22.512445427000046, 32.678714591000073 ], [ 22.513158110000063, 32.679479197000035 ], [ 22.51360399500004, 32.680485658000066 ], [ 22.51370023100003, 32.680837687000064 ], [ 22.51404393100006, 32.681139001000076 ], [ 22.514297354000064, 32.681441403000065 ], [ 22.515276886000038, 32.681964132000076 ], [ 22.515507422000042, 32.682247717000052 ], [ 22.51565977100006, 32.682579975000067 ], [ 22.515756180000039, 32.682941545000062 ], [ 22.515956413000026, 32.68343550000003 ], [ 22.516357201000062, 32.683774299000049 ], [ 22.516773948000036, 32.683721533000039 ], [ 22.517277747000037, 32.683476798000072 ], [ 22.518032705000053, 32.682732648000069 ], [ 22.518503124000063, 32.682516949000046 ], [ 22.518932603000053, 32.682549932000029 ], [ 22.519414655000048, 32.682889810000063 ], [ 22.519547900000077, 32.683019200000047 ], [ 22.519880500000056, 32.683506800000032 ], [ 22.52012189900006, 32.683840951000036 ], [ 22.521000686000036, 32.68535993200004 ], [ 22.521401826000044, 32.685717802000056 ], [ 22.521797140000047, 32.685732098000074 ], [ 22.522519247000048, 32.685713789000033 ], [ 22.523251990000063, 32.685657164000077 ], [ 22.52370486600006, 32.685737575000076 ], [ 22.523921722000068, 32.685878125000045 ], [ 22.524016544000062, 32.68614425100003 ], [ 22.524103555000067, 32.687279125000032 ], [ 22.524555, 32.687751900000023 ], [ 22.525300001000062, 32.688097500000026 ], [ 22.525944656000036, 32.688379637000025 ], [ 22.526773794000064, 32.688974411000061 ], [ 22.527131455000074, 32.689428247000023 ], [ 22.527262749000045, 32.689846657000032 ], [ 22.527120908000029, 32.690134753000052 ], [ 22.526748395000027, 32.69079793700007 ], [ 22.526531933000058, 32.69134467300006 ], [ 22.526494911000043, 32.691822405000039 ], [ 22.526582200000064, 32.692308170000047 ], [ 22.527149437000048, 32.692473085000074 ], [ 22.527748259000077, 32.692503975000079 ], [ 22.528321419000065, 32.692353807000075 ], [ 22.528883454000038, 32.692213319000075 ], [ 22.529436641000075, 32.692216120000069 ], [ 22.529879083000026, 32.692344362000028 ], [ 22.530436832000078, 32.692614380000066 ], [ 22.530968402000042, 32.693188192000036 ], [ 22.531080705000022, 32.69341548500006 ], [ 22.531660397000053, 32.694193562000066 ], [ 22.531959225000037, 32.694504918000064 ], [ 22.532140951000031, 32.694569518000037 ], [ 22.53272621800005, 32.694466910000074 ], [ 22.533340937000048, 32.694106208000051 ], [ 22.534763059000056, 32.69277151700004 ], [ 22.535544600000037, 32.692265578000047 ], [ 22.535961371000042, 32.692212747000042 ], [ 22.536201161000065, 32.692372086000034 ], [ 22.536351969000066, 32.692608879000034 ], [ 22.536467300000027, 32.692897600000038 ], [ 22.536532400000056, 32.693134200000031 ], [ 22.536574600000051, 32.693227200000024 ], [ 22.536671200000058, 32.693466500000056 ], [ 22.53677840000006, 32.693538700000033 ], [ 22.537175399000034, 32.693899900000076 ], [ 22.537744, 32.694441600000061 ], [ 22.537776200000053, 32.695046600000069 ], [ 22.537634311000033, 32.695832642000028 ], [ 22.537577413000065, 32.696431196000049 ], [ 22.537719610000067, 32.69731719400005 ], [ 22.538144500000044, 32.698333400000024 ], [ 22.538452100000029, 32.698531700000046 ], [ 22.538763300000028, 32.69864 ], [ 22.539157700000032, 32.698595300000079 ], [ 22.539851200000044, 32.698278 ], [ 22.540685100000076, 32.697950200000037 ], [ 22.541327700000068, 32.698052700000062 ], [ 22.541595900000061, 32.69809470000007 ], [ 22.542123700000047, 32.698306600000024 ], [ 22.54227590000005, 32.698683300000027 ], [ 22.54232416900004, 32.699048843000071 ], [ 22.542326040000034, 32.699063005000028 ], [ 22.54230510900004, 32.699079319000077 ], [ 22.542244159000063, 32.699473825000041 ], [ 22.542089597000029, 32.69984084500004 ], [ 22.541840561000072, 32.70013027400006 ], [ 22.541496927000026, 32.700334957000052 ], [ 22.54098299900005, 32.700484457000073 ], [ 22.539867779000076, 32.700627022000049 ], [ 22.539500086000032, 32.700663753000072 ], [ 22.538973517000045, 32.70081698000007 ], [ 22.538799428000061, 32.701033893000044 ], [ 22.538762138000038, 32.70132787700004 ], [ 22.538909567000076, 32.701539622000041 ], [ 22.538987648000045, 32.701640115000032 ], [ 22.539347746000033, 32.701900585000033 ], [ 22.539653858000065, 32.701975578000031 ], [ 22.540044011000077, 32.702013743000066 ], [ 22.540465812000036, 32.701922651000075 ], [ 22.541184029000078, 32.701835075000076 ], [ 22.541600440000025, 32.701923025000042 ], [ 22.541909016000034, 32.702141166000047 ], [ 22.542065705000027, 32.702389811000046 ], [ 22.542172094000023, 32.70266771200005 ], [ 22.54198000100007, 32.703314401000057 ], [ 22.541754412000046, 32.703982980000035 ], [ 22.54178399500006, 32.70422602900004 ], [ 22.54201990100006, 32.704458677000048 ], [ 22.54230380000007, 32.704616700000031 ], [ 22.543011900000067, 32.704869500000029 ], [ 22.544032143000038, 32.705078232000062 ], [ 22.544044216000032, 32.705080702000032 ], [ 22.544410066000069, 32.705274749000068 ], [ 22.54452197300003, 32.705380759000036 ], [ 22.544568248000076, 32.705609283000058 ], [ 22.544553907000022, 32.705759802000046 ], [ 22.544338234000065, 32.706020190000061 ], [ 22.543978392000042, 32.706268034000061 ], [ 22.543125218000057, 32.706879908000076 ], [ 22.542934073000026, 32.707089876000055 ], [ 22.542964770000026, 32.707397344000071 ], [ 22.54337068500007, 32.70785769500003 ], [ 22.544420894000041, 32.708360225000035 ], [ 22.545024828000066, 32.70851744600003 ], [ 22.54532997900003, 32.708535162000032 ], [ 22.545506287000023, 32.708447079000052 ], [ 22.545849325000063, 32.708206598000061 ], [ 22.546541827000055, 32.707117022000034 ], [ 22.546995285000037, 32.706896653000058 ], [ 22.547714770000027, 32.706880614000056 ], [ 22.549089102000039, 32.707028304000062 ], [ 22.550423214000034, 32.707298182000045 ], [ 22.551012695000054, 32.707598736000079 ], [ 22.551219968000055, 32.70783242400006 ], [ 22.551244829000041, 32.708290304000059 ], [ 22.550997288000076, 32.708665644000064 ], [ 22.550379336000049, 32.709186491000025 ], [ 22.549953400000049, 32.709618100000057 ], [ 22.549792500000024, 32.709970100000078 ], [ 22.549921300000051, 32.71033570000003 ], [ 22.550548900000024, 32.710696800000051 ], [ 22.550782250000054, 32.710737450000067 ], [ 22.551533964000043, 32.710806755000078 ], [ 22.553166229000055, 32.710686317000068 ], [ 22.554975784000078, 32.710535023000034 ], [ 22.555951272000073, 32.710630309000067 ], [ 22.556563580000045, 32.710780210000053 ], [ 22.556999341000051, 32.711003892000065 ], [ 22.557192317000045, 32.711388090000071 ], [ 22.557168947000036, 32.711667588000068 ], [ 22.557077427000024, 32.712086342000077 ], [ 22.556632722000074, 32.712485619000063 ], [ 22.555831284000078, 32.712729006000075 ], [ 22.555135773000075, 32.71308528000003 ], [ 22.554930630000058, 32.713463681000064 ], [ 22.554961371000047, 32.713771144000077 ], [ 22.555034134000039, 32.71406018700003 ], [ 22.555292482000027, 32.714307553000026 ], [ 22.555719418000024, 32.714509872000065 ], [ 22.556148600000029, 32.714597615000059 ], [ 22.557058332000054, 32.714561263000064 ], [ 22.557827430000032, 32.714472957000055 ], [ 22.558284069000024, 32.714435066000078 ], [ 22.558767352000075, 32.714468434000025 ], [ 22.559188756000026, 32.714595639000038 ], [ 22.559466850000035, 32.714760419000072 ], [ 22.559651686000052, 32.714919201000043 ], [ 22.559705477000023, 32.715090352000061 ], [ 22.55971226500003, 32.715237030000026 ], [ 22.559614464000049, 32.715456601000028 ], [ 22.559265215000039, 32.716069473000061 ], [ 22.558798610000053, 32.716751816000055 ], [ 22.558366488000047, 32.716982702000053 ], [ 22.558011065000073, 32.71699785800007 ], [ 22.55767948700003, 32.716923228000041 ], [ 22.55727451100006, 32.716767177000065 ], [ 22.55690514500003, 32.716710913000043 ], [ 22.556418486000041, 32.716727694000042 ], [ 22.556225613000038, 32.716837476000023 ], [ 22.55614915600006, 32.717067517000032 ], [ 22.556132900000023, 32.717350506000059 ], [ 22.556497961000048, 32.717890070000067 ], [ 22.557153395000057, 32.718569210000055 ], [ 22.557840033000048, 32.718850624000027 ], [ 22.559419831000071, 32.719357181000078 ], [ 22.560221161000072, 32.719658633000051 ], [ 22.560718234000035, 32.719752674000063 ], [ 22.561195069000064, 32.719657247000043 ], [ 22.561374616000023, 32.719511827000076 ], [ 22.561507204000065, 32.718858694000062 ], [ 22.561592045000054, 32.718381554000075 ], [ 22.561886116000039, 32.717518793000067 ], [ 22.562198072000058, 32.717196323000053 ], [ 22.562642647000075, 32.717194362000043 ], [ 22.563362234000067, 32.717665054000065 ], [ 22.563699253000038, 32.718051024000033 ], [ 22.563915565000059, 32.718556625000076 ], [ 22.564011966000066, 32.718984971000054 ], [ 22.564033959000028, 32.720244706000074 ], [ 22.564055049000046, 32.720967517000076 ], [ 22.564151203000051, 32.721381547000078 ], [ 22.564497958000061, 32.721838984000044 ], [ 22.565274590000058, 32.722184065000079 ], [ 22.565825345000064, 32.722268032000045 ], [ 22.566899963000026, 32.722373924000067 ], [ 22.567833252000071, 32.722469642000078 ], [ 22.569157926000059, 32.722345680000046 ], [ 22.56962509300007, 32.722423354000057 ], [ 22.569966715000078, 32.722586123000042 ], [ 22.570269765000035, 32.722964147000027 ], [ 22.571178839000027, 32.724897653000028 ], [ 22.571615405000045, 32.725643888000036 ], [ 22.572367490000033, 32.72667253000003 ], [ 22.57256226800007, 32.727314407000051 ], [ 22.572529145000033, 32.727839825000046 ], [ 22.572354473000075, 32.728343155000061 ], [ 22.571485439000071, 32.729499513000064 ], [ 22.571337309000057, 32.72990705400008 ], [ 22.571566893000067, 32.73011894900003 ], [ 22.571977020000077, 32.730161533000057 ], [ 22.572441717000061, 32.730096045000039 ], [ 22.573930613000073, 32.729671675000077 ], [ 22.575094259000025, 32.729215577000048 ], [ 22.575945933000071, 32.728679871000054 ], [ 22.576437629000054, 32.727743002000068 ], [ 22.576782054000034, 32.727261395000028 ], [ 22.577135509000072, 32.727292745000057 ], [ 22.57736509800003, 32.727504629000066 ], [ 22.577441547000035, 32.727837759000067 ], [ 22.577634683000042, 32.728384193000068 ], [ 22.577660775000027, 32.729063981000024 ], [ 22.577890160000038, 32.729263935000063 ], [ 22.579715613000076, 32.729515374000073 ], [ 22.580782535000026, 32.729979197000034 ], [ 22.581244064000032, 32.730534172000034 ], [ 22.581205304000036, 32.730737502000068 ], [ 22.581099979000044, 32.731168377000074 ], [ 22.580821707000041, 32.732198026000049 ], [ 22.580759562000026, 32.732676084000047 ], [ 22.580979484000068, 32.733138652000036 ], [ 22.581563842000037, 32.733453439000073 ], [ 22.582201497000028, 32.733588573000077 ], [ 22.583557490000032, 32.733631107000065 ], [ 22.586270744000046, 32.733787705000054 ], [ 22.587049126000068, 32.733897170000034 ], [ 22.588597891000063, 32.733981452000023 ], [ 22.589266353000028, 32.734138600000051 ], [ 22.589499449000073, 32.734227726000029 ], [ 22.589732954000056, 32.734339868000063 ], [ 22.58989940400005, 32.734510412000077 ], [ 22.590040873000078, 32.734807886000056 ], [ 22.590127266000025, 32.735071527000059 ], [ 22.59020311200004, 32.735507958000028 ], [ 22.590230832000032, 32.736301819000062 ], [ 22.590279527000064, 32.737509786000032 ], [ 22.590326508000032, 32.737854499000036 ], [ 22.590426726000032, 32.738129475000051 ], [ 22.59055438200005, 32.738415613000029 ] ] ] } },
{ "type": "Feature", "properties": { "obj_type": "Stream", "NAM": "Wadi Dhibban", "HYP": "Intermittent", "det_method": "Photo-interpretation", "or_src_id": "1", "emsn_id": "EMSN177", "fwc_type": "FLEX", "aoi_id": "1", "name": "Derna", "country": "Libya" }, "geometry": { "type": "MultiLineString", "coordinates": [ [ [ 22.572352927000054, 32.705028653000056 ], [ 22.572550474000025, 32.705670498000075 ], [ 22.573159660000044, 32.706607864000034 ], [ 22.573324107000076, 32.707293079000067 ], [ 22.573520411000061, 32.707863347000057 ], [ 22.573646977000067, 32.708319943000049 ], [ 22.573855440000045, 32.708618011000056 ], [ 22.574011098000028, 32.708802194000043 ], [ 22.574487963000024, 32.70895370900007 ], [ 22.574878156000068, 32.708991763000029 ], [ 22.57530422800005, 32.709143911000069 ], [ 22.575546060000079, 32.709412920000034 ], [ 22.575686300000029, 32.709683205000033 ], [ 22.575877840000032, 32.709981481000057 ], [ 22.576271061000057, 32.710191312000063 ], [ 22.576663779000057, 32.710372512000049 ], [ 22.576856332000034, 32.710728048000078 ], [ 22.576981157000034, 32.711084434000043 ], [ 22.577140605000068, 32.711483340000029 ], [ 22.577297533000035, 32.711739095000041 ], [ 22.577569211000025, 32.711778631000072 ], [ 22.578146181000022, 32.711842961000059 ], [ 22.578859622000039, 32.711962843000038 ], [ 22.579385544000047, 32.712013493000029 ], [ 22.579861426000036, 32.712107725000067 ], [ 22.580338317000042, 32.712259215000074 ], [ 22.580611513000065, 32.712384635000035 ], [ 22.580666604000044, 32.712627351000037 ], [ 22.580671149000068, 32.712885023000069 ], [ 22.580457335000062, 32.713245674000063 ], [ 22.580309230000069, 32.713490952000029 ], [ 22.580313775000036, 32.713748623000072 ], [ 22.580407530000059, 32.714262899000062 ], [ 22.580431281000074, 32.714649191000035 ], [ 22.580575332000024, 32.715134196000065 ], [ 22.580751230000033, 32.715504252000073 ], [ 22.580841453000062, 32.715818116000037 ], [ 22.580847768000069, 32.716175993000036 ], [ 22.580937992000031, 32.716489857000056 ], [ 22.581229399000051, 32.716686637000066 ], [ 22.581537236000031, 32.716854573000035 ], [ 22.581574135000039, 32.717025926000076 ], [ 22.581306229000063, 32.717201125000031 ], [ 22.58105525600007, 32.717376109000043 ], [ 22.580873280000048, 32.71762181400004 ], [ 22.580876816000057, 32.717822225000077 ], [ 22.580982965000032, 32.718078614000035 ], [ 22.581176060000075, 32.718462772000066 ], [ 22.581180860000075, 32.718734758000039 ], [ 22.58108102500006, 32.718836245000034 ], [ 22.580895256000076, 32.718867224000064 ], [ 22.580421106000074, 32.718873202000054 ], [ 22.580100371000071, 32.718934518000026 ], [ 22.580020246000061, 32.719193257000029 ], [ 22.580026810000049, 32.719565448000026 ], [ 22.580356891000065, 32.72003378900007 ], [ 22.580414007000059, 32.720391025000026 ], [ 22.580405660000054, 32.720877950000045 ], [ 22.580358140000044, 32.721064687000023 ], [ 22.580093756000053, 32.721440294000047 ], [ 22.579926431000047, 32.721556949000046 ], [ 22.57970729300007, 32.721616983000047 ], [ 22.579554883000071, 32.721618904000024 ], [ 22.57916261400004, 32.721466346000057 ], [ 22.579057222000074, 32.721252899000035 ], [ 22.578934392000065, 32.721011037000039 ], [ 22.578829, 32.720797590000075 ], [ 22.578606584000056, 32.720671527000036 ], [ 22.578521912000042, 32.720672593000074 ], [ 22.578134945000045, 32.720820648000029 ], [ 22.577985814000044, 32.721008662000031 ], [ 22.57770281300003, 32.721274674000028 ], [ 22.577459892000036, 32.721425741000076 ], [ 22.577440505000027, 32.721607350000056 ], [ 22.577556764000065, 32.721796797000025 ], [ 22.577967228000034, 32.722020722000025 ], [ 22.578209524000044, 32.722313582000027 ], [ 22.578303037000069, 32.722493770000028 ], [ 22.578173445000061, 32.722829494000052 ], [ 22.578109405000077, 32.723040300000036 ], [ 22.57829391000007, 32.723257524000076 ], [ 22.578648437000027, 32.723510788000056 ], [ 22.579116371000055, 32.723791259000052 ], [ 22.579424901000039, 32.723997373000032 ], [ 22.579755677000037, 32.724184114000025 ], [ 22.579980803000069, 32.724143095000045 ], [ 22.58033871300006, 32.723947673000055 ], [ 22.580540754000026, 32.723878308000053 ], [ 22.580664943000045, 32.723876742000073 ], [ 22.580780032000064, 32.723999381000056 ], [ 22.580795196000054, 32.724218736000068 ], [ 22.580958140000064, 32.72449350100004 ], [ 22.581257577000031, 32.724823816000026 ], [ 22.581556849000037, 32.725144587000045 ], [ 22.581832362000057, 32.725398838000046 ], [ 22.582136525000067, 32.725996365000071 ], [ 22.582335709000063, 32.726404306000063 ], [ 22.582444235000025, 32.726794301000041 ], [ 22.582583597000053, 32.727012087000048 ], [ 22.58276795300003, 32.727219760000025 ], [ 22.583267933000059, 32.727394810000078 ], [ 22.583632601000033, 32.727581113000042 ], [ 22.583907620000048, 32.727806729000065 ], [ 22.58409215000006, 32.728023943000039 ], [ 22.58421366400006, 32.728509226000028 ], [ 22.584389100000067, 32.728850646000069 ], [ 22.584607335000044, 32.729057888000057 ], [ 22.584833991000039, 32.729102750000038 ], [ 22.585227978000034, 32.729030949000048 ], [ 22.585552025000027, 32.728835941000057 ], [ 22.585910955000031, 32.728697763000071 ], [ 22.586193725000044, 32.728722821000076 ], [ 22.586601875000042, 32.728813111000079 ], [ 22.586911455000063, 32.729076465000048 ], [ 22.587390395000057, 32.729337673000032 ], [ 22.588125467000054, 32.72939518000004 ], [ 22.588517114000069, 32.729428399000028 ], [ 22.588852557000052, 32.729496462000043 ] ] ] } },
{ "type": "Feature", "properties": { "obj_type": "Stream", "NAM": "Unknown", "HYP": "Intermittent", "det_method": "Photo-interpretation", "or_src_id": "1", "emsn_id": "EMSN177", "fwc_type": "FLEX", "aoi_id": "1", "name": "Derna", "country": "Libya" }, "geometry": { "type": "MultiLineString", "coordinates": [ [ [ 22.55999558600007, 32.729474007000078 ], [ 22.560255033000033, 32.729781007000042 ], [ 22.560285961000034, 32.729935736000073 ], [ 22.560274966000065, 32.730114851000053 ], [ 22.559983154000065, 32.730380985000068 ], [ 22.559789511000076, 32.730610101000025 ], [ 22.559750496000049, 32.730801497000073 ], [ 22.559994584000037, 32.731037097000069 ], [ 22.56002509700005, 32.731167968000079 ], [ 22.559947897000029, 32.731598478000024 ], [ 22.559870072000024, 32.731993198000055 ], [ 22.559720431000073, 32.732317222000063 ], [ 22.559628699000029, 32.73272404800008 ], [ 22.559605457000032, 32.733010703000048 ], [ 22.559303052000075, 32.733479809000073 ], [ 22.559309284000051, 32.733837688000051 ], [ 22.559251174000053, 32.734229777000053 ], [ 22.559096086000068, 32.734403526000051 ], [ 22.558447748000049, 32.734788637000065 ], [ 22.557866655000055, 32.73514427300006 ], [ 22.557571415000041, 32.735377035000056 ], [ 22.557504579000067, 32.73543036500007 ], [ 22.557268776000058, 32.735700104000045 ] ] ] } },
{ "type": "Feature", "properties": { "obj_type": "Stream", "NAM": "Wadi Derna", "HYP": "Intermittent", "det_method": "Ancillary data", "or_src_id": "994", "emsn_id": "EMSN177", "fwc_type": "FLEX", "aoi_id": "1", "name": "Derna", "country": "Libya" }, "geometry": { "type": "MultiLineString", "coordinates": [ [ [ 22.523453200000063, 32.66007970000004 ], [ 22.524118401000067, 32.659935200000064 ], [ 22.524869400000057, 32.659628100000077 ], [ 22.525663400000042, 32.659519700000033 ], [ 22.526586, 32.659519700000033 ], [ 22.527122500000075, 32.659375200000056 ], [ 22.527637500000026, 32.658833200000061 ], [ 22.528045200000065, 32.658327400000076 ], [ 22.529203900000027, 32.658038300000044 ], [ 22.529933400000061, 32.658255100000076 ], [ 22.530469900000071, 32.658815100000027 ], [ 22.531242300000031, 32.658851300000038 ], [ 22.532186500000023, 32.65858030000004 ], [ 22.533001900000045, 32.658092500000066 ], [ 22.534246400000029, 32.657767400000068 ], [ 22.535126200000036, 32.657857700000079 ], [ 22.536306400000058, 32.658273200000053 ], [ 22.537014499000065, 32.658327400000076 ], [ 22.538366300000064, 32.658219 ], [ 22.539503600000046, 32.659122300000035 ], [ 22.539846900000043, 32.65928480000008 ], [ 22.540576399000031, 32.659591900000066 ], [ 22.540756182000052, 32.659667591000073 ], [ 22.541055334000077, 32.661049303000027 ], [ 22.541333743000052, 32.661983744000054 ], [ 22.541520763000051, 32.662031561000049 ], [ 22.54196997400004, 32.662068997000063 ], [ 22.542528574000073, 32.662069290000034 ], [ 22.542878212000062, 32.662222495000037 ], [ 22.543457305000061, 32.662430150000034 ], [ 22.543871934000038, 32.662425049000035 ], [ 22.54429243800007, 32.66226953000006 ], [ 22.544812758000035, 32.662012552000078 ], [ 22.545217444000059, 32.661921659000029 ], [ 22.545540839000068, 32.66202506500008 ], [ 22.545975592000048, 32.662205848000042 ], [ 22.546390018000068, 32.662680410000064 ], [ 22.546728167000026, 32.663148752000041 ], [ 22.546965270000044, 32.663646974000073 ], [ 22.547299232000057, 32.663871951000033 ], [ 22.547516209000037, 32.664184282000065 ], [ 22.548001132000024, 32.664328644000079 ], [ 22.548298411000076, 32.66438940900008 ], [ 22.54861310900003, 32.664478595000048 ], [ 22.54887092000007, 32.664704508000057 ], [ 22.548979010000039, 32.665082612000049 ], [ 22.548977712000067, 32.665497863000041 ], [ 22.549001799000052, 32.665912801000047 ], [ 22.549683526000024, 32.66667041900007 ], [ 22.550723772000026, 32.667602583000075 ], [ 22.551501260000066, 32.668022524000037 ], [ 22.551908935000029, 32.668103392000035 ], [ 22.552457623000066, 32.668017854000027 ], [ 22.552998838000065, 32.667989678000026 ], [ 22.553465750000043, 32.668069808000041 ], [ 22.554216629000052, 32.668418469000073 ], [ 22.554759797000031, 32.668991635000054 ], [ 22.55553691700004, 32.669876903000045 ], [ 22.55629325600006, 32.67102731600005 ], [ 22.556556815000079, 32.671582464000039 ], [ 22.556579327000065, 32.671904348000055 ], [ 22.556602087000044, 32.672240549000037 ], [ 22.556756774000064, 32.672374655000056 ], [ 22.557012145000044, 32.672457396000027 ], [ 22.557257563000064, 32.672454350000066 ], [ 22.557448603000068, 32.672244362000072 ], [ 22.558010148000051, 32.671435558000042 ], [ 22.558507960000043, 32.670856639000078 ], [ 22.558761960000027, 32.670860642000036 ], [ 22.559079798000027, 32.671128743000054 ], [ 22.559505154000078, 32.672225973000025 ], [ 22.559792135000066, 32.67266627500004 ], [ 22.55994632900007, 32.67277174700007 ], [ 22.560259076000023, 32.672746379000046 ], [ 22.560746428000073, 32.672539860000029 ], [ 22.561159606000047, 32.672448809000059 ], [ 22.561867107000069, 32.672246705000077 ], [ 22.562564896000026, 32.671973125000079 ], [ 22.562918955000043, 32.671889964000059 ], [ 22.563089953000031, 32.671988062000025 ], [ 22.563084482000022, 32.672159951000026 ], [ 22.563045909000039, 32.672375207000073 ], [ 22.562947723000036, 32.672569729000031 ], [ 22.562825768000039, 32.672857616000044 ], [ 22.562937403000035, 32.672949294000034 ], [ 22.563182323000035, 32.672917606000055 ], [ 22.563443171000074, 32.67282844500005 ], [ 22.563695057000075, 32.67271075900004 ], [ 22.564169570000047, 32.672253814000044 ], [ 22.564511423000056, 32.671956025000043 ], [ 22.565089851000039, 32.671633806000045 ], [ 22.565614754000023, 32.671154750000028 ], [ 22.56581723000005, 32.671116427000072 ], [ 22.565996816000052, 32.671221574000072 ], [ 22.566017238000029, 32.671421776000045 ], [ 22.565946695000036, 32.671744820000072 ], [ 22.565901664000023, 32.672074705000057 ], [ 22.566015425000046, 32.672288061000074 ], [ 22.566211315000032, 32.672357208000051 ], [ 22.566473657000074, 32.672353932000078 ], [ 22.566752175000033, 32.672307499000055 ], [ 22.567071505000058, 32.672174645000041 ], [ 22.567475086000059, 32.672019261000059 ], [ 22.567811965000033, 32.671921981000025 ], [ 22.56822300500005, 32.671709228000054 ], [ 22.56859348200004, 32.671597208000037 ], [ 22.568822472000022, 32.671622981000041 ], [ 22.568900012000029, 32.671700763000047 ], [ 22.568984880000073, 32.671909790000029 ], [ 22.569088059000023, 32.672001569000031 ], [ 22.569309088000068, 32.672056078000026 ], [ 22.569503728000029, 32.672053644000073 ], [ 22.569789953000054, 32.671964152000044 ], [ 22.57071570200003, 32.67165903800003 ], [ 22.571008384000038, 32.671454917000062 ], [ 22.57118183700004, 32.671209332000046 ], [ 22.57125486700005, 32.671029437000072 ], [ 22.571269537000035, 32.670900389000053 ], [ 22.571291039000073, 32.670678185000043 ], [ 22.571245720000036, 32.670506932000023 ], [ 22.571072210000068, 32.670265692000044 ], [ 22.571068076000074, 32.670029491000037 ], [ 22.571140855000067, 32.669835282000065 ], [ 22.571425569000041, 32.669659896000041 ], [ 22.571701744000052, 32.669562874000064 ], [ 22.57190434000006, 32.669531699000061 ], [ 22.572165795000046, 32.669478308000066 ], [ 22.572342627000069, 32.669425979000039 ], [ 22.572553307000078, 32.669373224000026 ], [ 22.572695662000058, 32.669285529000035 ], [ 22.572727755000074, 32.669184898000026 ], [ 22.572689015000037, 32.668906175000075 ], [ 22.572632222000038, 32.668563247000066 ], [ 22.572644255000057, 32.668283888000076 ], [ 22.572775763000038, 32.66806030500004 ], [ 22.573010071000056, 32.667907024000044 ], [ 22.573330505000058, 32.66783857300004 ], [ 22.573803509000072, 32.667782526000053 ], [ 22.574032365000051, 32.667801133000069 ], [ 22.574185438000029, 32.66784216800005 ], [ 22.574482493000062, 32.667888555000047 ], [ 22.574710847000063, 32.667878529000063 ], [ 22.574793962000058, 32.66779157600007 ], [ 22.574826429000041, 32.667712417000075 ], [ 22.57484855000007, 32.667526001000056 ], [ 22.574861958000042, 32.667325375000075 ], [ 22.57495328400006, 32.667224001000079 ], [ 22.575011263000079, 32.667151681000064 ], [ 22.575095005000037, 32.667100515000072 ], [ 22.575238359000025, 32.667070079000041 ], [ 22.575467213000024, 32.667088683000031 ], [ 22.57564642400007, 32.667172343000061 ], [ 22.575817677000032, 32.667284739000024 ], [ 22.575954705000072, 32.667376087000036 ], [ 22.576185696000039, 32.667516369000055 ], [ 22.576373749000027, 32.667621394000037 ], [ 22.576577344000043, 32.667647473000045 ], [ 22.576720320000049, 32.667595562000031 ], [ 22.576946912000039, 32.667485327000065 ], [ 22.577088127000025, 32.667333209000049 ], [ 22.57720357900007, 32.667159937000065 ], [ 22.577209400000072, 32.667009521000068 ], [ 22.577199051000036, 32.666902263000054 ], [ 22.577149, 32.666653800000063 ], [ 22.577104119000069, 32.666316404000042 ], [ 22.57715225000004, 32.666165456000044 ], [ 22.577352949000044, 32.666026909000038 ], [ 22.577581549000058, 32.666031194000027 ], [ 22.577810400000033, 32.66604979400006 ], [ 22.578039881000052, 32.666104181000037 ], [ 22.578232611000033, 32.666178617000071 ], [ 22.578431902000034, 32.666256752000038 ], [ 22.578619703000072, 32.666347458000075 ], [ 22.57890904900006, 32.666436887000032 ], [ 22.579206983000063, 32.666533366000067 ], [ 22.579494944000032, 32.666544059000046 ], [ 22.579620237000029, 32.666449413000066 ], [ 22.579742950000025, 32.666387299000064 ], [ 22.580176001000041, 32.666287299000032 ], [ 22.580583109000031, 32.666174783000031 ], [ 22.580877808000025, 32.666087547000075 ], [ 22.581254605000026, 32.665856091000023 ], [ 22.58189446800003, 32.665576888000032 ], [ 22.582540556000026, 32.664817355000025 ] ] ] } },
{ "type": "Feature", "properties": { "obj_type": "Stream", "NAM": "Unknown", "HYP": "Intermittent", "det_method": "Ancillary data", "or_src_id": "994", "emsn_id": "EMSN177", "fwc_type": "FLEX", "aoi_id": "1", "name": "Derna", "country": "Libya" }, "geometry": { "type": "MultiLineString", "coordinates": [ [ [ 22.557713632000059, 32.693629854000051 ], [ 22.557950216000052, 32.693428977000053 ], [ 22.559082756000066, 32.692819972000052 ], [ 22.559471132000056, 32.692433321000067 ], [ 22.55950432700007, 32.691907902000025 ], [ 22.559269688000029, 32.691397744000028 ], [ 22.559050195000054, 32.690947059000052 ], [ 22.558874478000064, 32.690579352000043 ], [ 22.558784236000065, 32.690258310000047 ], [ 22.558723245000067, 32.689996565000058 ], [ 22.55871847700007, 32.689722189000065 ], [ 22.558854987000075, 32.689457989000061 ], [ 22.559062861000029, 32.689240629000039 ], [ 22.559355377000031, 32.689022218000048 ], [ 22.560029198000052, 32.688822927000047 ], [ 22.560253042000056, 32.68871275500004 ], [ 22.560391830000071, 32.68857977600004 ], [ 22.560403238000049, 32.68842451900008 ], [ 22.560295773000064, 32.687924713000029 ], [ 22.560264549000067, 32.687618480000026 ], [ 22.560172200000068, 32.687184500000058 ], [ 22.559747300000026, 32.686162900000056 ], [ 22.559128300000054, 32.685744 ], [ 22.558266400000036, 32.685580500000071 ], [ 22.55716190000004, 32.685570300000052 ], [ 22.556312200000036, 32.685539700000049 ], [ 22.555948, 32.685202500000059 ], [ 22.555778100000055, 32.684916500000043 ], [ 22.555698601000074, 32.684485747000053 ], [ 22.555670013000054, 32.683650862000036 ], [ 22.555701161000059, 32.683006148000061 ], [ 22.555637082000032, 32.682565460000035 ], [ 22.555276778000064, 32.682128444000057 ], [ 22.554949239000052, 32.68195352500004 ], [ 22.554610488000037, 32.681945791000032 ], [ 22.554092079000043, 32.682155059000024 ], [ 22.552490736000038, 32.683380020000072 ], [ 22.551874807000047, 32.683662078000054 ], [ 22.551789757000051, 32.683639266000057 ], [ 22.55130622300004, 32.683418540000048 ], [ 22.551202117000059, 32.683109595000076 ], [ 22.551390939000044, 32.682606116000045 ], [ 22.551554642000042, 32.682281927000076 ], [ 22.551504072000057, 32.681805273000066 ], [ 22.550964744000055, 32.681621029000041 ], [ 22.550428511000064, 32.681615727000064 ], [ 22.550032100000067, 32.68153710200005 ], [ 22.549634455000046, 32.681386899000074 ], [ 22.549363970000059, 32.681247056000075 ], [ 22.549234957000067, 32.681129329000044 ], [ 22.549229189000073, 32.680795305000061 ], [ 22.549308674000031, 32.680496023000046 ], [ 22.549403912000059, 32.680292002000044 ], [ 22.549405377000028, 32.679982001000042 ], [ 22.549198548000049, 32.679769780000072 ], [ 22.549175442000035, 32.67941210400005 ], [ 22.549252907000039, 32.678995914000041 ], [ 22.549381893000032, 32.678622042000029 ], [ 22.549691878000033, 32.677945248000071 ], [ 22.549871393000046, 32.677556432000074 ], [ 22.54993044400004, 32.677054558000066 ], [ 22.54971719200006, 32.676470137000024 ], [ 22.549473550000073, 32.676086550000036 ], [ 22.549212244000046, 32.675660225000058 ], [ 22.548796136000078, 32.675092625000048 ], [ 22.548639603000026, 32.674851145000048 ], [ 22.548176676000026, 32.674513216000037 ], [ 22.547782443000074, 32.674231712000051 ], [ 22.547317548000024, 32.673779257000035 ], [ 22.547053791000053, 32.673209772000064 ], [ 22.546979180000051, 32.672809776000065 ], [ 22.546850832000075, 32.672238622000066 ], [ 22.546639338000034, 32.671754402000033 ], [ 22.546279221000077, 32.671486791000063 ], [ 22.545614942000043, 32.671251563000055 ], [ 22.545154758000024, 32.671071091000044 ], [ 22.544727685000055, 32.670847256000059 ], [ 22.544399209000062, 32.670450383000059 ], [ 22.544139175000055, 32.670095623000066 ], [ 22.54355707700006, 32.669716187000063 ], [ 22.543076040000074, 32.669306869000025 ], [ 22.542539559000033, 32.668626181000036 ], [ 22.542210855000064, 32.668214987000056 ], [ 22.541224552000074, 32.66795505500005 ], [ 22.540797749000035, 32.667745521000029 ], [ 22.540574044000039, 32.667533490000039 ], [ 22.540107747000036, 32.666995114000031 ], [ 22.539898268000059, 32.666625404000058 ], [ 22.539811436000036, 32.666497604000028 ] ] ] } },
{ "type": "Feature", "properties": { "obj_type": "Stream", "NAM": "Unknown", "HYP": "Intermittent", "det_method": "Ancillary data", "or_src_id": "994", "emsn_id": "EMSN177", "fwc_type": "FLEX", "aoi_id": "1", "name": "Derna", "country": "Libya" }, "geometry": { "type": "MultiLineString", "coordinates": [ [ [ 22.584672, 32.642356200000052 ], [ 22.585337100000061, 32.643006700000058 ], [ 22.585787800000048, 32.643187400000045 ], [ 22.586045200000058, 32.643566800000031 ], [ 22.58623840000007, 32.643874 ], [ 22.586538800000028, 32.644181100000026 ] ] ] } },
{ "type": "Feature", "properties": { "obj_type": "Stream", "NAM": "Unknown", "HYP": "Intermittent", "det_method": "Ancillary data", "or_src_id": "994", "emsn_id": "EMSN177", "fwc_type": "FLEX", "aoi_id": "1", "name": "Derna", "country": "Libya" }, "geometry": { "type": "MultiLineString", "coordinates": [ [ [ 22.571604201000071, 32.661660400000073 ], [ 22.57213, 32.661813900000027 ], [ 22.57266640000006, 32.662039700000037 ], [ 22.573192100000028, 32.662446200000034 ], [ 22.573535400000026, 32.662843600000031 ], [ 22.573953900000049, 32.66306940000004 ], [ 22.574468800000034, 32.663322300000061 ], [ 22.574726300000066, 32.663638400000025 ], [ 22.574973100000022, 32.66390940000008 ], [ 22.575209100000052, 32.663981600000056 ], [ 22.575623832000076, 32.664308014000028 ], [ 22.575753399000064, 32.664456729000051 ], [ 22.575853222000035, 32.664598660000024 ], [ 22.575918948000037, 32.664726700000074 ], [ 22.575966032000053, 32.66499815800006 ], [ 22.57610267900003, 32.665068033000068 ], [ 22.576264022000032, 32.66509822300003 ], [ 22.576408943000047, 32.665157254000064 ], [ 22.576529169000025, 32.665255973000058 ], [ 22.57663341500006, 32.66540858500008 ], [ 22.576640475000033, 32.665569578000031 ], [ 22.576625625000077, 32.665687891000061 ], [ 22.576589495000064, 32.665799312000047 ], [ 22.576611781000054, 32.665863465000029 ], [ 22.576718562000053, 32.665919397000039 ], [ 22.57688849300007, 32.665956636000033 ], [ 22.577096315000063, 32.665982661000044 ], [ 22.577198613000064, 32.666024330000027 ], [ 22.577260856000066, 32.666090484000051 ] ] ] } },
{ "type": "Feature", "properties": { "obj_type": "Stream", "NAM": "Unknown", "HYP": "Intermittent", "det_method": "Ancillary data", "or_src_id": "994", "emsn_id": "EMSN177", "fwc_type": "FLEX", "aoi_id": "1", "name": "Derna", "country": "Libya" }, "geometry": { "type": "MultiLineString", "coordinates": [ [ [ 22.549867600000027, 32.653937400000075 ], [ 22.550389830000029, 32.65432514500003 ], [ 22.550534760000062, 32.654550064000034 ], [ 22.550709748000031, 32.654881999000054 ], [ 22.550813199000061, 32.655155158000071 ], [ 22.551028847000055, 32.65539113400007 ], [ 22.551287007000042, 32.655638516000067 ], [ 22.551472187000059, 32.655743614000073 ], [ 22.551727669000059, 32.655835912000043 ], [ 22.551870956000073, 32.655965393000031 ], [ 22.552260369000066, 32.656461722000074 ], [ 22.552391205000049, 32.656686813000078 ], [ 22.552534494000042, 32.656816293000077 ], [ 22.55283703300006, 32.657182443000067 ], [ 22.553052484000034, 32.657406485000024 ], [ 22.553394237000077, 32.657593168000062 ], [ 22.553663624000023, 32.657673357000078 ], [ 22.553976762000048, 32.657836528000075 ], [ 22.554148467000061, 32.657977586000072 ], [ 22.554551176000075, 32.658426015000032 ], [ 22.554780944000072, 32.65866180900008 ], [ 22.555109431000062, 32.658896379000055 ], [ 22.555405787000041, 32.658904638000024 ], [ 22.555659216000038, 32.658877633000031 ], [ 22.556094942000072, 32.658788706000053 ], [ 22.556560940000054, 32.658818722000035 ], [ 22.556873053000061, 32.658922239000049 ], [ 22.557200096000031, 32.659073296000031 ], [ 22.557539795000025, 32.659140673000024 ], [ 22.557763985000065, 32.659054366000078 ], [ 22.558102235000035, 32.659038234000036 ], [ 22.558148889000051, 32.659288227000047 ], [ 22.558338846000026, 32.659667693000074 ], [ 22.558173963000058, 32.659920313000043 ], [ 22.558247581000046, 32.660098379000033 ], [ 22.558378231000063, 32.660311534000073 ], [ 22.558564257000057, 32.660464339000043 ], [ 22.558935481000049, 32.660722232000069 ], [ 22.55920674500004, 32.66090977500005 ], [ 22.559550182000066, 32.661191875000043 ], [ 22.560112210000057, 32.661876945000074 ], [ 22.560372280000024, 32.662231672000075 ], [ 22.560588178000046, 32.662479559000076 ], [ 22.561412370000028, 32.662827266000079 ], [ 22.561780499000065, 32.662906208000038 ], [ 22.562022532000071, 32.66303444700003 ], [ 22.562152988000037, 32.663235668000027 ], [ 22.562326790000043, 32.663496008000038 ], [ 22.562583345000064, 32.663647930000025 ], [ 22.562867275000031, 32.66375178100003 ], [ 22.563165517000073, 32.663867386000049 ], [ 22.563281665000034, 32.664056851000055 ], [ 22.563355920000049, 32.664270702000067 ], [ 22.563456097000028, 32.664352978000068 ], [ 22.563599414000066, 32.664482444000043 ], [ 22.563630114000034, 32.664625246000071 ], [ 22.563762238000038, 32.664921899000035 ], [ 22.563977112000032, 32.665110132000052 ], [ 22.564234089000024, 32.665285909000033 ], [ 22.564321827000072, 32.665463795000051 ], [ 22.564439851000031, 32.665760624000029 ], [ 22.564626937000071, 32.665973067000039 ], [ 22.564854672000024, 32.666089546000023 ], [ 22.56512471700006, 32.666205498000068 ], [ 22.565410115000077, 32.666392850000079 ], [ 22.565811046000078, 32.666733875000034 ], [ 22.566072194000071, 32.66714823500007 ], [ 22.566279800000075, 32.667395750000026 ], [ 22.566342373000055, 32.667681166000079 ], [ 22.566395769000053, 32.667830842000058 ], [ 22.566627247000042, 32.667999773000076 ], [ 22.56690825000004, 32.668096492000075 ], [ 22.567239652000069, 32.668171104000066 ], [ 22.567410522000046, 32.668262039000069 ], [ 22.567573430000039, 32.668381711000052 ], [ 22.567776899000023, 32.668400645000077 ], [ 22.56803897900005, 32.668383052000024 ], [ 22.56819938700005, 32.668359570000064 ], [ 22.568370508000044, 32.668464818000075 ], [ 22.568381972000054, 32.668636496000033 ], [ 22.568300101000034, 32.668795021000051 ], [ 22.568166955000038, 32.668925551000029 ], [ 22.567992497000034, 32.669113871000036 ], [ 22.567994998000074, 32.669257023000057 ], [ 22.568123308000054, 32.66933417100006 ], [ 22.568309981000027, 32.66936047400003 ], [ 22.568572939000035, 32.669392982000033 ], [ 22.568809885000064, 32.669390019000048 ], [ 22.569089268000027, 32.669393685000045 ], [ 22.569452272000035, 32.66933903000006 ], [ 22.569653242000072, 32.669214810000028 ], [ 22.569895939000048, 32.66911637100003 ], [ 22.57016660000005, 32.669129800000064 ], [ 22.57072450000004, 32.669473 ], [ 22.570949800000051, 32.669518100000062 ], [ 22.571298500000069, 32.66953170000005 ], [ 22.571529100000078, 32.669509100000028 ], [ 22.571834, 32.669478500000025 ], [ 22.572335093000049, 32.669428208000056 ] ] ] } },
{ "type": "Feature", "properties": { "obj_type": "Stream", "NAM": "Unknown", "HYP": "Intermittent", "det_method": "Ancillary data", "or_src_id": "994", "emsn_id": "EMSN177", "fwc_type": "FLEX", "aoi_id": "1", "name": "Derna", "country": "Libya" }, "geometry": { "type": "MultiLineString", "coordinates": [ [ [ 22.581601913000043, 32.640505870000027 ], [ 22.581467674000066, 32.641051661000063 ], [ 22.581217300000048, 32.641886500000055 ], [ 22.581233283000074, 32.642157131000033 ], [ 22.581187563000071, 32.642444075000071 ], [ 22.581123664000074, 32.642659656000035 ], [ 22.581079076000037, 32.643011019000028 ], [ 22.580932971000038, 32.643363660000034 ], [ 22.580784094000023, 32.643558833000043 ], [ 22.580679530000054, 32.64386799600004 ], [ 22.580683560000068, 32.64409703900003 ], [ 22.580749832000038, 32.64449711900005 ], [ 22.580846921000045, 32.644724991000032 ], [ 22.580960680000032, 32.644938334000074 ], [ 22.581064341000058, 32.645058735000077 ], [ 22.581264465000061, 32.645371219000026 ], [ 22.58131142700006, 32.645635517000073 ], [ 22.581315585000027, 32.645871718000024 ], [ 22.581311030000052, 32.646093711000049 ], [ 22.581407493000029, 32.64628579400005 ], [ 22.581446500000027, 32.646578829000077 ], [ 22.581560514000046, 32.64680648600006 ], [ 22.58172541700003, 32.647040661000062 ], [ 22.581711772000062, 32.647226973000045 ], [ 22.58176128100007, 32.647782187000075 ], [ 22.581881734000035, 32.648228908000078 ], [ 22.582068477000064, 32.648742016000028 ], [ 22.582170743000063, 32.649263347000044 ], [ 22.582440329000065, 32.649675181000077 ], [ 22.582733786000063, 32.650000804000058 ], [ 22.582999467000036, 32.650190751000025 ], [ 22.583197086000041, 32.650360078000062 ], [ 22.583405311000035, 32.650650978000044 ], [ 22.583706856000049, 32.650955019000037 ], [ 22.583981255000026, 32.651159172000064 ], [ 22.58407735000003, 32.651329780000026 ], [ 22.584133921000046, 32.651658388000044 ], [ 22.584146800000042, 32.651908797000033 ], [ 22.584233930000039, 32.652530547000026 ], [ 22.584300604000077, 32.652952096000035 ], [ 22.584388746000059, 32.653151440000045 ], [ 22.584478279000052, 32.653429519000042 ], [ 22.584653557000024, 32.653770946000066 ], [ 22.584885662000033, 32.653975631000037 ], [ 22.585133553000048, 32.654115684000033 ], [ 22.585356567000076, 32.654284687000029 ], [ 22.585368065000068, 32.654936027000076 ], [ 22.585356703000059, 32.655251175000046 ], [ 22.585291037000047, 32.655366551000043 ], [ 22.585224360000041, 32.655424667000034 ], [ 22.58491458900005, 32.655614718000038 ], [ 22.584771257000057, 32.655645166000056 ], [ 22.584586757000068, 32.655740565000031 ], [ 22.584596733000069, 32.655826349000051 ], [ 22.58465848700007, 32.655968753000025 ], [ 22.584774300000049, 32.656021989000067 ], [ 22.584887672000036, 32.656087565000064 ], [ 22.585052894000057, 32.656258491000074 ], [ 22.585090465000064, 32.656389268000055 ], [ 22.585086257000057, 32.65655040300004 ], [ 22.585060790000057, 32.656705841000075 ], [ 22.585022381000044, 32.656927067000026 ], [ 22.58495503000006, 32.657106897000062 ], [ 22.58499207400007, 32.657207851000067 ], [ 22.58507163400003, 32.657320199000026 ], [ 22.585178873000075, 32.657402368000078 ], [ 22.585203396000054, 32.657592970000053 ], [ 22.585042065000039, 32.657642736000071 ], [ 22.584824748000074, 32.657717072000025 ], [ 22.58458648800007, 32.657803606000073 ], [ 22.584398111000041, 32.657919338000056 ], [ 22.584443363000048, 32.65808581400006 ], [ 22.584650685000042, 32.658244277000051 ], [ 22.584921046000034, 32.658378081000023 ], [ 22.584832645000063, 32.658564142000046 ], [ 22.58478718300006, 32.658785458000068 ], [ 22.584750562000067, 32.659108083000035 ], [ 22.584684367000023, 32.659353525000029 ], [ 22.584566498000072, 32.659468367000045 ], [ 22.584391377000031, 32.659536204000062 ], [ 22.584096282000075, 32.659599590000028 ], [ 22.583836546000043, 32.659668494000073 ], [ 22.583746776000055, 32.659777015000031 ], [ 22.583722779000027, 32.660015957000041 ], [ 22.583642268000062, 32.660249646000068 ], [ 22.583496402000037, 32.660376773000053 ], [ 22.58323550800003, 32.660380065000027 ], [ 22.583066173000077, 32.660376235000058 ], [ 22.582810549000044, 32.660296451000079 ], [ 22.58259060000006, 32.660260300000061 ], [ 22.582386700000029, 32.660278400000038 ], [ 22.582204300000058, 32.66036420000006 ], [ 22.582236500000079, 32.660544900000048 ], [ 22.582472600000074, 32.660757100000069 ], [ 22.582628100000022, 32.661023600000078 ], [ 22.58277830000003, 32.661267500000065 ], [ 22.58279710000005, 32.661536200000057 ], [ 22.582668400000045, 32.661741600000028 ], [ 22.582555700000057, 32.661852300000078 ], [ 22.582435, 32.661974200000031 ], [ 22.582164100000057, 32.662211300000024 ], [ 22.582154831000025, 32.662224928000057 ], [ 22.581987168000069, 32.662403737000034 ], [ 22.58190496800006, 32.662541991000069 ], [ 22.581817452000053, 32.66277875000003 ], [ 22.581743775000064, 32.663000421000049 ], [ 22.581689990000029, 32.663150248000079 ], [ 22.58170066100007, 32.663263666000034 ] ] ] } },
{ "type": "Feature", "properties": { "obj_type": "Stream", "NAM": "Unknown", "HYP": "Intermittent", "det_method": "Ancillary data", "or_src_id": "994", "emsn_id": "EMSN177", "fwc_type": "FLEX", "aoi_id": "1", "name": "Derna", "country": "Libya" }, "geometry": { "type": "MultiLineString", "coordinates": [ [ [ 22.569216457000039, 32.637645770000063 ], [ 22.569501400000036, 32.637893200000065 ], [ 22.570338200000037, 32.63845340000006 ], [ 22.570874701000037, 32.638742500000035 ], [ 22.571432600000037, 32.63914 ], [ 22.571861700000056, 32.639898900000048 ], [ 22.572398200000066, 32.640404800000056 ], [ 22.573041900000078, 32.640784300000064 ], [ 22.57362130000007, 32.641127600000061 ], [ 22.574071900000035, 32.641434700000048 ], [ 22.574836849000064, 32.641869447000033 ] ] ] } },
{ "type": "Feature", "properties": { "obj_type": "Stream", "NAM": "Wadi Ghalatah", "HYP": "Intermittent", "det_method": "Ancillary data", "or_src_id": "994", "emsn_id": "EMSN177", "fwc_type": "FLEX", "aoi_id": "1", "name": "Derna", "country": "Libya" }, "geometry": { "type": "MultiLineString", "coordinates": [ [ [ 22.575505388000067, 32.63588750100007 ], [ 22.575378899000043, 32.636106638000058 ], [ 22.57530083100005, 32.636479897000072 ], [ 22.575340439000058, 32.636808724000048 ], [ 22.575515899000038, 32.63716448200006 ], [ 22.575611284000047, 32.637778977000039 ], [ 22.57565104400004, 32.639081455000053 ], [ 22.575592404000076, 32.639597655000046 ], [ 22.575562582000032, 32.639827124000078 ], [ 22.575429991000078, 32.639986290000024 ], [ 22.575225836000072, 32.640394809000043 ], [ 22.574973100000022, 32.640820400000052 ], [ 22.574844300000052, 32.641308300000048 ], [ 22.574836849000064, 32.641869447000033 ], [ 22.574875707000047, 32.642155328000058 ], [ 22.574997406000023, 32.642339941000046 ], [ 22.57513803300003, 32.642638862000069 ], [ 22.575196571000049, 32.643081998000071 ], [ 22.575166246000038, 32.643282837000072 ], [ 22.575034652000056, 32.643499265000059 ], [ 22.575241454000036, 32.643711446000054 ], [ 22.575718222000035, 32.643877282000062 ], [ 22.576006361000054, 32.643902301000026 ], [ 22.57628210200005, 32.644185207000078 ], [ 22.576221455000052, 32.644586884000034 ], [ 22.576192387000049, 32.644859299000075 ], [ 22.576199168000073, 32.645245811000052 ], [ 22.576222869000048, 32.645632110000065 ], [ 22.576316010000028, 32.646117766000032 ], [ 22.57642381200003, 32.646474372000057 ], [ 22.576563445000033, 32.646716031000039 ], [ 22.577064188000065, 32.647282477000033 ], [ 22.57725408400006, 32.647494866000045 ], [ 22.577302321000047, 32.647633750000068 ], [ 22.577204700000038, 32.649655600000074 ], [ 22.577506348000043, 32.650749254000061 ], [ 22.577574431000073, 32.651280442000029 ], [ 22.577467657000057, 32.651625426000066 ], [ 22.577120410000077, 32.65241252900006 ], [ 22.576634100000035, 32.652991375000056 ], [ 22.576327946000049, 32.653548865000062 ], [ 22.576387141000055, 32.654349951000029 ], [ 22.576601596000046, 32.654996357000073 ], [ 22.576881731000071, 32.655527391000078 ], [ 22.576946477000035, 32.655910297000048 ], [ 22.577016900000046, 32.656615700000032 ], [ 22.577333400000043, 32.657550600000036 ], [ 22.576990355000078, 32.658007936000047 ], [ 22.576904002000049, 32.658123058000058 ] ] ] } },
{ "type": "Feature", "properties": { "obj_type": "Stream", "NAM": "Unknown", "HYP": "Intermittent", "det_method": "Ancillary data", "or_src_id": "994", "emsn_id": "EMSN177", "fwc_type": "FLEX", "aoi_id": "1", "name": "Derna", "country": "Libya" }, "geometry": { "type": "MultiLineString", "coordinates": [ [ [ 22.528535739000063, 32.712106267000024 ], [ 22.528826836000064, 32.711961442000074 ], [ 22.52910905300007, 32.711958001000028 ], [ 22.529548336000062, 32.711895369000047 ], [ 22.529954240000052, 32.711861780000049 ], [ 22.53050803800005, 32.711893203000045 ], [ 22.530870254000035, 32.711946054000066 ], [ 22.531166369000061, 32.712095168000076 ], [ 22.531327020000049, 32.712245936000045 ], [ 22.531475405000037, 32.712339579000059 ], [ 22.531623627000045, 32.71242367900004 ], [ 22.531633576000047, 32.712446287000034 ], [ 22.531885982000063, 32.712350133000029 ], [ 22.532130411000026, 32.712282715000072 ], [ 22.53239226200003, 32.712243718000025 ], [ 22.532680737000078, 32.712275988000044 ], [ 22.532904662000078, 32.712495186000069 ], [ 22.53308650200006, 32.712729216000071 ], [ 22.533216439000057, 32.712899447000041 ], [ 22.533395463000033, 32.712968850000038 ], [ 22.533686390000071, 32.713144271000033 ], [ 22.533858418000023, 32.713299668000047 ], [ 22.533934630000033, 32.713390447000052 ], [ 22.534008164000056, 32.714070825000078 ], [ 22.534009114000071, 32.714099541000053 ], [ 22.533999988000062, 32.714643864000038 ], [ 22.533991767000032, 32.714658284000052 ], [ 22.534017102000064, 32.715073159000042 ], [ 22.534256200000073, 32.715344 ], [ 22.53565210000005, 32.715834200000074 ], [ 22.535752941000055, 32.715834201000064 ], [ 22.53589224600006, 32.715852078000069 ], [ 22.536281722000069, 32.715847306000057 ], [ 22.536655247000056, 32.715900002000069 ], [ 22.536893915000064, 32.715990146000024 ], [ 22.53711786100007, 32.71620933500003 ], [ 22.537369051000042, 32.716535578000048 ], [ 22.53755962200006, 32.716783812000074 ], [ 22.53781903600003, 32.717095634000032 ], [ 22.537833601000045, 32.717603350000047 ], [ 22.537824500000056, 32.717863800000032 ], [ 22.537836533000075, 32.717901053000048 ] ] ] } },
{ "type": "Feature", "properties": { "obj_type": "Stream", "NAM": "Unknown", "HYP": "Intermittent", "det_method": "Photo-interpretation", "or_src_id": "1", "emsn_id": "EMSN177", "fwc_type": "FLEX", "aoi_id": "1", "name": "Derna", "country": "Libya" }, "geometry": { "type": "MultiLineString", "coordinates": [ [ [ 22.519030738000026, 32.700343982000049 ], [ 22.519192205000024, 32.700711919000071 ], [ 22.519226085000071, 32.701045607000026 ], [ 22.519540329000051, 32.701268507000066 ], [ 22.519882187000064, 32.701455277000036 ], [ 22.520142426000064, 32.701822016000051 ], [ 22.520373031000076, 32.702105589000041 ], [ 22.520558477000066, 32.702222661000064 ], [ 22.520755806000068, 32.702208336000069 ], [ 22.521230465000031, 32.701904278000029 ], [ 22.521749271000033, 32.701707071000044 ], [ 22.522270708000065, 32.701664945000061 ], [ 22.522809293000023, 32.701801590000059 ], [ 22.523292862000062, 32.702022426000042 ], [ 22.523650057000054, 32.702280591000033 ], [ 22.523961883000027, 32.702360326000075 ], [ 22.524371665000047, 32.702391141000078 ], [ 22.524768148000078, 32.702469845000053 ], [ 22.525081802000045, 32.702656944000069 ], [ 22.525211426000055, 32.702810483000064 ], [ 22.525369269000066, 32.702963680000039 ], [ 22.525626083000077, 32.703127603000041 ], [ 22.525768803000062, 32.703221323000037 ], [ 22.526154575000078, 32.703496076000079 ], [ 22.527125813000055, 32.704176309000047 ], [ 22.527822068000035, 32.704454196000029 ], [ 22.528499537000073, 32.704457872000035 ], [ 22.529214044000071, 32.704150859000038 ], [ 22.529932211000073, 32.704058575000033 ], [ 22.530653228000062, 32.704133300000024 ], [ 22.531548658000077, 32.70450419000008 ], [ 22.532264543000053, 32.705103977000078 ], [ 22.532942392000052, 32.705954796000071 ], [ 22.533279981000078, 32.706714317000035 ], [ 22.533542738000051, 32.707224180000026 ], [ 22.533687718000067, 32.707449114000042 ], [ 22.533929225000065, 32.707541616000071 ], [ 22.534198134000064, 32.707586054000046 ], [ 22.53445150500005, 32.707547157000079 ], [ 22.534574410000062, 32.707307013000047 ], [ 22.53458075900005, 32.706853520000038 ], [ 22.534588129000042, 32.70645967300004 ], [ 22.53469692300007, 32.706219703000045 ], [ 22.535188115000039, 32.706058573000064 ], [ 22.53561079900004, 32.706017601000042 ], [ 22.536425697000027, 32.705804775000047 ], [ 22.537144278000028, 32.705736308000041 ], [ 22.537736891000065, 32.70572904200003 ], [ 22.538135447000059, 32.705926998000052 ], [ 22.538722963000055, 32.706444797000074 ], [ 22.538937889000067, 32.706633071000056 ], [ 22.539616808000062, 32.706720193000024 ], [ 22.540125792000026, 32.706773602000055 ], [ 22.540384283000037, 32.707032930000025 ], [ 22.540612299000031, 32.707161380000059 ], [ 22.540852990000076, 32.707206151000037 ], [ 22.541091836000078, 32.707143556000062 ], [ 22.541199793000033, 32.706855861000065 ], [ 22.541477479000037, 32.706589944000029 ], [ 22.54165824200004, 32.706432605000032 ], [ 22.542023868000058, 32.706356518000064 ], [ 22.542307708000067, 32.706448483000031 ], [ 22.542707715000063, 32.706729929000062 ], [ 22.542934073000026, 32.707089876000055 ] ] ] } },
{ "type": "Feature", "properties": { "obj_type": "Stream", "NAM": "Unknown", "HYP": "Intermittent", "det_method": "Photo-interpretation", "or_src_id": "1", "emsn_id": "EMSN177", "fwc_type": "FLEX", "aoi_id": "1", "name": "Derna", "country": "Libya" }, "geometry": { "type": "MultiLineString", "coordinates": [ [ [ 22.557153395000057, 32.718569210000055 ], [ 22.556788045000076, 32.718663237000044 ], [ 22.556039085000066, 32.718612876000066 ], [ 22.555206284000064, 32.718611278000026 ], [ 22.554682907000029, 32.718546177000064 ], [ 22.55411781600003, 32.718517389000056 ], [ 22.553848451000079, 32.718449136000061 ], [ 22.553618939000046, 32.718237205000037 ], [ 22.553332776000047, 32.718014044000029 ], [ 22.553019837000022, 32.717874739000024 ], [ 22.552750682000067, 32.717818413000032 ], [ 22.552449996000064, 32.717571566000061 ], [ 22.552107804000059, 32.717372960000034 ], [ 22.551568878000069, 32.717224516000044 ], [ 22.551364086000035, 32.716809433000037 ], [ 22.551259936000065, 32.716500491000033 ], [ 22.551115310000057, 32.716299437000032 ], [ 22.551024858000062, 32.71596646200004 ], [ 22.550889803000075, 32.715502787000048 ], [ 22.550603242000022, 32.715255760000048 ], [ 22.550357984000073, 32.714948563000064 ], [ 22.550127456000041, 32.714676979000046 ], [ 22.549613678000071, 32.714349235000043 ], [ 22.549353902000064, 32.714018352000039 ], [ 22.549165302000063, 32.713722383000061 ], [ 22.548792435000053, 32.713380964000066 ], [ 22.548408964000032, 32.713242517000026 ], [ 22.548040225000022, 32.713139683000065 ], [ 22.547601137000072, 32.713049648000037 ], [ 22.547261239000022, 32.712982251000028 ], [ 22.546976549000078, 32.712842581000075 ] ] ] } },
{ "type": "Feature", "properties": { "obj_type": "Stream", "NAM": "Unknown", "HYP": "Intermittent", "det_method": "Photo-interpretation", "or_src_id": "1", "emsn_id": "EMSN177", "fwc_type": "FLEX", "aoi_id": "1", "name": "Derna", "country": "Libya" }, "geometry": { "type": "MultiLineString", "coordinates": [ [ [ 22.539393279000024, 32.688275066000074 ], [ 22.539471520000063, 32.688141471000051 ], [ 22.539354896000077, 32.687923353000031 ], [ 22.538978868000072, 32.687717964000058 ], [ 22.538704902000063, 32.687539958000059 ], [ 22.538373529000069, 32.68730538300008 ], [ 22.53807568600007, 32.687051304000079 ], [ 22.537925537000035, 32.686852687000055 ], [ 22.537819714000022, 32.686605798000073 ], [ 22.537771135000071, 32.686405936000028 ], [ 22.537801557000023, 32.686205105000056 ], [ 22.538011888000028, 32.685963886000025 ], [ 22.538458229000071, 32.685662498000056 ], [ 22.538791224000079, 32.68533386200005 ], [ 22.53904489100006, 32.68498710700004 ], [ 22.539150375000077, 32.684556260000079 ], [ 22.539200906000076, 32.684211997000034 ], [ 22.53923214200006, 32.684058884000024 ], [ 22.539250781000078, 32.683829561000039 ], [ 22.539212832000032, 32.683591386000046 ], [ 22.539084603000049, 32.683354318000056 ], [ 22.538866913000049, 32.683166077000067 ], [ 22.538559107000026, 32.682988485000067 ], [ 22.538183756000024, 32.682821268000055 ], [ 22.537787963000028, 32.682778393000035 ], [ 22.537313012000027, 32.682726941000055 ], [ 22.536961216000066, 32.682616704000054 ], [ 22.536631663000037, 32.682487103000028 ], [ 22.536165057000062, 32.682263723000062 ], [ 22.535846138000068, 32.682095807000053 ], [ 22.535682758000064, 32.681782801000054 ], [ 22.535541786000067, 32.681459975000053 ], [ 22.535401958000023, 32.681203956000047 ], [ 22.535115103000066, 32.680930642000078 ], [ 22.534807801000056, 32.68078167300007 ], [ 22.534467953000046, 32.680709466000053 ], [ 22.534047154000064, 32.680523700000037 ], [ 22.533692270000074, 32.680232124000042 ], [ 22.533563897000079, 32.679985508000073 ], [ 22.533534966000047, 32.679613581000069 ], [ 22.533529420000036, 32.679289097000037 ], [ 22.533659125000042, 32.678953414000034 ], [ 22.533765282000047, 32.678560745000027 ], [ 22.533824668000022, 32.678073191000067 ], [ 22.533752231000051, 32.677797253000051 ], [ 22.53354438100007, 32.67752297100003 ], [ 22.533304964000024, 32.677382713000043 ], [ 22.532920481000076, 32.677339683000071 ], [ 22.53260272700004, 32.677238564000049 ], [ 22.532373455000027, 32.677031360000058 ], [ 22.532277476000047, 32.676698435000048 ], [ 22.532227288000058, 32.676403133000065 ], [ 22.531972843000062, 32.676043506000042 ], [ 22.531744065000055, 32.675864933000071 ], [ 22.531424037000022, 32.675630198000079 ], [ 22.531186092000041, 32.675575829000024 ], [ 22.530865905000041, 32.675331549000077 ], [ 22.530794455000034, 32.675112871000067 ], [ 22.530689317000054, 32.674904150000032 ], [ 22.530640600000027, 32.674694740000064 ], [ 22.530648628000051, 32.674503729000037 ], [ 22.53071112300006, 32.674197506000041 ], [ 22.530547288000037, 32.673855862000039 ], [ 22.530442803000028, 32.673685314000068 ], [ 22.530460326000025, 32.673389185000076 ], [ 22.530499439000039, 32.673035519000052 ], [ 22.530518752000035, 32.672844370000064 ], [ 22.530231450000031, 32.672542414000077 ], [ 22.530179969000073, 32.672170761000075 ], [ 22.530309189000036, 32.671806450000076 ], [ 22.530360726000026, 32.671519452000041 ], [ 22.530390183000065, 32.671261360000074 ], [ 22.53035193900007, 32.671004094000068 ], [ 22.530220660000055, 32.670585686000038 ], [ 22.530226411000058, 32.670261063000055 ], [ 22.530390455000031, 32.669953602000078 ], [ 22.530407652000065, 32.669638385000042 ], [ 22.530416333000062, 32.669485548000068 ] ] ] } },
{ "type": "Feature", "properties": { "obj_type": "Stream", "NAM": "Unknown", "HYP": "Intermittent", "det_method": "Photo-interpretation", "or_src_id": "1", "emsn_id": "EMSN177", "fwc_type": "FLEX", "aoi_id": "1", "name": "Derna", "country": "Libya" }, "geometry": { "type": "MultiLineString", "coordinates": [ [ [ 22.538745034000044, 32.675058809000063 ], [ 22.538759918000039, 32.675268631000051 ], [ 22.538910539000028, 32.675495878000049 ], [ 22.539117744000066, 32.675731977000055 ], [ 22.539314649000062, 32.676025476000063 ], [ 22.539466746000073, 32.676338615000077 ], [ 22.539474278000057, 32.676777622000031 ], [ 22.539436837000039, 32.677226726000072 ], [ 22.539534478000064, 32.677655081000069 ], [ 22.539690182000072, 32.678178179000042 ], [ 22.539789302000031, 32.678692427000044 ], [ 22.539724914000033, 32.67911003200004 ], [ 22.540169971000068, 32.679557986000077 ], [ 22.540798816000063, 32.680027544000041 ], [ 22.541203410000037, 32.68058338000003 ], [ 22.541536454000038, 32.681080433000034 ], [ 22.541914690000056, 32.681743977000053 ], [ 22.542753970000035, 32.682962656000029 ], [ 22.543329302000075, 32.683599908000076 ], [ 22.543489193000028, 32.683872377000057 ], [ 22.543733723000059, 32.68414380400003 ], [ 22.54386355500003, 32.684309254000027 ], [ 22.544165745000043, 32.684651563000045 ], [ 22.544482250000044, 32.685005627000066 ], [ 22.544914075000065, 32.685501453000029 ], [ 22.54528392900005, 32.685675877000051 ], [ 22.545809577000057, 32.685884176000059 ], [ 22.546303515000034, 32.685890020000045 ], [ 22.546684190000065, 32.685873394000055 ], [ 22.547303442000043, 32.685782233000054 ], [ 22.547589486000049, 32.686005411000053 ], [ 22.547776577000036, 32.686217879000026 ], [ 22.548263001000066, 32.686605632000067 ], [ 22.548405510000066, 32.686687397000071 ], [ 22.548860841000078, 32.686908483000025 ], [ 22.549172221000049, 32.686964297000031 ], [ 22.549508106000076, 32.686805033000041 ], [ 22.549789417000056, 32.686753829000054 ], [ 22.550057652000078, 32.686762446000046 ], [ 22.550396421000073, 32.686770191000051 ], [ 22.550723765000043, 32.686933192000026 ], [ 22.551040715000056, 32.687311097000077 ], [ 22.551158314000077, 32.687584079000032 ], [ 22.551402672000052, 32.687843560000033 ], [ 22.551704490000077, 32.688161990000026 ], [ 22.551903845000027, 32.688266912000074 ], [ 22.552385548000075, 32.688380271000028 ], [ 22.552883425000061, 32.688612747000036 ], [ 22.553086294000025, 32.688920467000059 ], [ 22.553262191000044, 32.689300112000069 ], [ 22.55332399200006, 32.689609578000045 ], [ 22.553384759000039, 32.689859397000077 ], [ 22.553401966000024, 32.690038164000043 ], [ 22.553507742000022, 32.690442541000039 ], [ 22.553612693000048, 32.690799200000072 ], [ 22.553729479000026, 32.69102446200003 ], [ 22.554057257000068, 32.691211312000064 ], [ 22.554440019000026, 32.691313957000034 ], [ 22.554822783000077, 32.691416599000036 ], [ 22.555149737000022, 32.691555730000061 ], [ 22.555491835000055, 32.691754331000027 ], [ 22.555806340000061, 32.691989070000034 ], [ 22.556214061000048, 32.692352658000061 ] ] ] } },
{ "type": "Feature", "properties": { "obj_type": "Stream", "NAM": "Unknown", "HYP": "Intermittent", "det_method": "Photo-interpretation", "or_src_id": "1", "emsn_id": "EMSN177", "fwc_type": "FLEX", "aoi_id": "1", "name": "Derna", "country": "Libya" }, "geometry": { "type": "MultiLineString", "coordinates": [ [ [ 22.584467204000077, 32.681815032000031 ], [ 22.584470680000038, 32.68201186400006 ], [ 22.584472893000054, 32.682137122000029 ], [ 22.584526477000054, 32.682375083000068 ], [ 22.584572061000074, 32.682559452000078 ], [ 22.584578382000075, 32.682917330000066 ], [ 22.584541331000025, 32.683216096000024 ], [ 22.584486909000077, 32.683330136000052 ], [ 22.584377432000053, 32.683522430000039 ], [ 22.584287955000036, 32.68364884600004 ], [ 22.584107946000074, 32.683842030000051 ], [ 22.583984889000078, 32.684064324000076 ], [ 22.58386246200007, 32.684322406000035 ], [ 22.583788774000027, 32.684544078000044 ], [ 22.583790670000042, 32.684651441000028 ], [ 22.583652345000075, 32.684808303000068 ], [ 22.583471176000046, 32.684935875000065 ], [ 22.583177681000052, 32.685094695000032 ], [ 22.582898713000077, 32.685277195000026 ], [ 22.582732805000035, 32.685470199000065 ], [ 22.582652586000052, 32.685721781000041 ], [ 22.582719117000067, 32.685893954000051 ], [ 22.582927344000041, 32.686100135000061 ], [ 22.583034301000055, 32.686164412000039 ], [ 22.583134941000026, 32.68627052800008 ], [ 22.583232318000057, 32.686591461000035 ], [ 22.583264533000033, 32.686817760000054 ], [ 22.583397071000036, 32.687132283000039 ], [ 22.583577406000074, 32.687356713000042 ], [ 22.583665837000069, 32.687570371000049 ], [ 22.58385396400007, 32.687836464000043 ], [ 22.583837438000046, 32.688099174000058 ], [ 22.583771644000024, 32.688368473000025 ], [ 22.583683109000049, 32.68854857000008 ], [ 22.583554676000062, 32.688866387000076 ], [ 22.583466351000027, 32.689058413000055 ], [ 22.583484249000037, 32.689272961000029 ], [ 22.583558259000029, 32.68946890400008 ], [ 22.583739020000053, 32.689717191000057 ], [ 22.583883461000028, 32.689906278000024 ], [ 22.58411949300006, 32.690088241000069 ], [ 22.584428065000054, 32.690382641000042 ], [ 22.584738850000065, 32.690802298000051 ], [ 22.584905616000071, 32.691056726000056 ], [ 22.585051959000054, 32.691353174000028 ], [ 22.585177142000077, 32.691649890000065 ], [ 22.585342751000042, 32.691838707000045 ], [ 22.585534887000051, 32.691931733000047 ], [ 22.585769346000063, 32.692024224000079 ], [ 22.586032548000048, 32.692146181000055 ], [ 22.586167728000078, 32.692210097000043 ], [ 22.58631101800006, 32.692333570000073 ], [ 22.586428837000028, 32.692612479000047 ], [ 22.586402732000067, 32.692732128000046 ], [ 22.586461694000036, 32.692874565000068 ], [ 22.586646991000066, 32.69297960800003 ], [ 22.586887875000059, 32.693036220000067 ], [ 22.587137712000072, 32.693200104000027 ], [ 22.587284171000078, 32.693502515000034 ], [ 22.58726028500007, 32.693747421000069 ], [ 22.587163327000042, 32.693850069000064 ], [ 22.586995512000044, 32.693935716000055 ], [ 22.586907930000052, 32.694169496000029 ], [ 22.586995004000073, 32.694305611000061 ], [ 22.587158615000078, 32.694381097000075 ], [ 22.587476038000034, 32.694377080000038 ], [ 22.587792406000062, 32.694313415000067 ], [ 22.587894724000023, 32.694312120000063 ], [ 22.588241842000059, 32.694364135000058 ], [ 22.588815768000075, 32.694581185000061 ], [ 22.588994594000042, 32.694798466000066 ], [ 22.589076980000073, 32.694988332000037 ], [ 22.589185068000063, 32.695354466000026 ], [ 22.589236387000028, 32.695702226000037 ], [ 22.589340840000034, 32.695863176000046 ], [ 22.589447492000033, 32.696148190000031 ], [ 22.58933640500004, 32.696249825000052 ], [ 22.589124415000072, 32.696390922000035 ], [ 22.58880774000005, 32.696676527000079 ], [ 22.58832035000006, 32.69720293000006 ], [ 22.58799523700003, 32.697331140000074 ], [ 22.587731610000048, 32.69742516000008 ], [ 22.587580930000058, 32.697522523000032 ], [ 22.587565606000055, 32.697613399000033 ], [ 22.58755104200003, 32.697747221000043 ], [ 22.587672577000035, 32.698129093000034 ], [ 22.587679971000057, 32.698546616000044 ], [ 22.58774525900003, 32.699018464000062 ] ] ] } },
{ "type": "Feature", "properties": { "obj_type": "Stream", "NAM": "Unknown", "HYP": "Intermittent", "det_method": "Photo-interpretation", "or_src_id": "1", "emsn_id": "EMSN177", "fwc_type": "FLEX", "aoi_id": "1", "name": "Derna", "country": "Libya" }, "geometry": { "type": "MultiLineString", "coordinates": [ [ [ 22.534594520000041, 32.664198175000024 ], [ 22.534600393000062, 32.664541747000044 ], [ 22.534485908000079, 32.665106341000069 ], [ 22.534414758000025, 32.665565403000073 ], [ 22.534423893000053, 32.666099847000055 ], [ 22.53420361700006, 32.666417548000027 ], [ 22.534052832000043, 32.666839401000061 ], [ 22.534026649000054, 32.667288366000037 ], [ 22.534032683000078, 32.667641481000032 ], [ 22.53403839200007, 32.667975510000076 ], [ 22.534021861000042, 32.668328901000052 ], [ 22.533937467000044, 32.66867357700005 ], [ 22.533784720000028, 32.668980905000069 ], [ 22.53363164600006, 32.669269146000033 ], [ 22.533489528000075, 32.669538161000048 ], [ 22.533312908000028, 32.669769415000076 ], [ 22.533248793000041, 32.66998020300008 ], [ 22.533241586000031, 32.670218933000058 ], [ 22.533313036000038, 32.670437610000079 ], [ 22.533498138000027, 32.670702626000036 ], [ 22.533601972000042, 32.670834995000064 ], [ 22.533893194000029, 32.671365992000062 ], [ 22.533942405000062, 32.671604031000072 ], [ 22.534082540000043, 32.67187914200008 ], [ 22.534019731000058, 32.672166278000077 ], [ 22.533832639000025, 32.672445390000064 ], [ 22.533836880000024, 32.672693525000057 ], [ 22.534022477000065, 32.672987171000045 ], [ 22.534129088000043, 32.673281782000061 ], [ 22.534131372000047, 32.673415394000074 ], [ 22.534134635000044, 32.673606267000025 ], [ 22.533948193000072, 32.673923553000066 ], [ 22.533314468000071, 32.674484947000053 ], [ 22.533111117000033, 32.674913804000028 ], [ 22.533033823000039, 32.675344303000031 ], [ 22.53305277000004, 32.675792717000036 ], [ 22.533092900000042, 32.676159734000066 ], [ 22.533226582000054, 32.676387196000064 ], [ 22.533282987000064, 32.676715831000024 ], [ 22.533333261000053, 32.677015904000029 ], [ 22.533346829000038, 32.677149377000035 ], [ 22.533304964000024, 32.677382713000043 ] ] ] } },
{ "type": "Feature", "properties": { "obj_type": "Stream", "NAM": "Unknown", "HYP": "Intermittent", "det_method": "Photo-interpretation", "or_src_id": "1", "emsn_id": "EMSN177", "fwc_type": "FLEX", "aoi_id": "1", "name": "Derna", "country": "Libya" }, "geometry": { "type": "MultiLineString", "coordinates": [ [ [ 22.538752849000048, 32.671894334000058 ], [ 22.538893163000068, 32.672178983000038 ], [ 22.539082779000069, 32.672377115000074 ], [ 22.539272643000061, 32.672589563000031 ], [ 22.539580741000066, 32.67278624000005 ], [ 22.539974451000035, 32.673039141000061 ], [ 22.540315175000046, 32.673163823000039 ], [ 22.54065491700004, 32.673231244000078 ], [ 22.541078796000022, 32.673268993000079 ], [ 22.541402842000025, 32.673408196000025 ], [ 22.54176602800004, 32.673854765000044 ], [ 22.541990245000022, 32.67409542200005 ], [ 22.542114507000065, 32.674430379000057 ], [ 22.542239262000066, 32.674793965000049 ], [ 22.542388422000045, 32.675099978000048 ], [ 22.542629815000055, 32.675354742000025 ], [ 22.542913156000054, 32.67558751200005 ], [ 22.543223612000077, 32.675920176000034 ], [ 22.543441714000039, 32.676296931000024 ], [ 22.543539855000063, 32.676589253000031 ], [ 22.543628673000057, 32.676831573000072 ], [ 22.543639599000073, 32.676974622000046 ], [ 22.543797601000051, 32.677302002000033 ], [ 22.544090893000032, 32.677620557000068 ], [ 22.544586566000078, 32.677893664000067 ], [ 22.545056112000054, 32.678124136000065 ], [ 22.54544016400007, 32.678305545000057 ], [ 22.545875615000057, 32.678522115000078 ], [ 22.546286047000024, 32.678760470000043 ], [ 22.546645209000076, 32.678970819000028 ], [ 22.546985471000028, 32.679066852000062 ], [ 22.547324004000075, 32.679062676000058 ], [ 22.547679219000031, 32.67904397600006 ], [ 22.547952146000057, 32.679162315000042 ], [ 22.548276223000073, 32.679301500000065 ], [ 22.548600302000068, 32.679440683000053 ], [ 22.548821215000032, 32.679488071000037 ], [ 22.549186995000071, 32.679590942000061 ] ] ] } },
{ "type": "Feature", "properties": { "obj_type": "Stream", "NAM": "Unknown", "HYP": "Intermittent", "det_method": "Photo-interpretation", "or_src_id": "1", "emsn_id": "EMSN177", "fwc_type": "FLEX", "aoi_id": "1", "name": "Derna", "country": "Libya" }, "geometry": { "type": "MultiLineString", "coordinates": [ [ [ 22.564082453000026, 32.683259412000041 ], [ 22.564297581000062, 32.68345957300005 ], [ 22.564710614000035, 32.683681128000046 ], [ 22.565180697000073, 32.683937767000032 ], [ 22.565651407000075, 32.68423019100004 ], [ 22.565997247000041, 32.684643493000067 ], [ 22.566003079000041, 32.684977515000071 ], [ 22.566306187000066, 32.685367485000029 ], [ 22.566845774000058, 32.685563589000026 ], [ 22.567344087000038, 32.685819867000077 ], [ 22.567841777000069, 32.686040353000067 ], [ 22.568296732000078, 32.68623750900008 ], [ 22.568652943000075, 32.68643589800007 ], [ 22.568966835000026, 32.686634815000048 ], [ 22.569222842000045, 32.686750932000052 ], [ 22.569463699000039, 32.686807578000071 ], [ 22.569915111000057, 32.686801929000069 ], [ 22.570419609000055, 32.686604702000068 ], [ 22.57071563900007, 32.686589063000042 ], [ 22.571280113000057, 32.686593925000068 ], [ 22.571917629000041, 32.686741052000059 ], [ 22.572836651000046, 32.686848850000047 ], [ 22.573627669000075, 32.686898588000076 ], [ 22.574177827000028, 32.686891684000045 ], [ 22.574641043000042, 32.686754619000055 ], [ 22.575188058000037, 32.686568771000054 ], [ 22.575721385000065, 32.686406957000031 ], [ 22.576326079000069, 32.68629197100006 ], [ 22.576677065000069, 32.686192104000042 ], [ 22.577126166000028, 32.686055207000038 ], [ 22.577442570000073, 32.685969364000073 ] ] ] } },
{ "type": "Feature", "properties": { "obj_type": "Stream", "NAM": "Unknown", "HYP": "Intermittent", "det_method": "Photo-interpretation", "or_src_id": "1", "emsn_id": "EMSN177", "fwc_type": "FLEX", "aoi_id": "1", "name": "Derna", "country": "Libya" }, "geometry": { "type": "MultiLineString", "coordinates": [ [ [ 22.556667639000068, 32.767091250000078 ], [ 22.556046467000044, 32.76742828700003 ], [ 22.555460672000038, 32.767850790000068 ], [ 22.555221523000057, 32.768513590000055 ], [ 22.555050339000047, 32.768902307000076 ], [ 22.554956767000078, 32.769368811000049 ], [ 22.554803768000056, 32.769828893000067 ], [ 22.554607909000026, 32.770260870000072 ], [ 22.55448655500004, 32.770591694000075 ], [ 22.554196132000072, 32.770946095000056 ], [ 22.553886026000043, 32.771143238000036 ], [ 22.553166277000059, 32.771173641000075 ], [ 22.552751644000068, 32.771207418000074 ], [ 22.552491745000054, 32.771368141000039 ], [ 22.552250032000074, 32.771600227000079 ], [ 22.552077834000045, 32.77193168000008 ], [ 22.551887200000067, 32.772177451000061 ], [ 22.551635396000052, 32.772316594000074 ], [ 22.551440163000052, 32.772297535000064 ], [ 22.550971215000061, 32.772131524000031 ], [ 22.550690145000033, 32.772049095000057 ], [ 22.550376304000054, 32.772031503000051 ], [ 22.55004862100003, 32.772193058000028 ], [ 22.549730029000045, 32.772390296000026 ], [ 22.549587863000056, 32.772499442000026 ], [ 22.549419660000069, 32.772573114000068 ], [ 22.549031180000043, 32.772649509000075 ], [ 22.548667, 32.772661171000038 ], [ 22.548294966000071, 32.77270872500003 ], [ 22.547947482000041, 32.772705861000077 ], [ 22.547683853000024, 32.772651846000031 ], [ 22.547471676000043, 32.772632990000034 ], [ 22.547115349000023, 32.772608755000078 ], [ 22.546759516000066, 32.772613150000041 ], [ 22.546462494000025, 32.77258818100006 ], [ 22.546258914000077, 32.772576376000075 ], [ 22.546046985000032, 32.772571833000029 ], [ 22.545807230000037, 32.772574163000058 ] ] ] } },
{ "type": "Feature", "properties": { "obj_type": "Stream", "NAM": "Unknown", "HYP": "Intermittent", "det_method": "Photo-interpretation", "or_src_id": "1", "emsn_id": "EMSN177", "fwc_type": "FLEX", "aoi_id": "1", "name": "Derna", "country": "Libya" }, "geometry": { "type": "MultiLineString", "coordinates": [ [ [ 22.539575348000028, 32.723964170000045 ], [ 22.540211044000046, 32.72415681800004 ], [ 22.540929057000028, 32.72453936200003 ], [ 22.541458590000047, 32.725124676000064 ], [ 22.541821733000063, 32.725883854000074 ], [ 22.542120707000038, 32.726195180000047 ], [ 22.542557139000053, 32.726619360000029 ], [ 22.542934165000077, 32.72687245000003 ], [ 22.543196313000067, 32.727012406000028 ], [ 22.543581178000068, 32.727064941000037 ], [ 22.544045735000054, 32.727154675000065 ], [ 22.544454828000028, 32.727302363000035 ], [ 22.54472975300007, 32.727528069000073 ], [ 22.544925644000045, 32.727754747000063 ], [ 22.545098131000032, 32.727933987000029 ], [ 22.54531528800004, 32.728084039000066 ], [ 22.545554203000052, 32.728186095000069 ], [ 22.545815465000032, 32.728335601000026 ], [ 22.546621601000027, 32.728455180000026 ] ] ] } },
{ "type": "Feature", "properties": { "obj_type": "Stream", "NAM": "Unknown", "HYP": "Intermittent", "det_method": "Photo-interpretation", "or_src_id": "1", "emsn_id": "EMSN177", "fwc_type": "FLEX", "aoi_id": "1", "name": "Derna", "country": "Libya" }, "geometry": { "type": "MultiLineString", "coordinates": [ [ [ 22.534560856000041, 32.725247490000072 ], [ 22.535172335000027, 32.725345004000076 ], [ 22.535884773000078, 32.725403097000026 ], [ 22.536462546000052, 32.725510563000057 ], [ 22.537042941000038, 32.725770723000039 ], [ 22.537625960000071, 32.726183578000075 ], [ 22.537994795000031, 32.726618149000046 ], [ 22.538522191000027, 32.727079409000055 ], [ 22.538980865000042, 32.727484237000056 ], [ 22.539088057000072, 32.727807470000073 ], [ 22.539127506000057, 32.728131536000035 ], [ 22.539179066000031, 32.728503178000039 ], [ 22.539059460000033, 32.728771923000068 ], [ 22.539232102000028, 32.728960714000038 ], [ 22.539573123000025, 32.72909016400007 ], [ 22.539945884000076, 32.729095131000065 ], [ 22.540374606000057, 32.729070771000067 ], [ 22.540926214000024, 32.728968535000035 ], [ 22.541668284000025, 32.728778046000059 ], [ 22.542108624000036, 32.728772629000048 ], [ 22.542405471000052, 32.72895988700003 ], [ 22.542733889000033, 32.729013119000058 ], [ 22.543130383000062, 32.729084603000047 ], [ 22.54338124700007, 32.729224697000063 ], [ 22.543629809000038, 32.729231181000046 ], [ 22.544003394000072, 32.729283854000073 ], [ 22.54440137000006, 32.729441225000073 ], [ 22.54484171200005, 32.729435799000044 ], [ 22.545154726000078, 32.729250575000037 ], [ 22.545560537000028, 32.729207389000067 ], [ 22.545828644000039, 32.729099083000051 ], [ 22.546306242000071, 32.728831347000039 ], [ 22.546621601000027, 32.728455180000026 ], [ 22.54692175200006, 32.728179427000043 ], [ 22.547090369000045, 32.728134391000026 ], [ 22.547629174000065, 32.72831412000005 ] ] ] } },
{ "type": "Feature", "properties": { "obj_type": "Stream", "NAM": "Unknown", "HYP": "Intermittent", "det_method": "Photo-interpretation", "or_src_id": "1", "emsn_id": "EMSN177", "fwc_type": "FLEX", "aoi_id": "1", "name": "Derna", "country": "Libya" }, "geometry": { "type": "MultiLineString", "coordinates": [ [ [ 22.536541935000059, 32.728163257000062 ], [ 22.537030221000066, 32.728319545000033 ], [ 22.537745305000044, 32.72853032200004 ], [ 22.538142776000029, 32.728659083000025 ], [ 22.538436992000072, 32.72869365400004 ], [ 22.538810571000056, 32.728746342000079 ], [ 22.539059460000033, 32.728771923000068 ] ] ] } },
{ "type": "Feature", "properties": { "obj_type": "Stream", "NAM": "Unknown", "HYP": "Intermittent", "det_method": "Photo-interpretation", "or_src_id": "1", "emsn_id": "EMSN177", "fwc_type": "FLEX", "aoi_id": "1", "name": "Derna", "country": "Libya" }, "geometry": { "type": "MultiLineString", "coordinates": [ [ [ 22.559421411000073, 32.707497403000048 ], [ 22.559775368000032, 32.707886753000025 ], [ 22.560186223000073, 32.708139372000062 ], [ 22.560469964000049, 32.708386412000038 ], [ 22.560753084000055, 32.708597662000045 ], [ 22.561173159000077, 32.708893117000059 ], [ 22.561288331000071, 32.709185209000054 ], [ 22.561251237000079, 32.709486355000024 ], [ 22.561196713000072, 32.709759082000062 ], [ 22.561241911000025, 32.709923180000033 ], [ 22.561565388000076, 32.710506203000079 ], [ 22.561477248000074, 32.710793666000029 ], [ 22.561371800000074, 32.711059868000063 ], [ 22.561454857000058, 32.711452588000043 ], [ 22.561476779000031, 32.711738681000043 ], [ 22.561348674000044, 32.71216266700003 ], [ 22.561302240000032, 32.712413815000048 ], [ 22.561433603000069, 32.71266275000005 ], [ 22.561599206000039, 32.712932735000038 ], [ 22.561636190000058, 32.713111253000079 ], [ 22.561588260000065, 32.713276510000071 ], [ 22.561381710000035, 32.71357260800005 ], [ 22.561244638000062, 32.713968069000032 ], [ 22.561216134000063, 32.714276268000049 ], [ 22.561260713000024, 32.714404577000039 ], [ 22.561449847000063, 32.714566882000042 ], [ 22.561716056000023, 32.714778341000056 ], [ 22.56175478800003, 32.715057066000043 ], [ 22.561659052000039, 32.715394738000043 ], [ 22.561571281000056, 32.715703675000043 ], [ 22.561500570000078, 32.716019558000028 ], [ 22.56146222700005, 32.716249128000072 ], [ 22.561465346000034, 32.716428068000027 ], [ 22.561622115000034, 32.716676686000028 ], [ 22.561811630000022, 32.716860463000046 ], [ 22.561974621000047, 32.716980139000043 ], [ 22.562198072000058, 32.717196323000053 ] ] ] } },
{ "type": "Feature", "properties": { "obj_type": "Stream", "NAM": "Unknown", "HYP": "Intermittent", "det_method": "Photo-interpretation", "or_src_id": "1", "emsn_id": "EMSN177", "fwc_type": "FLEX", "aoi_id": "1", "name": "Derna", "country": "Libya" }, "geometry": { "type": "MultiLineString", "coordinates": [ [ [ 22.559907872000053, 32.702698530000077 ], [ 22.559983402000057, 32.703146231000062 ], [ 22.560056545000066, 32.703456737000067 ], [ 22.560198204000073, 32.703811747000032 ], [ 22.560392085000046, 32.703923881000037 ], [ 22.560847242000023, 32.70412821900004 ], [ 22.561012580000067, 32.704546165000068 ], [ 22.560963122000032, 32.704947694000055 ], [ 22.560888097000031, 32.705177721000041 ], [ 22.560869012000069, 32.705378415000041 ], [ 22.560974258000044, 32.705587107000042 ], [ 22.561134613000036, 32.705718748000038 ], [ 22.561259610000036, 32.705764920000036 ], [ 22.561486030000026, 32.705800283000031 ], [ 22.561872807000043, 32.705967285000042 ], [ 22.562419445000046, 32.70623729600004 ], [ 22.562614665000069, 32.706425774000024 ], [ 22.562674765000054, 32.706635027000061 ], [ 22.562689381000041, 32.706825755000068 ], [ 22.562837288000026, 32.706890731000044 ], [ 22.563075665000042, 32.706964124000024 ], [ 22.563271554000039, 32.707190775000072 ], [ 22.563399717000038, 32.707418270000062 ], [ 22.563392425000075, 32.707647454000039 ], [ 22.563316072000077, 32.707801135000068 ], [ 22.563195399000051, 32.708003095000038 ], [ 22.56304069600003, 32.708195935000049 ], [ 22.563011325000048, 32.708454031000031 ], [ 22.563105625000048, 32.708681948000049 ], [ 22.563322763000031, 32.708831970000062 ], [ 22.56361991700004, 32.70903826600005 ], [ 22.563894664000031, 32.709254387000044 ], [ 22.564181365000024, 32.709508541000048 ], [ 22.564399673000025, 32.709725364000064 ], [ 22.564661302000047, 32.709836646000042 ], [ 22.56505822400004, 32.709936693000031 ], [ 22.565306733000057, 32.709943136000049 ], [ 22.565543619000039, 32.709930633000056 ], [ 22.565825492000045, 32.709908022000036 ], [ 22.566074124000068, 32.709832032000065 ] ] ] } },
{ "type": "Feature", "properties": { "obj_type": "Stream", "NAM": "Unknown", "HYP": "Intermittent", "det_method": "Photo-interpretation", "or_src_id": "1", "emsn_id": "EMSN177", "fwc_type": "FLEX", "aoi_id": "1", "name": "Derna", "country": "Libya" }, "geometry": { "type": "MultiLineString", "coordinates": [ [ [ 22.527498641000022, 32.709273759000041 ], [ 22.527955095000038, 32.709142911000072 ], [ 22.528263695000078, 32.709031761000062 ], [ 22.52875040300006, 32.709019863000037 ], [ 22.529246100000023, 32.709121205000031 ], [ 22.529727280000031, 32.709198860000072 ], [ 22.530034932000035, 32.709445678000066 ], [ 22.530094938000047, 32.70965375600008 ], [ 22.530358427000067, 32.709793724000065 ], [ 22.530734393000046, 32.709908455000061 ], [ 22.530998801000067, 32.710102105000033 ], [ 22.530953388000057, 32.710335333000046 ], [ 22.530753675000028, 32.71062414000005 ], [ 22.530684854000071, 32.710726402000034 ], [ 22.530778509000072, 32.710838612000032 ], [ 22.531148445000042, 32.711013075000039 ], [ 22.531605289000026, 32.711317727000051 ], [ 22.531757122000045, 32.711530648000064 ], [ 22.531704860000048, 32.711775893000038 ], [ 22.531509958000072, 32.711933389000023 ], [ 22.531363322000061, 32.712024670000062 ], [ 22.531166369000061, 32.712095168000076 ] ] ] } },
{ "type": "Feature", "properties": { "obj_type": "Stream", "NAM": "Unknown", "HYP": "Intermittent", "det_method": "Photo-interpretation", "or_src_id": "1", "emsn_id": "EMSN177", "fwc_type": "FLEX", "aoi_id": "1", "name": "Derna", "country": "Libya" }, "geometry": { "type": "MultiLineString", "coordinates": [ [ [ 22.524852521000071, 32.695648468000059 ], [ 22.525298058000033, 32.695958057000041 ], [ 22.525952365000023, 32.696594426000047 ], [ 22.526433721000046, 32.697018122000031 ], [ 22.52704979300006, 32.697397220000028 ], [ 22.527646745000027, 32.697647681000035 ], [ 22.528329084000063, 32.697940054000071 ], [ 22.528927751000026, 32.698290718000067 ], [ 22.529355897000073, 32.698571865000076 ], [ 22.529937398000072, 32.698908415000062 ], [ 22.530382236000037, 32.699175037000032 ], [ 22.530659970000045, 32.69957256400005 ], [ 22.530913502000033, 32.699874928000042 ], [ 22.531157216000054, 32.700263323000058 ], [ 22.531376563000038, 32.700547013000062 ], [ 22.531572685000071, 32.70079280300007 ], [ 22.531736089000049, 32.701105813000027 ], [ 22.531786457000067, 32.701410658000043 ], [ 22.531881322000061, 32.701676775000067 ], [ 22.532088246000058, 32.701893797000025 ], [ 22.532373695000047, 32.702081221000071 ], [ 22.532680413000037, 32.702192020000041 ], [ 22.533147117000055, 32.702415409000025 ], [ 22.533648502000062, 32.70268610100004 ], [ 22.533956203000059, 32.702854158000036 ], [ 22.534311181000078, 32.703145728000038 ], [ 22.534338657000035, 32.703431761000047 ], [ 22.534568657000023, 32.703677132000053 ], [ 22.534876692000068, 32.703864273000079 ], [ 22.535072178000064, 32.70407188400003 ], [ 22.535257520000073, 32.704346437000027 ], [ 22.535669764000033, 32.704685031000054 ], [ 22.535934943000029, 32.705006333000028 ], [ 22.536074321000058, 32.705233720000024 ], [ 22.536078573000054, 32.705481854000027 ], [ 22.536103439000044, 32.705615188000024 ], [ 22.536247392000064, 32.705851343000063 ] ] ] } },
{ "type": "Feature", "properties": { "obj_type": "Stream", "NAM": "Unknown", "HYP": "Intermittent", "det_method": "Photo-interpretation", "or_src_id": "1", "emsn_id": "EMSN177", "fwc_type": "FLEX", "aoi_id": "1", "name": "Derna", "country": "Libya" }, "geometry": { "type": "MultiLineString", "coordinates": [ [ [ 22.53106473400004, 32.69648677400005 ], [ 22.531200266000042, 32.696986264000031 ], [ 22.531406343000072, 32.697484893000023 ], [ 22.53174780300003, 32.697647771000049 ], [ 22.532244255000023, 32.697796823000033 ], [ 22.532813698000041, 32.698088164000069 ], [ 22.533340207000037, 32.698344232000068 ], [ 22.533583321000037, 32.698532172000057 ], [ 22.533786353000039, 32.698851853000065 ], [ 22.533874680000054, 32.699065548000078 ], [ 22.534021280000047, 32.699385920000054 ], [ 22.534222274000058, 32.699586305000025 ], [ 22.534464984000067, 32.699750384000026 ], [ 22.534651667000048, 32.699939012000073 ], [ 22.534854095000071, 32.700222902000064 ], [ 22.535056522000048, 32.700506792000056 ], [ 22.535255683000059, 32.700599810000028 ], [ 22.535567513000046, 32.700679516000037 ], [ 22.535867073000077, 32.700866760000054 ], [ 22.536222663000046, 32.701029453000046 ], [ 22.536577231000024, 32.701132496000071 ], [ 22.536945500000058, 32.701211507000039 ], [ 22.53734137500004, 32.701254382000059 ], [ 22.537894701000027, 32.701426577000063 ], [ 22.538179340000056, 32.701566271000047 ], [ 22.538421653000057, 32.701706482000077 ], [ 22.53852389900004, 32.701908071000048 ], [ 22.538527584000065, 32.702122802000076 ], [ 22.538684424000053, 32.702216333000024 ], [ 22.538853940000024, 32.702226186000075 ], [ 22.539123246000031, 32.702294473000052 ], [ 22.539307895000036, 32.702363798000079 ], [ 22.539464531000078, 32.702445399000055 ], [ 22.539747333000037, 32.702477723000072 ], [ 22.539930754000068, 32.702475470000024 ], [ 22.540085547000047, 32.702449705000049 ], [ 22.54018226200003, 32.70232919700004 ], [ 22.540254911000034, 32.701968197000042 ] ] ] } },
{ "type": "Feature", "properties": { "obj_type": "Stream", "NAM": "Unknown", "HYP": "Intermittent", "det_method": "Photo-interpretation", "or_src_id": "1", "emsn_id": "EMSN177", "fwc_type": "FLEX", "aoi_id": "1", "name": "Derna", "country": "Libya" }, "geometry": { "type": "MultiLineString", "coordinates": [ [ [ 22.512996900000076, 32.685763144000077 ], [ 22.513669514000071, 32.685863616000063 ], [ 22.514010149000057, 32.685982163000062 ], [ 22.514720473000068, 32.686268551000069 ], [ 22.51513058200004, 32.686323258000073 ], [ 22.515825452000058, 32.68652964000006 ], [ 22.516253298000038, 32.686798906000035 ], [ 22.516780502000074, 32.687102766000066 ], [ 22.517377439000029, 32.687358052000036 ], [ 22.517550761000052, 32.687594596000054 ], [ 22.517499176000058, 32.687881590000075 ], [ 22.517503616000056, 32.688144042000033 ], [ 22.517440548000025, 32.688586292000025 ], [ 22.517336772000078, 32.68912449000004 ], [ 22.517131013000039, 32.689473009000039 ], [ 22.516938957000036, 32.689797498000075 ], [ 22.517002450000064, 32.690214353000044 ], [ 22.517293481000024, 32.690735843000027 ], [ 22.517483742000024, 32.691139232000069 ], [ 22.517871716000059, 32.691552159000025 ], [ 22.518244779000042, 32.691917538000041 ], [ 22.518476765000059, 32.692284623000035 ], [ 22.518945760000065, 32.692481789000055 ], [ 22.519119500000045, 32.692742189000057 ], [ 22.51939401900006, 32.693120690000057 ], [ 22.519840263000049, 32.693640294000033 ], [ 22.520129300000065, 32.694042480000064 ], [ 22.520418138000025, 32.694432737000056 ], [ 22.520550775000061, 32.694765226000072 ], [ 22.520598764000056, 32.695098742000027 ], [ 22.520745917000056, 32.695454919000042 ], [ 22.520948289000046, 32.695738834000053 ], [ 22.521268390000046, 32.696307690000026 ], [ 22.521315370000025, 32.696581557000059 ], [ 22.521519367000053, 32.696960908000051 ], [ 22.521736665000049, 32.697292368000035 ], [ 22.522090191000075, 32.697335806000069 ], [ 22.522739998000077, 32.697375646000069 ], [ 22.523278355000059, 32.697500360000049 ], [ 22.523704656000064, 32.697674162000055 ], [ 22.523955637000029, 32.697850093000056 ], [ 22.524134608000054, 32.698062694000043 ], [ 22.524166476000062, 32.69827708400004 ], [ 22.523831920000077, 32.698519791000024 ], [ 22.523386722000055, 32.698895093000033 ], [ 22.523283581000044, 32.699469083000054 ], [ 22.523391060000051, 32.699980855000035 ], [ 22.523510013000077, 32.700337371000046 ], [ 22.523631402000035, 32.700837042000046 ], [ 22.523876327000039, 32.701132367000071 ], [ 22.52406258700006, 32.701297152000052 ], [ 22.524514488000023, 32.701315522000073 ], [ 22.524922642000035, 32.701250900000048 ], [ 22.525135700000078, 32.701331832000051 ], [ 22.52525182200003, 32.701521332000027 ], [ 22.525442957000053, 32.701972425000065 ], [ 22.525505280000061, 32.702317695000033 ], [ 22.52552324800007, 32.702544185000079 ], [ 22.525369269000066, 32.702963680000039 ] ] ] } },
{ "type": "Feature", "properties": { "obj_type": "Stream", "NAM": "Unknown", "HYP": "Intermittent", "det_method": "Photo-interpretation", "or_src_id": "1", "emsn_id": "EMSN177", "fwc_type": "FLEX", "aoi_id": "1", "name": "Derna", "country": "Libya" }, "geometry": { "type": "MultiLineString", "coordinates": [ [ [ 22.530953996000051, 32.687355349000029 ], [ 22.531061431000069, 32.687697679000053 ], [ 22.53103197300004, 32.687955771000077 ], [ 22.531072427000026, 32.688341876000038 ], [ 22.53116195900003, 32.688627151000048 ], [ 22.531302032000042, 32.688897492000024 ], [ 22.531492891000028, 32.689167212000029 ], [ 22.531818205000036, 32.689378016000035 ], [ 22.532161916000064, 32.689674505000028 ], [ 22.532386394000071, 32.689929494000069 ], [ 22.532426611000062, 32.690301282000064 ], [ 22.532398624000052, 32.690645267000036 ], [ 22.532607643000063, 32.690986356000053 ], [ 22.532984732000045, 32.691253797000059 ], [ 22.533276932000035, 32.691507957000056 ], [ 22.533466825000062, 32.691720411000063 ], [ 22.533674137000048, 32.691961290000052 ], [ 22.534065959000031, 32.692099682000048 ], [ 22.534424658000034, 32.692281434000051 ], [ 22.534612350000032, 32.692365048000056 ], [ 22.535153831000059, 32.692518549000056 ] ] ] } },
{ "type": "Feature", "properties": { "obj_type": "Stream", "NAM": "Unknown", "HYP": "Intermittent", "det_method": "Photo-interpretation", "or_src_id": "1", "emsn_id": "EMSN177", "fwc_type": "FLEX", "aoi_id": "1", "name": "Derna", "country": "Libya" }, "geometry": { "type": "MultiLineString", "coordinates": [ [ [ 22.547338947000071, 32.702840375000051 ], [ 22.547511225000051, 32.703010069000072 ], [ 22.548006433000069, 32.703247370000042 ], [ 22.548466792000056, 32.703427824000073 ], [ 22.548809375000076, 32.703652687000044 ], [ 22.548950020000063, 32.703951635000067 ], [ 22.549107599000024, 32.704250374000026 ], [ 22.549317209000037, 32.70462006200006 ], [ 22.549256658000047, 32.705036043000064 ], [ 22.54912838100006, 32.705452860000037 ], [ 22.548983417000045, 32.70588420100006 ], [ 22.548957717000064, 32.706357025000045 ], [ 22.549089102000039, 32.707028304000062 ] ] ] } },
{ "type": "Feature", "properties": { "obj_type": "Stream", "NAM": "Unknown", "HYP": "Intermittent", "det_method": "Photo-interpretation", "or_src_id": "1", "emsn_id": "EMSN177", "fwc_type": "FLEX", "aoi_id": "1", "name": "Derna", "country": "Libya" }, "geometry": { "type": "MultiLineString", "coordinates": [ [ [ 22.575036405000048, 32.715987830000074 ], [ 22.574917793000054, 32.716466595000043 ], [ 22.575006445000042, 32.716692187000035 ], [ 22.575292447000038, 32.716903367000043 ], [ 22.57546472000007, 32.717068249000079 ], [ 22.575583065000046, 32.717376991000037 ], [ 22.575798933000044, 32.717612915000075 ], [ 22.57632609500007, 32.717892653000035 ], [ 22.576683500000058, 32.718150660000049 ], [ 22.576914324000029, 32.718434122000076 ], [ 22.577075223000065, 32.718754259000036 ], [ 22.577084253000066, 32.719267215000059 ], [ 22.576989040000058, 32.71947125500003 ], [ 22.576753130000043, 32.719700928000066 ], [ 22.576531751000061, 32.71995428200006 ], [ 22.576437795000061, 32.720229896000035 ], [ 22.576441994000049, 32.720468481000069 ], [ 22.576533175000066, 32.720837222000057 ], [ 22.576539053000033, 32.721171241000036 ], [ 22.576543672000071, 32.721433684000033 ], [ 22.576548501000048, 32.721708056000068 ], [ 22.57676585300004, 32.72202748400008 ], [ 22.577038813000058, 32.722298483000031 ], [ 22.577338740000073, 32.72249755100006 ], [ 22.577809067000032, 32.722754133000024 ], [ 22.578109405000077, 32.723040300000036 ] ] ] } },
{ "type": "Feature", "properties": { "obj_type": "Stream", "NAM": "Unknown", "HYP": "Intermittent", "det_method": "Photo-interpretation", "or_src_id": "1", "emsn_id": "EMSN177", "fwc_type": "FLEX", "aoi_id": "1", "name": "Derna", "country": "Libya" }, "geometry": { "type": "MultiLineString", "coordinates": [ [ [ 22.572149626000055, 32.718780330000072 ], [ 22.572210470000073, 32.719030137000061 ], [ 22.572500661000049, 32.719479909000029 ], [ 22.572674610000035, 32.719740229000024 ], [ 22.572905845000037, 32.720047556000054 ], [ 22.573150564000059, 32.720318919000078 ], [ 22.573478072000057, 32.72048185500006 ], [ 22.573902059000034, 32.720512328000041 ], [ 22.574326256000063, 32.720554729000071 ], [ 22.574807948000057, 32.720656065000071 ], [ 22.575120509000044, 32.720771457000069 ], [ 22.575389895000058, 32.720839663000049 ], [ 22.575674023000033, 32.720943480000074 ], [ 22.575873270000045, 32.721036429000037 ], [ 22.575972683000032, 32.721070976000078 ], [ 22.575988684000038, 32.721178162000058 ], [ 22.575990993000062, 32.721309383000062 ], [ 22.576063232000024, 32.721403929000076 ], [ 22.576220144000047, 32.721497412000076 ], [ 22.576320189000057, 32.721567745000073 ], [ 22.576548501000048, 32.721708056000068 ] ] ] } },
{ "type": "Feature", "properties": { "obj_type": "Stream", "NAM": "Unknown", "HYP": "Intermittent", "det_method": "Photo-interpretation", "or_src_id": "1", "emsn_id": "EMSN177", "fwc_type": "FLEX", "aoi_id": "1", "name": "Derna", "country": "Libya" }, "geometry": { "type": "MultiLineString", "coordinates": [ [ [ 22.579205609000041, 32.69534277200006 ], [ 22.579517654000028, 32.695754073000046 ], [ 22.579525219000061, 32.696183526000027 ], [ 22.57951812400006, 32.696742029000063 ], [ 22.579507499000044, 32.697100120000073 ], [ 22.579444318000071, 32.697358645000065 ], [ 22.579247211000052, 32.697704766000072 ], [ 22.579252002000032, 32.697976754000024 ], [ 22.579256540000074, 32.698234425000066 ], [ 22.579261584000051, 32.698520728000062 ], [ 22.579198150000025, 32.698764937000078 ], [ 22.579270913000073, 32.699050387000057 ], [ 22.579258270000025, 32.699293956000076 ], [ 22.579196097000079, 32.699609742000064 ], [ 22.579199879000043, 32.699824469000077 ], [ 22.579304739000065, 32.700009286000068 ], [ 22.57947656500005, 32.700150304000033 ], [ 22.579715610000051, 32.700261840000053 ], [ 22.580022123000049, 32.700358206000033 ], [ 22.580244238000034, 32.700469953000038 ], [ 22.580399388000046, 32.700625499000068 ], [ 22.580538365000052, 32.700824204000071 ], [ 22.580813041000056, 32.701035515000058 ], [ 22.581103890000065, 32.701203668000062 ], [ 22.58127597400005, 32.701358999000036 ], [ 22.581282400000077, 32.701403305000042 ], [ 22.581195134000041, 32.701576224000064 ], [ 22.581187550000038, 32.701786321000043 ], [ 22.581208268000069, 32.702000834000046 ], [ 22.581267397000033, 32.702152817000069 ], [ 22.581288032000032, 32.702362558000061 ], [ 22.581207249000045, 32.702583123000068 ], [ 22.581054614000038, 32.702890504000038 ], [ 22.580997163000063, 32.703153731000043 ], [ 22.580984776000037, 32.703411616000039 ], [ 22.580983509000077, 32.703659815000037 ], [ 22.58105518900004, 32.703883231000077 ], [ 22.581092671000079, 32.704087986000047 ], [ 22.581140008000034, 32.704211482000062 ], [ 22.581159970000044, 32.704383049000057 ], [ 22.581201412000041, 32.704492300000027 ], [ 22.581249004000028, 32.704630110000039 ], [ 22.581290698000032, 32.704753675000063 ], [ 22.581310660000042, 32.704925243000048 ], [ 22.581330874000059, 32.705111126000077 ], [ 22.581367852000028, 32.705287251000073 ], [ 22.581460931000038, 32.705443578000029 ], [ 22.58154760900004, 32.705557031000069 ], [ 22.58168979900006, 32.705617283000038 ], [ 22.581848583000067, 32.705658235000044 ], [ 22.581912940000052, 32.70578628800007 ], [ 22.581932398000049, 32.705929225000034 ], [ 22.581981085000052, 32.706129067000063 ], [ 22.582136755000079, 32.706313239000053 ], [ 22.582279619000076, 32.706411664000029 ], [ 22.582456264000029, 32.706504891000066 ], [ 22.582649588000038, 32.706583587000068 ], [ 22.582764151000049, 32.706677596000077 ], [ 22.582861783000055, 32.70677181800005 ], [ 22.582919822000065, 32.706861768000067 ], [ 22.582962785000063, 32.707056909000073 ], [ 22.583039696000071, 32.70725639300008 ], [ 22.583081732000039, 32.707399046000035 ], [ 22.583123261000026, 32.707513067000036 ], [ 22.583187790000068, 32.707650662000049 ], [ 22.583134722000068, 32.707842243000073 ], [ 22.58303784900005, 32.707950852000067 ], [ 22.58296877500004, 32.708035248000044 ], [ 22.582929183000033, 32.708190862000038 ], [ 22.583017004000055, 32.708368731000064 ], [ 22.583089028000074, 32.708451346000061 ], [ 22.58324508100003, 32.708497102000024 ], [ 22.583399869000061, 32.708471284000041 ], [ 22.583663954000031, 32.708241243000032 ], [ 22.583959419000053, 32.70818978300008 ], [ 22.584171911000055, 32.70823482600008 ], [ 22.584342917000072, 32.708328120000033 ], [ 22.584513924000078, 32.708421414000043 ], [ 22.584656711000036, 32.708515065000029 ], [ 22.584828773000027, 32.70866800400006 ], [ 22.584860157000037, 32.70884658600005 ], [ 22.58487827600004, 32.709073062000073 ], [ 22.584839954000074, 32.709300253000038 ], [ 22.584915357000057, 32.709573732000024 ], [ 22.585132073000068, 32.709857358000079 ], [ 22.585135449000063, 32.710048225000037 ], [ 22.585038788000077, 32.710168766000038 ], [ 22.584844620000069, 32.710362130000078 ], [ 22.58455378900004, 32.710676035000063 ], [ 22.584513356000059, 32.710783933000073 ], [ 22.584658045000026, 32.710984946000053 ], [ 22.584815158000026, 32.711090347000038 ], [ 22.585001125000076, 32.711231178000048 ], [ 22.584976912000059, 32.71145819000003 ], [ 22.584967444000029, 32.711720811000077 ], [ 22.584971031000066, 32.711923607000074 ], [ 22.584974407000061, 32.712114474000032 ], [ 22.584979893000025, 32.712424634000058 ], [ 22.585038446000056, 32.712543212000071 ], [ 22.585352256000078, 32.712730154000042 ], [ 22.585452297000074, 32.712800480000055 ], [ 22.585695133000058, 32.712964455000076 ], [ 22.586154276000059, 32.71338819500005 ], [ 22.586213253000039, 32.713530631000026 ], [ 22.586246121000045, 32.713792716000057 ], [ 22.586235600000066, 32.713995691000036 ], [ 22.586140626000031, 32.71421166600004 ], [ 22.586143371000048, 32.714366745000063 ], [ 22.58642685500007, 32.714434750000066 ], [ 22.586795217000031, 32.714513611000029 ], [ 22.587023316000057, 32.714641975000063 ], [ 22.587152850000052, 32.714783517000058 ], [ 22.587239628000077, 32.714901737000048 ], [ 22.587284075000071, 32.715020493000054 ], [ 22.587286822000067, 32.715175572000078 ], [ 22.58724765900007, 32.71535504600007 ], [ 22.587306428000034, 32.715485552000075 ], [ 22.587378885000078, 32.715592021000077 ], [ 22.587436598000068, 32.715662882000061 ], [ 22.58749388800004, 32.715709884000034 ], [ 22.587650167000049, 32.715767564000032 ], [ 22.587910110000053, 32.715882058000034 ] ] ] } },
{ "type": "Feature", "properties": { "obj_type": "Stream", "NAM": "Unknown", "HYP": "Intermittent", "det_method": "Photo-interpretation", "or_src_id": "1", "emsn_id": "EMSN177", "fwc_type": "FLEX", "aoi_id": "1", "name": "Derna", "country": "Libya" }, "geometry": { "type": "MultiLineString", "coordinates": [ [ [ 22.583422090000056, 32.715319898000075 ], [ 22.583587221000073, 32.715878610000061 ], [ 22.583675894000066, 32.71610419600006 ], [ 22.583725187000027, 32.716497324000045 ], [ 22.583827339000038, 32.71668694400006 ], [ 22.583958981000023, 32.716947781000044 ], [ 22.58401880100007, 32.717137935000039 ], [ 22.584194675000049, 32.717505601000028 ], [ 22.58433979800003, 32.717730472000028 ], [ 22.584556955000039, 32.718037956000046 ], [ 22.584685857000068, 32.718143714000064 ], [ 22.584855828000059, 32.718177360000027 ], [ 22.585081612000067, 32.718174505000036 ], [ 22.585337519000063, 32.718278656000052 ], [ 22.585510868000028, 32.718503170000076 ], [ 22.58575604300006, 32.718798365000055 ], [ 22.585957618000066, 32.719022520000067 ], [ 22.586073045000035, 32.719164242000033 ], [ 22.586147193000045, 32.719366145000038 ], [ 22.586263678000023, 32.719567513000072 ], [ 22.586307704000035, 32.719662411000058 ], [ 22.586352573000056, 32.719805025000028 ], [ 22.586382487000037, 32.719900102000054 ], [ 22.586513014000047, 32.720150410000031 ] ] ] } },
{ "type": "Feature", "properties": { "obj_type": "Stream", "NAM": "Unknown", "HYP": "Intermittent", "det_method": "Photo-interpretation", "or_src_id": "1", "emsn_id": "EMSN177", "fwc_type": "FLEX", "aoi_id": "1", "name": "Derna", "country": "Libya" }, "geometry": { "type": "MultiLineString", "coordinates": [ [ [ 22.57334452300006, 32.695018152000046 ], [ 22.573287606000065, 32.695634554000037 ], [ 22.573278212000048, 32.696064221000029 ], [ 22.573351959000036, 32.696406935000027 ], [ 22.573595257000022, 32.696761840000079 ], [ 22.573907783000038, 32.697201786000051 ], [ 22.574068196000042, 32.697657958000036 ], [ 22.574158878000048, 32.69800045900007 ], [ 22.574218213000051, 32.698486537000065 ], [ 22.57432708400006, 32.69890040100006 ], [ 22.574382148000041, 32.699143120000031 ], [ 22.574388936000048, 32.69952962900004 ], [ 22.574428830000045, 32.699872768000034 ], [ 22.574468473000024, 32.700201591000052 ], [ 22.574405779000074, 32.70048874400004 ], [ 22.57424099900004, 32.700748542000042 ], [ 22.574092897000071, 32.700993812000036 ], [ 22.573995836000051, 32.701252760000045 ], [ 22.573747154000046, 32.701556566000079 ], [ 22.573650093000026, 32.701815513000042 ], [ 22.573603321000064, 32.70204519300006 ], [ 22.573708676000024, 32.702258645000029 ], [ 22.57388276000006, 32.702528508000057 ], [ 22.574037400000066, 32.702655431000039 ], [ 22.574211235000064, 32.702910978000034 ], [ 22.574469474000068, 32.703151147000028 ], [ 22.574694104000059, 32.703406056000063 ], [ 22.574833325000043, 32.703619081000056 ], [ 22.574941451000029, 32.703989999000044 ], [ 22.575114284000051, 32.704188284000054 ], [ 22.575321737000024, 32.70442908900003 ], [ 22.575530639000078, 32.704431237000051 ], [ 22.575667767000027, 32.704524969000033 ], [ 22.576053724000076, 32.704644210000026 ], [ 22.576191188000053, 32.704757029000064 ], [ 22.576217120000024, 32.704947613000058 ], [ 22.575916719000077, 32.705199573000073 ], [ 22.575694153000029, 32.705383734000065 ], [ 22.57550595400005, 32.705596101000026 ], [ 22.575316747000045, 32.705751207000048 ], [ 22.57513966700003, 32.705953887000078 ], [ 22.57499561000003, 32.706108425000025 ], [ 22.574988683000072, 32.706356696000057 ], [ 22.575071051000066, 32.706546571000047 ], [ 22.575199242000053, 32.70677405400005 ], [ 22.57522399800007, 32.706897834000074 ], [ 22.575249090000057, 32.707040702000029 ], [ 22.575310057000024, 32.707297665000056 ], [ 22.575300783000046, 32.707412327000043 ], [ 22.575204056000075, 32.70769036300004 ], [ 22.57508123100007, 32.707768271000077 ], [ 22.575004059000037, 32.707874240000024 ], [ 22.574939015000041, 32.708027786000059 ], [ 22.574908338000057, 32.708209536000027 ], [ 22.574910686000067, 32.708343144000025 ], [ 22.575038544000051, 32.708551539000041 ], [ 22.575041730000066, 32.708732864000069 ], [ 22.575067326000067, 32.708904362000055 ], [ 22.575091192000059, 32.709067838000067 ] ] ] } },
{ "type": "Feature", "properties": { "obj_type": "Stream", "NAM": "Unknown", "HYP": "Intermittent", "det_method": "Photo-interpretation", "or_src_id": "1", "emsn_id": "EMSN177", "fwc_type": "FLEX", "aoi_id": "1", "name": "Derna", "country": "Libya" }, "geometry": { "type": "MultiLineString", "coordinates": [ [ [ 22.569278429000065, 32.682518379000044 ], [ 22.569623026000045, 32.682860095000024 ], [ 22.569980269000041, 32.683118127000057 ], [ 22.570353709000074, 32.683495274000052 ], [ 22.570582540000032, 32.68367138900004 ], [ 22.57091157800005, 32.683929771000066 ], [ 22.571156398000028, 32.684213072000034 ], [ 22.571328807000043, 32.68438989200007 ], [ 22.571518249000064, 32.684733545000029 ], [ 22.571663284000067, 32.684958434000066 ], [ 22.571949801000073, 32.685205415000041 ], [ 22.572306225000034, 32.685415723000062 ], [ 22.572634227000037, 32.685614454000074 ], [ 22.572933810000052, 32.685801608000077 ], [ 22.573134648000064, 32.68599 ], [ 22.573336533000031, 32.686238039000045 ], [ 22.573480737000068, 32.686415209000074 ], [ 22.57370895400004, 32.686555529000032 ], [ 22.573951697000041, 32.686719530000062 ], [ 22.574177827000028, 32.686891684000045 ] ] ] } },
{ "type": "Feature", "properties": { "obj_type": "Stream", "NAM": "Unknown", "HYP": "Intermittent", "det_method": "Photo-interpretation", "or_src_id": "1", "emsn_id": "EMSN177", "fwc_type": "FLEX", "aoi_id": "1", "name": "Derna", "country": "Libya" }, "geometry": { "type": "MultiLineString", "coordinates": [ [ [ 22.554599119000045, 32.677539386000035 ], [ 22.554816693000078, 32.677882718000035 ], [ 22.555033856000023, 32.678202190000036 ], [ 22.555083823000075, 32.678643054000077 ], [ 22.555089198000076, 32.678953220000039 ], [ 22.555194967000034, 32.679357597000035 ], [ 22.555356746000029, 32.679737415000034 ], [ 22.555405061000044, 32.680082844000026 ], [ 22.555424543000072, 32.680392834000031 ], [ 22.555416435000041, 32.680738962000078 ], [ 22.555422226000076, 32.68107298700005 ], [ 22.555427811000072, 32.681395081000062 ], [ 22.555476540000029, 32.681764369000064 ], [ 22.55559538600005, 32.682108922000054 ], [ 22.555684367000026, 32.682358390000047 ], [ 22.555637082000032, 32.682565460000035 ] ] ] } },
{ "type": "Feature", "properties": { "obj_type": "Stream", "NAM": "Unknown", "HYP": "Intermittent", "det_method": "Photo-interpretation", "or_src_id": "1", "emsn_id": "EMSN177", "fwc_type": "FLEX", "aoi_id": "1", "name": "Derna", "country": "Libya" }, "geometry": { "type": "MultiLineString", "coordinates": [ [ [ 22.516482564000057, 32.672951522000062 ], [ 22.516420183000037, 32.673267284000076 ], [ 22.516190476000077, 32.673699616000079 ], [ 22.516061840000077, 32.67410208900003 ], [ 22.516001149000033, 32.674518060000025 ], [ 22.515788607000047, 32.674964501000034 ], [ 22.515589360000035, 32.675196005000032 ], [ 22.515474987000061, 32.675440802000026 ], [ 22.515563003000068, 32.675640198000053 ], [ 22.515532777000033, 32.675855340000055 ], [ 22.515419611000027, 32.676171715000066 ], [ 22.51545926600005, 32.67651488000007 ], [ 22.51558258700004, 32.676799761000041 ], [ 22.515789574000053, 32.677026356000056 ], [ 22.515994871000032, 32.677152742000033 ], [ 22.516215642000077, 32.67719302900008 ], [ 22.516691764000029, 32.677316141000063 ], [ 22.516697088000058, 32.677631083000051 ], [ 22.516800100000069, 32.677715749000072 ], [ 22.517088580000063, 32.677755216000037 ], [ 22.51727719400003, 32.677896120000071 ], [ 22.517585265000037, 32.678092852000077 ], [ 22.51772455300005, 32.678320264000035 ], [ 22.517949445000056, 32.678603913000074 ], [ 22.518256551000036, 32.678743381000061 ], [ 22.518650231000038, 32.678996349000045 ], [ 22.518688204000057, 32.679239303000031 ], [ 22.518574077000039, 32.679498418000037 ], [ 22.518493802000023, 32.679757123000059 ], [ 22.518497436000075, 32.679971857000055 ], [ 22.518687270000044, 32.680184336000025 ], [ 22.518775782000034, 32.680412360000048 ], [ 22.518745563000039, 32.680627503000039 ], [ 22.518512216000033, 32.680845106000049 ], [ 22.518363989000022, 32.681090314000073 ], [ 22.51850691900006, 32.681532458000049 ], [ 22.518564487000049, 32.681932679000056 ], [ 22.51861890400005, 32.68214679700003 ], [ 22.518717864000052, 32.682533441000032 ] ] ] } },
{ "type": "Feature", "properties": { "obj_type": "Stream", "NAM": "Unknown", "HYP": "Intermittent", "det_method": "Photo-interpretation", "or_src_id": "1", "emsn_id": "EMSN177", "fwc_type": "FLEX", "aoi_id": "1", "name": "Derna", "country": "Libya" }, "geometry": { "type": "MultiLineString", "coordinates": [ [ [ 22.513968792000071, 32.664433717000065 ], [ 22.51347578900004, 32.665313096000034 ], [ 22.513013487000023, 32.666005962000042 ], [ 22.512683440000046, 32.666511091000075 ], [ 22.512403439000025, 32.666972659000066 ], [ 22.512154151000061, 32.667247716000077 ], [ 22.511768738000058, 32.667481458000054 ], [ 22.511217450000061, 32.667917655000053 ], [ 22.51081775800003, 32.668309070000078 ], [ 22.510518891000061, 32.668656313000042 ], [ 22.510267905000035, 32.668831157000056 ], [ 22.509780931000023, 32.669066114000032 ], [ 22.509359248000067, 32.669157099000074 ], [ 22.509004301000061, 32.669190006000065 ], [ 22.508699648000061, 32.669193670000027 ], [ 22.508430770000075, 32.669311452000045 ], [ 22.508197666000058, 32.669543350000026 ], [ 22.507998171000054, 32.669760527000051 ], [ 22.507714531000033, 32.670007351000038 ], [ 22.507497146000048, 32.670167468000045 ], [ 22.507179503000032, 32.670351567000068 ] ] ] } },
{ "type": "Feature", "properties": { "obj_type": "Stream", "NAM": "Unknown", "HYP": "Intermittent", "det_method": "Photo-interpretation", "or_src_id": "1", "emsn_id": "EMSN177", "fwc_type": "FLEX", "aoi_id": "1", "name": "Derna", "country": "Libya" }, "geometry": { "type": "MultiLineString", "coordinates": [ [ [ 22.510646826000027, 32.664187385000048 ], [ 22.510089531000062, 32.664265687000068 ], [ 22.509535847000052, 32.664558720000059 ], [ 22.509034856000028, 32.664965666000057 ], [ 22.508649685000023, 32.665213713000071 ], [ 22.508298603000071, 32.665475668000056 ], [ 22.507862895000073, 32.66573863900004 ], [ 22.507527289000052, 32.665914494000049 ], [ 22.507106340000064, 32.666048418000059 ], [ 22.506670385000064, 32.666297070000041 ], [ 22.50642035900006, 32.666529169000057 ], [ 22.506270920000077, 32.66670278600003 ], [ 22.506138645000078, 32.666890514000045 ], [ 22.505934128000035, 32.667051522000065 ] ] ] } },
{ "type": "Feature", "properties": { "obj_type": "Stream", "NAM": "Unknown", "HYP": "Intermittent", "det_method": "Photo-interpretation", "or_src_id": "1", "emsn_id": "EMSN177", "fwc_type": "FLEX", "aoi_id": "1", "name": "Derna", "country": "Libya" }, "geometry": { "type": "MultiLineString", "coordinates": [ [ [ 22.507199121000042, 32.659475081000039 ], [ 22.507109836000041, 32.660206401000039 ], [ 22.50691828600003, 32.660895993000054 ], [ 22.506857799000045, 32.661326277000057 ], [ 22.506695770000078, 32.661757779000027 ], [ 22.506497249000063, 32.662032216000057 ], [ 22.506300647000046, 32.662421177000056 ], [ 22.506237995000049, 32.662722619000078 ], [ 22.506243519000066, 32.663051880000069 ], [ 22.506432325000048, 32.663207118000059 ], [ 22.506673106000051, 32.663433324000039 ], [ 22.506664110000031, 32.663905945000067 ], [ 22.506549966000023, 32.664165049000076 ], [ 22.506451542000036, 32.664352373000042 ], [ 22.506337156000029, 32.664597161000074 ], [ 22.506190122000078, 32.664913935000072 ], [ 22.506143912000027, 32.665186543000061 ], [ 22.506199009000056, 32.665443615000072 ], [ 22.50628699400005, 32.665643019000072 ], [ 22.506408348000036, 32.665813385000035 ], [ 22.506563312000026, 32.665969028000063 ], [ 22.50688836300003, 32.66617274400005 ] ] ] } },
{ "type": "Feature", "properties": { "obj_type": "Stream", "NAM": "Unknown", "HYP": "Intermittent", "det_method": "Photo-interpretation", "or_src_id": "1", "emsn_id": "EMSN177", "fwc_type": "FLEX", "aoi_id": "1", "name": "Derna", "country": "Libya" }, "geometry": { "type": "MultiLineString", "coordinates": [ [ [ 22.527679104000072, 32.653841271000033 ], [ 22.527082774000064, 32.653609886000027 ], [ 22.526654652000047, 32.653316792000055 ], [ 22.526141518000031, 32.65300086700006 ], [ 22.525627172000043, 32.652613361000078 ], [ 22.525295745000051, 32.652199766000024 ], [ 22.525037056000031, 32.65191653800008 ], [ 22.524637760000076, 32.651658883000039 ], [ 22.524424011000065, 32.651530227000023 ], [ 22.524279353000054, 32.651317206000044 ], [ 22.524176797000052, 32.651091741000073 ], [ 22.524172344000078, 32.650829289000058 ], [ 22.524376579000034, 32.650171151000052 ] ] ] } },
{ "type": "Feature", "properties": { "obj_type": "Stream", "NAM": "Unknown", "HYP": "Intermittent", "det_method": "Photo-interpretation", "or_src_id": "1", "emsn_id": "EMSN177", "fwc_type": "FLEX", "aoi_id": "1", "name": "Derna", "country": "Libya" }, "geometry": { "type": "MultiLineString", "coordinates": [ [ [ 22.540188325000031, 32.65292471600003 ], [ 22.539739734000023, 32.65308533700005 ], [ 22.539334675000077, 32.653317016000074 ], [ 22.539000324000028, 32.653559759000075 ], [ 22.538837441000055, 32.65393165100005 ], [ 22.53863388700006, 32.654399497000043 ], [ 22.538385980000044, 32.65474856700007 ], [ 22.538251296000055, 32.655120113000066 ], [ 22.53806081700003, 32.655528138000079 ], [ 22.537952087000065, 32.655768112000032 ], [ 22.537945136000076, 32.656185820000076 ], [ 22.537993572000062, 32.656543189000047 ], [ 22.538068373000044, 32.65679284600003 ], [ 22.538143787000024, 32.657078292000051 ], [ 22.538148487000058, 32.657352671000069 ], [ 22.53818139200007, 32.657626705000041 ], [ 22.538271114000054, 32.657923908000043 ], [ 22.538273362000041, 32.658055133000062 ], [ 22.538366300000064, 32.658219 ] ] ] } },
{ "type": "Feature", "properties": { "obj_type": "Stream", "NAM": "Unknown", "HYP": "Intermittent", "det_method": "Photo-interpretation", "or_src_id": "1", "emsn_id": "EMSN177", "fwc_type": "FLEX", "aoi_id": "1", "name": "Derna", "country": "Libya" }, "geometry": { "type": "MultiLineString", "coordinates": [ [ [ 22.53059617100007, 32.653895565000028 ], [ 22.531095698000058, 32.654404939000074 ], [ 22.531320812000047, 32.654702881000048 ], [ 22.531480680000072, 32.655144804000031 ], [ 22.531486295000036, 32.655474061000064 ], [ 22.531559843000025, 32.655816808000054 ], [ 22.531718983000076, 32.65621578400004 ], [ 22.531961026000033, 32.656513518000054 ], [ 22.532218041000078, 32.656696521000072 ], [ 22.532474811000043, 32.656865208000056 ], [ 22.532784306000053, 32.65714779700005 ], [ 22.533144081000046, 32.657401136000033 ], [ 22.533417534000023, 32.657555298000034 ], [ 22.533638997000025, 32.657638502000054 ], [ 22.534026216000029, 32.657824920000053 ] ] ] } },
{ "type": "Feature", "properties": { "obj_type": "Stream", "NAM": "Unknown", "HYP": "Intermittent", "det_method": "Photo-interpretation", "or_src_id": "1", "emsn_id": "EMSN177", "fwc_type": "FLEX", "aoi_id": "1", "name": "Derna", "country": "Libya" }, "geometry": { "type": "MultiLineString", "coordinates": [ [ [ 22.545949287000042, 32.658904976000031 ], [ 22.546463631000051, 32.659285237000063 ], [ 22.546738838000067, 32.659539577000032 ], [ 22.546743031000062, 32.659782939000024 ], [ 22.54669891900005, 32.660170081000047 ], [ 22.546454194000034, 32.660702881000077 ], [ 22.546477282000069, 32.661060558000031 ], [ 22.546330150000074, 32.661363059000053 ], [ 22.546216863000041, 32.66166514300005 ], [ 22.546119266000062, 32.661895440000023 ], [ 22.545975592000048, 32.662205848000042 ] ] ] } },
{ "type": "Feature", "properties": { "obj_type": "Stream", "NAM": "Unknown", "HYP": "Intermittent", "det_method": "Photo-interpretation", "or_src_id": "1", "emsn_id": "EMSN177", "fwc_type": "FLEX", "aoi_id": "1", "name": "Derna", "country": "Libya" }, "geometry": { "type": "MultiLineString", "coordinates": [ [ [ 22.555883296000047, 32.664171058000079 ], [ 22.556312803000026, 32.664535624000052 ], [ 22.556587384000068, 32.664914042000078 ], [ 22.556957174000047, 32.66508843400004 ], [ 22.557341068000028, 32.665262650000045 ], [ 22.557697378000057, 32.665473003000045 ], [ 22.557956621000073, 32.665780017000031 ], [ 22.558215246000032, 32.666051242000037 ], [ 22.558502493000049, 32.66634597500007 ], [ 22.55878870600003, 32.666581060000055 ], [ 22.559075542000073, 32.666851932000043 ], [ 22.55936196600004, 32.667098944000031 ], [ 22.559604215000036, 32.667239117000065 ], [ 22.559843977000071, 32.667236136000042 ], [ 22.560124185000063, 32.667125265000038 ], [ 22.56057467100004, 32.667071934000035 ], [ 22.560941572000047, 32.667079302000047 ], [ 22.561240030000079, 32.667206840000063 ], [ 22.561466311000061, 32.667239821000067 ], [ 22.561691554000049, 32.667213153000034 ], [ 22.561985654000068, 32.66709017200003 ], [ 22.562395282000068, 32.66712086800004 ], [ 22.563006099000063, 32.667363832000035 ], [ 22.563502844000027, 32.667536623000046 ], [ 22.563576687000023, 32.66772661400006 ], [ 22.563497468000037, 32.668037834000074 ], [ 22.563585623000051, 32.668239579000044 ], [ 22.563745960000062, 32.668535881000025 ], [ 22.563721284000053, 32.668739032000076 ], [ 22.563782480000043, 32.669012705000057 ], [ 22.563969781000026, 32.669237079000027 ], [ 22.564210795000065, 32.669305666000071 ], [ 22.564380666000034, 32.669339344000036 ], [ 22.564467368000066, 32.669457582000064 ], [ 22.564485632000071, 32.669695995000041 ], [ 22.564574207000078, 32.66992159800003 ], [ 22.564789303000055, 32.67012175900004 ], [ 22.564947360000076, 32.670286836000059 ], [ 22.565162874000066, 32.670510855000032 ], [ 22.565307868000048, 32.670735754000077 ], [ 22.565437718000055, 32.67090118200008 ], [ 22.565614754000023, 32.671154750000028 ] ] ] } },
{ "type": "Feature", "properties": { "obj_type": "Stream", "NAM": "Unknown", "HYP": "Intermittent", "det_method": "Photo-interpretation", "or_src_id": "1", "emsn_id": "EMSN177", "fwc_type": "FLEX", "aoi_id": "1", "name": "Derna", "country": "Libya" }, "geometry": { "type": "MultiLineString", "coordinates": [ [ [ 22.558157751000067, 32.667615049000062 ], [ 22.558615906000057, 32.668003116000079 ], [ 22.558763573000078, 32.668383105000032 ], [ 22.55891144800006, 32.66877502400007 ], [ 22.559074051000039, 32.669202556000073 ], [ 22.559234375000074, 32.669498864000047 ], [ 22.559464392000052, 32.669746577000069 ], [ 22.559791479000069, 32.669897626000079 ], [ 22.560314575000064, 32.669962715000054 ], [ 22.560894708000035, 32.670062886000039 ], [ 22.561488741000062, 32.67015095000005 ], [ 22.561971808000067, 32.670347781000032 ], [ 22.562132767000037, 32.67067987300004 ], [ 22.562193129000036, 32.670905829000048 ], [ 22.562381053000024, 32.671165992000056 ], [ 22.562428142000044, 32.671439842000041 ], [ 22.56260175500006, 32.671688252000024 ], [ 22.562741925000068, 32.671931545000064 ] ] ] } },
{ "type": "Feature", "properties": { "obj_type": "Stream", "NAM": "Unknown", "HYP": "Intermittent", "det_method": "Photo-interpretation", "or_src_id": "1", "emsn_id": "EMSN177", "fwc_type": "FLEX", "aoi_id": "1", "name": "Derna", "country": "Libya" }, "geometry": { "type": "MultiLineString", "coordinates": [ [ [ 22.580204934000051, 32.675694855000074 ], [ 22.580212280000069, 32.675150666000036 ], [ 22.580067641000028, 32.674820303000047 ], [ 22.579815871000051, 32.674623017000044 ], [ 22.579462379000063, 32.674417466000079 ], [ 22.579164804000072, 32.674182573000053 ], [ 22.57886437600007, 32.673785441000064 ], [ 22.578778843000066, 32.673414240000056 ], [ 22.578806482000061, 32.673060706000058 ], [ 22.579025436000052, 32.672676128000035 ], [ 22.579311921000055, 32.672281155000064 ], [ 22.579556294000042, 32.672058529000026 ], [ 22.579744248000054, 32.671836615000075 ], [ 22.579818360000047, 32.671558861000051 ], [ 22.579938780000077, 32.671347342000047 ], [ 22.58005668100003, 32.670992671000079 ], [ 22.580075047000037, 32.670753801000046 ], [ 22.580091902000049, 32.670429039000055 ], [ 22.580155232000038, 32.670180057000039 ], [ 22.580039544000044, 32.670019240000045 ], [ 22.579925369000023, 32.66994431300003 ], [ 22.579626463000068, 32.669633073000057 ], [ 22.579520381000066, 32.669376679000038 ], [ 22.579391733000023, 32.669120568000039 ], [ 22.579228061000038, 32.668798079000055 ], [ 22.579098240000064, 32.668475164000029 ], [ 22.578902904000074, 32.668277165000063 ], [ 22.578653337000048, 32.668203941000058 ], [ 22.578618146000053, 32.668128019000051 ], [ 22.578729296000063, 32.668031165000059 ], [ 22.578805423000063, 32.667867932000036 ], [ 22.57864410600007, 32.667679050000061 ], [ 22.578581985000028, 32.667355283000063 ], [ 22.578544948000058, 32.667174384000077 ], [ 22.578384136000068, 32.66701413100003 ], [ 22.578167245000031, 32.66687367600008 ], [ 22.577838368000073, 32.666782357000045 ], [ 22.577532223000048, 32.666700296000045 ], [ 22.57728316400005, 32.666655700000035 ], [ 22.577149, 32.666653800000063 ] ] ] } },
{ "type": "Feature", "properties": { "obj_type": "Stream", "NAM": "Unknown", "HYP": "Intermittent", "det_method": "Photo-interpretation", "or_src_id": "1", "emsn_id": "EMSN177", "fwc_type": "FLEX", "aoi_id": "1", "name": "Derna", "country": "Libya" }, "geometry": { "type": "MultiLineString", "coordinates": [ [ [ 22.566459237000061, 32.662075557000037 ], [ 22.566792917000043, 32.662443669000027 ], [ 22.567045958000051, 32.662717331000067 ], [ 22.567423106000035, 32.662989443000072 ], [ 22.567824821000045, 32.663375794000046 ], [ 22.568169294000029, 32.663715130000071 ], [ 22.568366764000075, 32.664037212000039 ], [ 22.568496207000067, 32.664341053000044 ], [ 22.56862598400005, 32.664663981000047 ], [ 22.568786609000028, 32.664814702000058 ], [ 22.568981248000057, 32.664974544000074 ], [ 22.569132258000025, 32.665220840000075 ], [ 22.569190172000049, 32.665306026000053 ], [ 22.569586899000058, 32.66540606600006 ], [ 22.569927882000059, 32.665544983000075 ], [ 22.570303549000073, 32.665731194000045 ], [ 22.570597733000056, 32.665775240000073 ], [ 22.570822384000053, 32.665715154000054 ], [ 22.570992459000024, 32.665760753000029 ], [ 22.571210672000063, 32.665977569000063 ], [ 22.571380914000031, 32.666032710000025 ], [ 22.571562608000022, 32.666097253000032 ], [ 22.571779319000029, 32.666228176000061 ], [ 22.571914711000034, 32.666226480000034 ], [ 22.572253026000055, 32.666212696000059 ], [ 22.572557993000032, 32.666227965000076 ], [ 22.572943445000078, 32.666328135000072 ], [ 22.573114861000079, 32.666450078000025 ], [ 22.573085361000039, 32.666698634000056 ], [ 22.573088539000025, 32.666879959000028 ], [ 22.573182480000071, 32.667088785000033 ], [ 22.573319548000029, 32.667182522000076 ], [ 22.573535928000069, 32.667294355000024 ], [ 22.573695896000061, 32.667406896000045 ], [ 22.573810733000073, 32.66752000200006 ], [ 22.573845586000061, 32.667576838000059 ], [ 22.573869248000051, 32.667752248000056 ], [ 22.573874106000062, 32.667788266000059 ] ] ] } },
{ "type": "Feature", "properties": { "obj_type": "Stream", "NAM": "Unknown", "HYP": "Intermittent", "det_method": "Photo-interpretation", "or_src_id": "1", "emsn_id": "EMSN177", "fwc_type": "FLEX", "aoi_id": "1", "name": "Derna", "country": "Libya" }, "geometry": { "type": "MultiLineString", "coordinates": [ [ [ 22.566156464000073, 32.642168772000048 ], [ 22.566504422000037, 32.64271330400004 ], [ 22.566579705000038, 32.642986801000063 ], [ 22.566374239000027, 32.643335394000076 ], [ 22.566194061000033, 32.643516623000039 ], [ 22.566127513000026, 32.643744163000065 ], [ 22.566093114000068, 32.644198009000036 ], [ 22.565720107000061, 32.644644148000054 ], [ 22.56537425700003, 32.645030287000054 ], [ 22.565159254000037, 32.645641502000046 ], [ 22.565003144000059, 32.646395166000048 ], [ 22.565210941000032, 32.64698917700008 ], [ 22.565858768000055, 32.647744746000058 ], [ 22.566488762000063, 32.648285757000053 ], [ 22.56712953400006, 32.648635719000026 ], [ 22.567682999000056, 32.648831651000023 ], [ 22.568305305000024, 32.648931264000055 ], [ 22.56878597900004, 32.648996849000071 ], [ 22.569197192000047, 32.649122960000057 ], [ 22.569287007000071, 32.64942013700005 ], [ 22.569194762000052, 32.649791183000048 ], [ 22.569159962000072, 32.650221171000055 ], [ 22.569306390000065, 32.650529572000039 ], [ 22.569930376000059, 32.650724612000033 ], [ 22.570343476000062, 32.650958084000024 ], [ 22.570659122000052, 32.651264366000078 ], [ 22.570862171000044, 32.651583989000073 ], [ 22.571051953000051, 32.651951506000046 ], [ 22.571437486000036, 32.652221115000032 ], [ 22.572077886000045, 32.652547191000053 ], [ 22.572520456000063, 32.652851878000035 ], [ 22.572795066000026, 32.653230261000033 ], [ 22.573013063000076, 32.653597421000029 ], [ 22.573019750000071, 32.653979161000052 ], [ 22.572954466000056, 32.654278279000039 ], [ 22.572749677000047, 32.654837275000034 ] ] ] } },
{ "type": "Feature", "properties": { "obj_type": "Stream", "NAM": "Unknown", "HYP": "Intermittent", "det_method": null, "or_src_id": null, "emsn_id": "EMSN177", "fwc_type": "FLEX", "aoi_id": "1", "name": "Derna", "country": "Libya" }, "geometry": { "type": "MultiLineString", "coordinates": [ [ [ 22.641824041000064, 32.740218506000076 ], [ 22.641813710000065, 32.740886816000057 ], [ 22.641880234000041, 32.742050477000078 ], [ 22.641963042000043, 32.742870291000031 ], [ 22.642131635000055, 32.743440802000066 ], [ 22.642565286000035, 32.743683297000075 ], [ 22.643000693000033, 32.744021221000025 ], [ 22.643593141000053, 32.744299812000065 ], [ 22.643936814000028, 32.744562573000053 ], [ 22.644335692000027, 32.744832961000043 ] ] ] } },
{ "type": "Feature", "properties": { "obj_type": "Stream", "NAM": "Unknown", "HYP": "Intermittent", "det_method": null, "or_src_id": null, "emsn_id": "EMSN177", "fwc_type": "FLEX", "aoi_id": "1", "name": "Derna", "country": "Libya" }, "geometry": { "type": "MultiLineString", "coordinates": [ [ [ 22.648617116000025, 32.738659343000052 ], [ 22.648923701000058, 32.739361664000057 ], [ 22.649297690000026, 32.740044007000051 ], [ 22.649400332000027, 32.740710828000033 ], [ 22.649478282000075, 32.741263432000039 ], [ 22.649691383000061, 32.741795165000042 ], [ 22.649742531000072, 32.742119033000051 ], [ 22.649778051000055, 32.742284415000029 ] ] ] } },
{ "type": "Feature", "properties": { "obj_type": "Stream", "NAM": "Unknown", "HYP": "Intermittent", "det_method": null, "or_src_id": null, "emsn_id": "EMSN177", "fwc_type": "FLEX", "aoi_id": "1", "name": "Derna", "country": "Libya" }, "geometry": { "type": "MultiLineString", "coordinates": [ [ [ 22.644915898000022, 32.739989441000034 ], [ 22.644990663000044, 32.740370273000053 ], [ 22.645092221000027, 32.740979841000069 ], [ 22.645146860000068, 32.741494572000079 ], [ 22.645494737000035, 32.741986362000034 ], [ 22.645705009000039, 32.742365414000062 ], [ 22.645800258000065, 32.742631433000042 ], [ 22.646080778000055, 32.742991664000044 ] ] ] } },
{ "type": "Feature", "properties": { "obj_type": "Stream", "NAM": "Unknown", "HYP": "Intermittent", "det_method": null, "or_src_id": null, "emsn_id": "EMSN177", "fwc_type": "FLEX", "aoi_id": "1", "name": "Derna", "country": "Libya" }, "geometry": { "type": "MultiLineString", "coordinates": [ [ [ 22.647095826000054, 32.740609891000076 ], [ 22.647080267000035, 32.740991909000059 ], [ 22.646999766000079, 32.741527505000079 ], [ 22.647006791000024, 32.741909227000065 ], [ 22.647104150000075, 32.742289760000062 ], [ 22.647129895000035, 32.742461237000043 ], [ 22.647285651000061, 32.742639358000076 ] ] ] } }
]
}
